frame,t,ms,fps,draws,uniforms,lookups,vao,tex,dcTerrain,dcObjects,dcHUD,camx,camy,camz,yaw,phase
1,0.000,23.282,43.0,16041,68768,58,16002,11951,0,0,43,30.00,16.50,18.00,0.0,boot
2,0.023,8.956,111.7,16062,68858,0,16023,11963,0,0,43,30.00,16.50,18.00,0.6,boot
3,0.032,16.027,62.4,16073,68911,0,16034,11972,0,0,43,30.00,16.50,18.00,0.8,boot
4,0.048,8.100,123.5,16068,68889,0,16029,11967,0,0,43,30.00,16.50,18.00,1.2,boot
5,0.056,8.206,121.9,16072,68909,0,16033,11971,0,0,43,30.00,16.50,18.00,1.4,boot
6,0.065,8.446,118.4,16088,68950,0,16049,11975,0,0,43,30.00,16.50,18.00,1.6,boot
7,0.073,8.411,118.9,16094,68980,0,16055,11981,0,0,43,30.00,16.50,18.00,1.8,boot
8,0.082,10.358,96.5,16095,68985,0,16056,11982,0,0,43,30.00,16.50,18.00,2.0,boot
9,0.092,10.331,96.8,16101,69003,0,16062,11982,0,0,43,30.00,16.50,18.00,2.2,boot
10,0.102,10.201,98.0,16103,69014,0,16064,11985,0,0,43,30.00,16.50,18.00,2.5,boot
11,0.112,10.630,94.1,16113,69066,0,16074,11994,0,0,43,30.00,16.50,18.00,2.7,boot
12,0.123,10.895,91.8,16113,69064,0,16074,11992,0,0,43,30.00,16.50,18.00,3.0,boot
13,0.134,9.981,100.2,16113,69064,0,16074,11992,0,0,43,30.00,16.50,18.00,3.2,boot
14,0.144,10.552,94.8,16122,69108,0,16083,12000,0,0,43,30.00,16.50,18.00,3.5,boot
15,0.155,10.811,92.5,16125,69138,0,16086,12006,0,0,43,30.00,16.50,18.00,3.7,boot
16,0.165,10.965,91.2,16120,69117,0,16081,12002,0,0,43,30.00,16.50,18.00,4.0,boot
17,0.176,10.372,96.4,16127,69146,0,16088,12006,0,0,43,30.00,16.50,18.00,4.2,boot
18,0.187,9.814,101.9,16127,69146,0,16088,12006,0,0,43,30.00,16.50,18.00,4.5,boot
19,0.197,10.320,96.9,16121,69111,0,16082,11998,0,0,43,30.00,16.50,18.00,4.7,boot
20,0.207,10.636,94.0,16132,69162,0,16093,12008,0,0,43,30.00,16.50,18.00,5.0,boot
21,0.218,9.943,100.6,16156,69264,0,16117,12023,0,0,43,30.00,16.50,18.00,5.2,boot
22,0.228,10.837,92.3,16153,69250,0,16114,12021,0,0,43,30.00,16.50,18.00,5.5,boot
23,0.238,10.370,96.4,16137,69169,0,16098,12004,0,0,43,30.00,16.50,18.00,5.7,boot
24,0.249,11.105,90.0,16160,69278,0,16121,12027,0,0,43,30.00,16.50,18.00,6.0,boot
25,0.260,10.524,95.0,16206,69487,0,16167,12067,0,0,43,30.00,16.50,18.00,6.2,boot
26,0.270,9.865,101.4,16183,69371,0,16144,12043,0,0,43,30.00,16.50,18.00,6.5,boot
27,0.280,11.288,88.6,16161,69260,0,16122,12020,0,0,43,30.00,16.50,18.00,6.7,boot
28,0.292,10.543,94.9,16165,69278,0,16126,12022,0,0,43,30.00,16.50,18.00,7.0,boot
29,0.302,9.922,100.8,16192,69412,0,16153,12048,0,0,43,30.00,16.50,18.00,7.3,boot
30,0.312,9.880,101.2,16194,69419,0,16155,12050,0,0,43,30.00,16.50,18.00,7.5,boot
31,0.322,10.650,93.9,16183,69364,0,16144,12039,0,0,43,30.00,16.50,18.00,7.7,boot
32,0.333,10.027,99.7,16192,69406,0,16153,12048,0,0,43,30.00,16.50,18.00,8.0,boot
33,0.343,10.037,99.6,16204,69462,0,16165,12056,0,0,43,30.00,16.50,18.00,8.2,boot
34,0.353,9.987,100.1,16207,69478,0,16168,12060,0,0,43,30.00,16.50,18.00,8.5,boot
35,0.363,9.972,100.3,16203,69457,0,16164,12055,0,0,43,30.00,16.50,18.00,8.7,boot
36,0.373,12.213,81.9,16215,69514,0,16176,12067,0,0,43,30.00,16.50,18.00,8.9,boot
37,0.385,8.584,116.5,16215,69513,0,16176,12066,0,0,43,30.00,16.50,18.00,9.2,boot
38,0.394,9.599,104.2,16217,69523,0,16178,12068,0,0,43,30.00,16.50,18.00,9.4,boot
39,0.403,9.670,103.4,16224,69556,0,16185,12073,0,0,43,30.00,16.50,18.00,9.7,boot
40,0.413,10.660,93.8,16219,69550,0,16180,12072,0,0,43,30.00,16.50,18.00,9.9,boot
41,0.424,8.537,117.1,16225,69578,0,16186,12076,0,0,43,30.00,16.50,18.00,10.2,boot
42,0.432,9.200,108.7,16229,69597,0,16190,12079,0,0,43,30.00,16.50,18.00,10.4,boot
43,0.441,9.163,109.1,16231,69608,0,16192,12082,0,0,43,30.00,16.50,18.00,10.6,boot
44,0.451,9.015,110.9,16233,69616,0,16194,12088,0,0,43,30.00,16.50,18.00,10.8,boot
45,0.460,9.322,107.3,16235,69624,0,16196,12088,0,0,43,30.00,16.50,18.00,11.0,boot
46,0.469,9.337,107.1,16239,69641,0,16200,12089,0,0,43,30.00,16.50,18.00,11.3,boot
47,0.478,13.940,71.7,16245,69668,0,16206,12092,0,0,43,30.00,16.50,18.00,11.5,boot
48,0.492,9.591,104.3,16248,69676,0,16209,12094,0,0,43,30.00,16.50,18.00,11.8,boot
49,0.502,8.128,123.0,16249,69674,0,16210,12094,0,0,43,30.00,16.50,18.00,12.0,boot
50,0.510,8.554,116.9,16256,69708,0,16217,12100,0,0,43,30.00,16.50,18.00,12.2,boot
51,0.519,8.133,123.0,16257,69712,0,16218,12100,0,0,43,30.00,16.50,18.00,12.4,boot
52,0.527,8.622,116.0,16264,69744,0,16225,12107,0,0,43,30.00,16.50,18.00,12.6,boot
53,0.535,8.331,120.0,16262,69733,0,16223,12104,0,0,43,30.00,16.50,18.00,12.8,boot
54,0.544,9.207,108.6,16260,69717,0,16221,12102,0,0,43,30.00,16.50,18.00,13.0,boot
55,0.553,8.781,113.9,16269,69764,0,16230,12110,0,0,43,30.00,16.50,18.00,13.3,boot
56,0.562,9.194,108.8,16277,69800,0,16238,12117,0,0,43,30.00,16.50,18.00,13.5,boot
57,0.571,11.768,85.0,16277,69800,0,16238,12117,0,0,43,30.00,16.50,18.00,13.7,boot
58,0.583,11.635,85.9,16283,69827,0,16244,12120,0,0,43,30.00,16.50,18.00,14.0,boot
59,0.594,8.261,121.1,16292,69854,0,16253,12123,0,0,43,30.00,16.50,18.00,14.3,boot
60,0.603,8.081,123.7,16296,69872,0,16257,12125,0,0,43,30.00,16.50,18.00,14.5,boot
61,0.611,8.544,117.0,16299,69883,0,16260,12127,0,0,43,30.00,16.50,18.00,14.7,boot
62,0.619,10.076,99.2,16305,69918,0,16266,12132,0,0,43,30.00,16.50,18.00,14.9,boot
63,0.629,8.689,115.1,16311,69950,0,16272,12137,0,0,43,30.00,16.50,18.00,15.1,boot
64,0.638,8.486,117.8,16315,69975,0,16276,12140,0,0,43,30.00,16.50,18.00,15.3,boot
65,0.647,8.731,114.5,16317,69988,0,16278,12142,0,0,43,30.00,16.50,18.00,15.5,boot
66,0.655,8.866,112.8,16318,69993,0,16279,12143,0,0,43,30.00,16.50,18.00,15.7,boot
67,0.664,9.293,107.6,16322,70014,0,16283,12145,0,0,43,30.00,16.50,18.00,15.9,boot
68,0.673,8.414,118.9,16327,70040,0,16288,12148,0,0,43,30.00,16.50,18.00,16.2,boot
69,0.682,8.644,115.7,16327,70040,0,16288,12148,0,0,43,30.00,16.50,18.00,16.4,boot
70,0.691,9.359,106.9,16334,70071,0,16295,12154,0,0,43,30.00,16.50,18.00,16.6,boot
71,0.700,8.449,118.4,16336,70082,0,16297,12154,0,0,43,30.00,16.50,18.00,16.8,boot
72,0.708,12.082,82.8,16334,70076,0,16295,12150,0,0,43,30.00,16.50,18.00,17.0,boot
73,0.720,8.585,116.5,16355,70179,0,16316,12169,0,0,43,30.00,16.50,18.00,17.3,boot
74,0.729,10.069,99.3,16352,70164,0,16313,12166,0,0,43,30.00,16.50,18.00,17.5,boot
75,0.739,8.895,112.4,16357,70188,0,16318,12170,0,0,43,30.00,16.50,18.00,17.7,boot
76,0.748,9.975,100.3,16362,70212,0,16323,12174,0,0,43,30.00,16.50,18.00,18.0,boot
77,0.758,8.849,113.0,16366,70230,0,16327,12176,0,0,43,30.00,16.50,18.00,18.2,boot
78,0.767,8.241,121.3,16365,70224,0,16326,12174,0,0,43,30.00,16.50,18.00,18.4,boot
79,0.775,8.568,116.7,16371,70254,0,16332,12180,0,0,43,30.00,16.50,18.00,18.6,boot
80,0.784,11.530,86.7,16380,70299,0,16341,12189,0,0,43,30.00,16.50,18.00,18.8,boot
81,0.795,9.643,103.7,16392,70356,0,16353,12198,0,0,43,30.00,16.50,18.00,19.1,boot
82,0.805,14.414,69.4,16387,70331,0,16348,12193,0,0,43,30.00,16.50,18.00,19.3,boot
83,0.819,10.472,95.5,16400,70394,0,16361,12204,0,0,43,30.00,16.50,18.00,19.7,boot
84,0.830,8.449,118.4,16400,70392,0,16361,12202,0,0,43,30.00,16.50,18.00,19.9,boot
85,0.838,8.305,120.4,16406,70421,0,16367,12207,0,0,43,30.00,16.50,18.00,20.1,boot
86,0.847,8.470,118.1,16411,70445,0,16372,12211,0,0,43,30.00,16.50,18.00,20.3,boot
87,0.855,8.677,115.2,16416,70470,0,16377,12216,0,0,43,30.00,16.50,18.00,20.5,boot
88,0.864,8.432,118.6,16422,70503,0,16383,12222,0,0,43,30.00,16.50,18.00,20.7,boot
89,0.872,8.150,122.7,16422,70501,0,16383,12220,0,0,43,30.00,16.50,18.00,20.9,boot
90,0.880,8.563,116.8,16427,70525,0,16388,12224,0,0,43,30.00,16.50,18.00,21.1,boot
91,0.889,8.666,115.4,16430,70540,0,16391,12227,0,0,43,30.00,16.50,18.00,21.3,boot
92,0.898,8.386,119.2,16435,70564,0,16396,12231,0,0,43,30.00,16.50,18.00,21.5,boot
93,0.906,8.132,123.0,16442,70597,0,16403,12236,0,0,43,30.00,16.50,18.00,21.7,boot
94,0.914,8.414,118.8,16444,70606,0,16405,12237,0,0,43,30.00,16.50,18.00,21.9,boot
95,0.923,8.894,112.4,16451,70641,0,16412,12244,0,0,43,30.00,16.50,18.00,22.1,boot
96,0.931,13.869,72.1,16451,70638,0,16412,12241,0,0,43,30.00,16.50,18.00,22.4,boot
97,0.945,10.862,92.1,16454,70670,0,16415,12249,0,0,43,30.00,16.50,18.00,22.7,boot
98,0.956,9.156,109.2,16459,70694,0,16420,12253,0,0,43,30.00,16.50,18.00,22.9,boot
99,0.965,8.306,120.4,16470,70747,0,16431,12262,0,0,43,30.00,16.50,18.00,23.2,boot
100,0.974,8.716,114.7,16477,70782,0,16438,12269,0,0,43,30.00,16.50,18.00,23.4,boot
101,0.982,8.684,115.2,16453,70661,0,16414,12244,0,0,43,30.00,16.50,18.00,23.6,boot
102,0.991,9.024,110.8,16476,70779,0,16437,12267,0,0,43,30.00,16.50,18.00,23.8,boot
103,1.000,8.387,119.2,16481,70803,0,16442,12271,0,0,43,30.00,16.50,18.00,24.0,boot
104,1.009,8.969,111.5,16483,70816,0,16444,12273,0,0,43,30.00,16.50,18.00,24.2,boot
105,1.018,8.396,119.1,16493,70864,0,16454,12281,0,0,43,30.00,16.50,18.00,24.4,boot
106,1.026,15.137,66.1,16492,70858,0,16453,12279,0,0,43,30.00,16.50,18.00,24.6,boot
107,1.041,9.147,109.3,16494,70870,0,16455,12280,0,0,43,30.00,16.50,18.00,25.0,boot
108,1.050,12.608,79.3,16503,70913,0,16464,12287,0,0,43,30.00,16.50,18.00,25.2,boot
109,1.063,12.220,81.8,16512,70961,0,16473,12296,0,0,43,30.00,16.50,18.00,25.5,boot
110,1.075,12.828,78.0,16512,70959,0,16473,12294,0,0,43,30.00,16.50,18.00,25.8,boot
111,1.088,12.486,80.1,16525,71025,0,16486,12305,0,0,43,30.00,16.50,18.00,26.1,boot
112,1.100,10.856,92.1,16538,71062,0,16499,12307,0,0,43,30.00,16.50,18.00,26.4,boot
113,1.111,8.403,119.0,16544,71094,0,16505,12312,0,0,43,30.00,16.50,18.00,26.7,boot
114,1.120,8.994,111.2,16549,71119,0,16510,12317,0,0,43,30.00,16.50,18.00,26.9,boot
115,1.129,7.921,126.2,16552,71137,0,16513,12320,0,0,43,30.00,16.50,18.00,27.1,boot
116,1.137,7.711,129.7,16558,71168,0,16519,12324,0,0,43,30.00,16.50,18.00,27.3,boot
117,1.144,7.799,128.2,16565,71204,0,16526,12329,0,0,43,30.00,16.50,18.00,27.5,boot
118,1.152,10.449,95.7,16567,71216,0,16528,12330,0,0,43,30.00,16.50,18.00,27.7,boot
119,1.163,12.731,78.5,16584,71282,0,16545,12340,0,0,43,30.00,16.50,18.00,27.9,boot
120,1.175,8.691,115.1,16590,71318,0,16551,12346,0,0,43,30.00,16.50,18.00,28.2,boot
121,1.184,7.794,128.3,16585,71311,0,16546,12347,0,0,43,30.00,16.50,18.00,28.4,boot
122,1.192,8.823,113.3,16589,71331,0,16550,12348,0,0,43,30.00,16.50,18.00,28.6,boot
123,1.201,7.727,129.4,16593,71353,0,16554,12351,0,0,43,30.00,16.50,18.00,28.8,boot
124,1.208,8.410,118.9,16599,71386,0,16560,12357,0,0,43,30.00,16.50,18.00,29.0,boot
125,1.217,7.985,125.2,16600,71391,0,16561,12358,0,0,43,30.00,16.50,18.00,29.2,boot
126,1.225,8.799,113.6,16609,71437,0,16570,12365,0,0,43,30.00,16.50,18.00,29.4,boot
127,1.234,10.306,97.0,16619,71487,0,16580,12375,0,0,43,30.00,16.50,18.00,29.6,boot
128,1.244,9.717,102.9,16645,71620,0,16606,12401,0,0,43,30.00,16.50,18.00,29.9,boot
129,1.254,14.538,68.8,16648,71638,0,16609,12404,0,0,43,30.00,16.50,18.00,30.1,boot
130,1.268,9.661,103.5,16637,71586,0,16598,12393,0,0,43,30.00,16.50,18.00,30.4,boot
131,1.278,8.822,113.4,16634,71571,0,16595,12390,0,0,43,30.00,16.50,18.00,30.7,boot
132,1.287,9.364,106.8,16634,71571,0,16595,12390,0,0,43,30.00,16.50,18.00,30.9,boot
133,1.296,8.410,118.9,16639,71593,0,16600,12392,0,0,43,30.00,16.50,18.00,31.1,boot
134,1.305,8.459,118.2,16645,71627,0,16606,12396,0,0,43,30.00,16.50,18.00,31.3,boot
135,1.313,8.501,117.6,16656,71680,0,16617,12405,0,0,43,30.00,16.50,18.00,31.5,boot
136,1.321,8.900,112.4,16664,71721,0,16625,12411,0,0,43,30.00,16.50,18.00,31.7,boot
137,1.330,8.867,112.8,16671,71758,0,16632,12417,0,0,43,30.00,16.50,18.00,31.9,boot
138,1.339,9.146,109.3,16675,71777,0,16636,12420,0,0,43,30.00,16.50,18.00,32.1,boot
139,1.348,17.181,58.2,16682,71812,0,16643,12427,0,0,43,30.00,16.50,18.00,32.4,boot
140,1.366,8.689,115.1,16695,71879,0,16656,12439,0,0,43,30.00,16.50,18.00,32.8,boot
141,1.374,10.070,99.3,16695,71881,0,16656,12438,0,0,43,30.00,16.50,18.00,33.0,boot
142,1.384,9.237,108.3,16699,71900,0,16660,12441,0,0,43,30.00,16.50,18.00,33.2,boot
143,1.394,10.745,93.1,16712,71968,0,16673,12454,0,0,43,30.00,16.50,18.00,33.4,boot
144,1.404,8.517,117.4,16723,72005,0,16684,12459,0,0,43,30.00,16.50,18.00,33.7,boot
145,1.413,8.572,116.7,16724,72007,0,16685,12460,0,0,43,30.00,16.50,18.00,33.9,boot
146,1.421,8.624,116.0,16727,72018,0,16688,12462,0,0,43,30.00,16.50,18.00,34.1,boot
147,1.430,8.589,116.4,16738,72073,0,16699,12473,0,0,43,30.00,16.50,18.00,34.3,boot
148,1.439,10.305,97.0,16740,72079,0,16701,12474,0,0,43,30.00,16.50,18.00,34.5,boot
149,1.449,8.630,115.9,16751,72136,0,16712,12484,0,0,43,30.00,16.50,18.00,34.8,boot
150,1.458,8.545,117.0,16757,72163,0,16718,12490,0,0,43,30.00,16.50,18.00,35.0,boot
151,1.466,8.616,116.1,16765,72205,0,16726,12497,0,0,43,30.00,16.50,18.00,35.2,boot
152,1.475,9.024,110.8,16771,72235,0,16732,12503,0,0,43,30.00,16.50,18.00,35.4,boot
153,1.484,8.979,111.4,16766,72224,0,16727,12503,0,0,43,30.00,16.50,18.00,35.6,boot
154,1.493,9.172,109.0,16783,72299,0,16744,12519,0,0,43,30.00,16.50,18.00,35.8,boot
155,1.502,8.571,116.7,16780,72287,0,16741,12516,0,0,43,30.00,16.50,18.00,36.0,boot
156,1.511,8.679,115.2,16780,72288,0,16741,12514,0,0,43,30.00,16.50,18.00,36.3,boot
157,1.519,8.359,119.6,16813,72453,0,16774,12547,0,0,43,30.00,16.50,18.00,36.5,boot
158,1.528,8.708,114.8,16811,72446,0,16772,12545,0,0,43,30.00,16.50,18.00,36.7,boot
159,1.536,8.404,119.0,16802,72400,0,16763,12535,0,0,43,30.00,16.50,18.00,36.9,boot
160,1.545,8.545,117.0,16813,72448,0,16774,12545,0,0,43,30.00,16.50,18.00,37.1,boot
161,1.553,8.486,117.8,16817,72468,0,16778,12549,0,0,43,30.00,16.50,18.00,37.3,boot
162,1.562,8.615,116.1,16829,72522,0,16790,12561,0,0,43,30.00,16.50,18.00,37.5,boot
163,1.571,8.553,116.9,16838,72567,0,16799,12570,0,0,43,30.00,16.50,18.00,37.7,boot
164,1.579,8.606,116.2,16842,72582,0,16803,12572,0,0,43,30.00,16.50,18.00,37.9,boot
165,1.588,8.490,117.8,16849,72613,0,16810,12578,0,0,43,30.00,16.50,18.00,38.1,boot
166,1.596,8.770,114.0,16854,72632,0,16815,12583,0,0,43,30.00,16.50,18.00,38.3,boot
167,1.605,8.613,116.1,16861,72658,0,16822,12590,0,0,43,30.00,16.50,18.00,38.5,boot
168,1.614,9.774,102.3,16858,72663,0,16819,12592,0,0,43,30.00,16.50,18.00,38.7,boot
169,1.623,8.684,115.2,16876,72753,0,16837,12610,0,0,43,30.00,16.50,18.00,39.0,boot
170,1.632,8.557,116.9,16876,72752,0,16837,12609,0,0,43,30.00,16.50,18.00,39.2,boot
171,1.641,10.252,97.5,16888,72790,0,16849,12614,0,0,43,30.00,16.50,18.00,39.4,boot
172,1.651,8.636,115.8,16894,72820,0,16855,12620,0,0,43,30.00,16.50,18.00,39.6,boot
173,1.660,9.209,108.6,16907,72879,0,16868,12633,0,0,43,30.00,16.50,18.00,39.8,boot
174,1.669,8.642,115.7,16911,72892,0,16872,12636,0,0,43,30.00,16.50,18.00,40.0,boot
175,1.677,8.689,115.1,16916,72920,0,16877,12641,0,0,43,30.00,16.50,18.00,40.3,boot
176,1.686,8.824,113.3,16920,72937,0,16881,12645,0,0,43,30.00,16.50,18.00,40.5,boot
177,1.695,9.793,102.1,16929,72985,0,16890,12654,0,0,43,30.00,16.50,18.00,40.7,boot
178,1.705,9.229,108.4,16933,73002,0,16894,12658,0,0,43,30.00,16.50,18.00,40.9,boot
179,1.714,9.631,103.8,16946,73063,0,16907,12670,0,0,43,30.00,16.50,18.00,41.1,boot
180,1.724,9.054,110.4,16949,73074,0,16910,12672,0,0,43,30.00,16.50,18.00,41.4,boot
181,1.733,9.071,110.2,16959,73124,0,16920,12682,0,0,43,30.00,16.50,18.00,41.6,boot
182,1.742,8.959,111.6,16966,73156,0,16927,12689,0,0,43,30.00,16.50,18.00,41.8,boot
183,1.751,10.023,99.8,16975,73204,0,16936,12698,0,0,43,30.00,16.50,18.00,42.0,boot
184,1.761,8.434,118.6,16975,73204,0,16936,12698,0,0,43,30.00,16.50,18.00,42.3,boot
185,1.769,8.515,117.4,16981,73231,0,16942,12704,0,0,43,30.00,16.50,18.00,42.5,boot
186,1.778,8.696,115.0,16986,73255,0,16947,12708,0,0,43,30.00,16.50,18.00,42.7,boot
187,1.786,8.805,113.6,16995,73303,0,16956,12717,0,0,43,30.00,16.50,18.00,42.9,boot
188,1.795,9.597,104.2,16992,73288,0,16953,12714,0,0,43,30.00,16.50,18.00,43.1,boot
189,1.805,7.810,128.0,17006,73357,0,16967,12727,0,0,43,30.00,16.50,18.00,43.3,boot
190,1.813,8.051,124.2,17010,73380,0,16971,12731,0,0,43,30.00,16.50,18.00,43.5,boot
191,1.821,7.819,127.9,17018,73417,0,16979,12739,0,0,43,30.00,16.50,18.00,43.7,boot
192,1.829,8.649,115.6,17031,73488,0,16992,12752,0,0,43,30.00,16.50,18.00,43.9,boot
193,1.837,11.889,84.1,17029,73478,0,16990,12750,0,0,43,30.00,16.50,18.00,44.1,boot
194,1.849,10.400,96.2,17035,73528,0,16996,12761,0,0,43,30.00,16.50,18.00,44.4,boot
195,1.859,8.106,123.4,17037,73541,0,16998,12763,0,0,43,30.00,16.50,18.00,44.6,boot
196,1.868,8.260,121.1,17046,73589,0,17007,12772,0,0,43,30.00,16.50,18.00,44.8,boot
197,1.876,8.426,118.7,17051,73617,0,17012,12777,0,0,43,30.00,16.50,18.00,45.0,boot
198,1.884,8.572,116.7,17060,73662,0,17021,12786,0,0,43,30.00,16.50,18.00,45.2,boot
199,1.893,8.731,114.5,17066,73694,0,17027,12791,0,0,43,30.00,16.50,18.00,45.4,boot
200,1.902,8.598,116.3,17068,73707,0,17029,12793,0,0,43,30.00,16.50,18.00,45.6,boot
201,1.910,8.495,117.7,17078,73757,0,17039,12803,0,0,43,30.00,16.50,18.00,45.8,boot
202,1.919,8.605,116.2,17088,73806,0,17049,12812,0,0,43,30.00,16.50,18.00,46.1,boot
203,1.927,9.845,101.6,17093,73834,0,17054,12817,0,0,43,30.00,16.50,18.00,46.3,boot
204,1.937,9.041,110.6,17105,73876,0,17066,12823,0,0,43,30.00,16.50,18.00,46.5,boot
205,1.946,9.158,109.2,17110,73904,0,17071,12828,0,0,43,30.00,16.50,18.00,46.7,boot
206,1.955,8.508,117.5,17118,73947,0,17079,12836,0,0,43,30.00,16.50,18.00,46.9,boot
207,1.964,8.650,115.6,17121,73962,0,17082,12839,0,0,43,30.00,16.50,18.00,47.1,boot
208,1.973,8.654,115.6,17127,73992,0,17088,12845,0,0,43,30.00,16.50,18.00,47.3,boot
209,1.981,9.276,107.8,17135,74035,0,17096,12853,0,0,43,30.00,16.50,18.00,47.6,boot
210,1.991,8.549,117.0,17143,74077,0,17104,12860,0,0,43,30.00,16.50,18.00,47.8,boot
211,1.999,8.773,114.0,17155,74136,0,17116,12871,0,0,43,30.00,16.50,18.00,48.0,boot
212,2.008,8.587,116.5,17152,74121,0,17113,12868,0,0,43,30.00,16.50,18.00,48.2,boot
213,2.016,9.666,103.5,17160,74163,0,17121,12875,0,0,43,30.00,16.50,18.00,48.4,boot
214,2.026,9.997,100.0,17164,74186,0,17125,12879,0,0,43,30.00,16.50,18.00,48.6,boot
215,2.036,11.994,83.4,17177,74251,0,17138,12892,0,0,43,30.00,16.50,18.00,48.9,boot
216,2.048,8.206,121.9,17193,74331,0,17154,12908,0,0,43,30.00,16.50,18.00,49.2,boot
217,2.056,9.717,102.9,17188,74309,0,17149,12903,0,0,43,30.00,16.50,18.00,49.4,boot
218,2.066,8.704,114.9,17196,74349,0,17157,12911,0,0,43,30.00,16.50,18.00,49.6,boot
219,2.075,8.590,116.4,17209,74414,0,17170,12924,0,0,43,30.00,16.50,18.00,49.8,boot
220,2.083,8.606,116.2,17210,74419,0,17171,12925,0,0,43,30.00,16.50,18.00,50.0,boot
221,2.092,8.525,117.3,17216,74452,0,17177,12931,0,0,43,30.00,16.50,18.00,50.2,boot
222,2.101,8.481,117.9,17226,74505,0,17187,12941,0,0,43,30.00,16.50,18.00,50.4,boot
223,2.109,8.627,115.9,17234,74545,0,17195,12949,0,0,43,30.00,16.50,18.00,50.6,boot
224,2.118,8.490,117.8,17230,74528,0,17191,12945,0,0,43,30.00,16.50,18.00,50.8,boot
225,2.126,8.662,115.4,17232,74541,0,17193,12947,0,0,43,30.00,16.50,18.00,51.0,boot
226,2.135,8.511,117.5,17244,74601,0,17205,12959,0,0,43,30.00,16.50,18.00,51.2,boot
227,2.143,8.505,117.6,17257,74651,0,17218,12966,0,0,43,30.00,16.50,18.00,51.4,boot
228,2.152,9.537,104.9,17260,74666,0,17221,12969,0,0,43,30.00,16.50,18.00,51.6,boot
229,2.161,17.021,58.8,17262,74696,0,17223,12976,0,0,43,30.00,16.50,18.00,51.9,boot
230,2.178,16.314,61.3,17282,74798,0,17243,12995,0,0,43,30.00,16.50,18.00,52.3,boot
231,2.195,8.265,121.0,17285,74807,0,17246,12998,0,0,43,30.00,16.50,18.00,52.7,boot
232,2.203,8.142,122.8,17289,74830,0,17250,13002,0,0,43,30.00,16.50,18.00,52.9,boot
233,2.211,8.442,118.5,17307,74923,0,17268,13020,0,0,43,30.00,16.50,18.00,53.1,boot
234,2.220,8.422,118.7,17328,75028,0,17289,13041,0,0,43,30.00,16.50,18.00,53.3,boot
235,2.228,8.725,114.6,17344,75105,0,17305,13057,0,0,43,30.00,16.50,18.00,53.5,boot
236,2.237,8.433,118.6,17307,74917,0,17268,13020,0,0,43,30.00,16.50,18.00,53.7,boot
237,2.245,9.956,100.4,17298,74875,0,17259,13011,0,0,43,30.00,16.50,18.00,53.9,boot
238,2.255,11.301,88.5,17321,74993,0,17282,13034,0,0,43,30.00,16.50,18.00,54.1,boot
239,2.266,11.082,90.2,17348,75131,0,17309,13061,0,0,43,30.00,16.50,18.00,54.4,boot
240,2.278,8.797,113.7,17351,75137,0,17312,13064,0,0,43,30.00,16.50,18.00,54.7,boot
241,2.286,8.785,113.8,17350,75132,0,17311,13063,0,0,43,30.00,16.50,18.00,54.9,boot
242,2.295,8.645,115.7,17361,75187,0,17322,13074,0,0,43,30.00,16.50,18.00,55.1,boot
243,2.304,8.548,117.0,17372,75242,0,17333,13085,0,0,43,30.00,16.50,18.00,55.3,boot
244,2.312,8.824,113.3,17388,75319,0,17349,13101,0,0,43,30.00,16.50,18.00,55.5,boot
245,2.321,11.018,90.8,17386,75312,0,17347,13099,0,0,43,30.00,16.50,18.00,55.7,boot
246,2.332,15.460,64.7,17392,75336,0,17353,13105,0,0,43,30.00,16.50,18.00,56.0,boot
247,2.348,11.131,89.8,17400,75376,0,17361,13113,0,0,43,30.00,16.50,18.00,56.3,boot
248,2.359,9.359,106.8,17406,75406,0,17367,13119,0,0,43,30.00,16.50,18.00,56.6,boot
249,2.368,8.335,120.0,17415,75448,0,17376,13128,0,0,43,30.00,16.50,18.00,56.8,boot
250,2.377,9.798,102.1,17427,75507,0,17388,13139,0,0,43,30.00,16.50,18.00,57.0,boot
251,2.386,13.308,75.1,17430,75519,0,17391,13142,0,0,43,30.00,16.50,18.00,57.3,boot
252,2.400,11.343,88.2,17443,75584,0,17404,13155,0,0,43,30.00,16.50,18.00,57.6,boot
253,2.411,8.546,117.0,17449,75605,0,17410,13161,0,0,43,30.00,16.50,18.00,57.9,boot
254,2.420,8.168,122.4,17462,75667,0,17423,13174,0,0,43,30.00,16.50,18.00,58.1,boot
255,2.428,8.207,121.8,17462,75670,0,17423,13174,0,0,43,30.00,16.50,18.00,58.3,boot
256,2.436,8.470,118.1,17473,75728,0,17434,13185,0,0,43,30.00,16.50,18.00,58.5,boot
257,2.445,8.696,115.0,17481,75768,0,17442,13193,0,0,43,30.00,16.50,18.00,58.7,boot
258,2.453,8.401,119.0,17492,75826,0,17453,13204,0,0,43,30.00,16.50,18.00,58.9,boot
259,2.462,8.264,121.0,17494,75842,0,17455,13206,0,0,43,30.00,16.50,18.00,59.1,boot
260,2.470,10.772,92.8,17497,75857,0,17458,13209,0,0,43,30.00,16.50,18.00,59.3,boot
261,2.481,12.988,77.0,17508,75909,0,17469,13220,0,0,43,30.00,16.50,18.00,59.5,boot
262,2.494,9.665,103.5,17531,76029,0,17492,13242,0,0,43,30.00,16.50,18.00,59.8,boot
263,2.503,8.485,117.9,17546,76106,0,17507,13256,0,0,43,30.00,16.50,18.00,60.1,boot
264,2.512,8.785,113.8,17542,76086,0,17503,13252,0,0,43,30.00,16.50,18.00,60.3,boot
265,2.521,8.165,122.5,17545,76101,0,17506,13255,0,0,43,30.00,16.50,18.00,60.5,boot
266,2.529,8.803,113.6,17551,76134,0,17512,13261,0,0,43,30.00,16.50,18.00,60.7,boot
267,2.538,8.600,116.3,17555,76155,0,17516,13266,0,0,43,30.00,16.50,18.00,60.9,boot
268,2.546,9.128,109.6,17560,76180,0,17521,13271,0,0,43,30.00,16.50,18.00,61.1,boot
269,2.555,8.697,115.0,17565,76205,0,17526,13276,0,0,43,30.00,16.50,18.00,61.3,boot
270,2.564,8.813,113.5,17574,76253,0,17535,13285,0,0,43,30.00,16.50,18.00,61.5,boot
271,2.573,8.916,112.2,17578,76270,0,17539,13289,0,0,43,30.00,16.50,18.00,61.7,boot
272,2.582,8.551,116.9,17585,76305,0,17546,13296,0,0,43,30.00,16.50,18.00,62.0,boot
273,2.590,8.980,111.4,17601,76364,0,17562,13306,0,0,43,30.00,16.50,18.00,62.2,boot
274,2.599,9.737,102.7,17610,76412,0,17571,13315,0,0,43,30.00,16.50,18.00,62.4,boot
275,2.609,13.496,74.1,17616,76439,0,17577,13321,0,0,43,30.00,16.50,18.00,62.6,boot
276,2.623,8.965,111.5,17622,76466,0,17583,13327,0,0,43,30.00,16.50,18.00,62.9,boot
277,2.632,8.627,115.9,17631,76511,0,17592,13336,0,0,43,30.00,16.50,18.00,63.2,boot
278,2.640,8.859,112.9,17642,76575,0,17603,13347,0,0,43,30.00,16.50,18.00,63.4,boot
279,2.649,8.947,111.8,17649,76613,0,17610,13354,0,0,43,30.00,16.50,18.00,63.6,boot
280,2.658,10.995,91.0,17656,76648,0,17617,13361,0,0,43,30.00,16.50,18.00,63.8,boot
281,2.669,11.215,89.2,17656,76648,0,17617,13361,0,0,43,30.00,16.50,18.00,64.1,boot
282,2.680,10.898,91.8,17660,76671,0,17621,13365,0,0,43,30.00,16.50,18.00,64.3,boot
283,2.691,9.311,107.4,17665,76699,0,17626,13370,0,0,43,30.00,16.50,18.00,64.6,boot
284,2.700,10.550,94.8,17669,76725,0,17630,13374,0,0,43,30.00,16.50,18.00,64.8,boot
285,2.711,14.183,70.5,17681,76785,0,17642,13386,0,0,43,30.00,16.50,18.00,65.1,boot
286,2.725,8.980,111.4,17684,76800,0,17645,13389,0,0,43,30.00,16.50,18.00,65.4,boot
287,2.734,9.001,111.1,17674,76753,0,17635,13379,0,0,43,30.00,16.50,18.00,65.6,boot
288,2.743,9.471,105.6,17676,76763,0,17637,13381,0,0,43,30.00,16.50,18.00,65.8,boot
289,2.753,9.873,101.3,17718,76979,0,17679,13423,0,0,43,30.00,16.50,18.00,66.1,boot
290,2.763,9.804,102.0,17735,77064,0,17696,13440,0,0,43,30.00,16.50,18.00,66.3,boot
291,2.772,9.476,105.5,17717,76974,0,17678,13422,0,0,43,30.00,16.50,18.00,66.5,boot
292,2.782,10.159,98.4,17693,76853,0,17654,13397,0,0,43,30.00,16.50,18.00,66.8,boot
293,2.792,9.622,103.9,17689,76830,0,17650,13393,0,0,43,30.00,16.50,18.00,67.0,boot
294,2.802,9.596,104.2,17717,76973,0,17678,13421,0,0,43,30.00,16.50,18.00,67.2,boot
295,2.811,9.501,105.3,17731,77043,0,17692,13435,0,0,43,30.00,16.50,18.00,67.5,boot
296,2.821,9.417,106.2,17711,76961,0,17672,13421,0,0,43,30.00,16.50,18.00,67.7,boot
297,2.830,9.370,106.7,17706,76939,0,17667,13416,0,0,43,30.00,16.50,18.00,67.9,boot
298,2.840,10.112,98.9,17724,77032,0,17685,13434,0,0,43,30.00,16.50,18.00,68.2,boot
299,2.850,10.939,91.4,17723,77033,0,17684,13433,0,0,43,30.00,16.50,18.00,68.4,boot
300,2.861,8.131,123.0,17725,77043,0,17686,13435,0,0,43,30.00,16.50,18.00,68.7,boot
301,2.869,8.116,123.2,17730,77071,0,17691,13440,0,0,43,30.00,16.50,18.00,68.9,boot
302,2.877,8.091,123.6,17734,77091,0,17695,13444,0,0,43,30.00,16.50,18.00,69.0,boot
303,2.885,9.812,101.9,17738,77111,0,17699,13448,0,0,43,30.00,16.50,18.00,69.2,boot
304,2.895,8.323,120.1,17733,77083,0,17694,13443,0,0,43,30.00,16.50,18.00,69.5,boot
305,2.903,8.607,116.2,17736,77095,0,17697,13446,0,0,43,30.00,16.50,18.00,69.7,boot
306,2.912,8.711,114.8,17736,77116,0,17697,13452,0,0,43,30.00,16.50,18.00,69.9,boot
307,2.921,8.649,115.6,17738,77120,0,17699,13454,0,0,43,30.00,16.50,18.00,70.1,boot
308,2.929,8.865,112.8,17740,77127,0,17701,13456,0,0,43,30.00,16.50,18.00,70.3,boot
309,2.938,8.941,111.8,17744,77145,0,17705,13461,0,0,43,30.00,16.50,18.00,70.5,boot
310,2.947,11.315,88.4,17754,77181,0,17715,13466,0,0,43,30.00,16.50,18.00,70.7,boot
311,2.958,8.427,118.7,17749,77156,0,17710,13461,0,0,43,30.00,16.50,18.00,71.0,boot
312,2.967,8.389,119.2,17760,77209,0,17721,13473,0,0,43,30.00,16.50,18.00,71.2,boot
313,2.975,8.846,113.0,17764,77229,0,17725,13477,0,0,43,30.00,16.50,18.00,71.4,boot
314,2.984,10.298,97.1,17767,77247,0,17728,13480,0,0,43,30.00,16.50,18.00,71.6,boot
315,2.994,8.805,113.6,17771,77270,0,17732,13484,0,0,43,30.00,16.50,18.00,71.9,boot
316,3.003,8.896,112.4,17771,77270,0,17732,13484,0,0,43,30.00,16.50,18.00,72.1,boot
317,3.012,8.944,111.8,17774,77288,0,17735,13487,0,0,43,30.00,16.50,18.00,72.3,boot
318,3.021,8.617,116.1,17778,77308,0,17739,13491,0,0,43,30.00,16.50,18.00,72.5,boot
319,3.030,9.285,107.7,17780,77315,0,17741,13493,0,0,43,30.00,16.50,18.00,72.7,boot
320,3.039,8.986,111.3,17783,77330,0,17744,13496,0,0,43,30.00,16.50,18.00,72.9,boot
321,3.048,8.881,112.6,17785,77340,0,17746,13498,0,0,43,30.00,16.50,18.00,73.2,boot
322,3.057,9.591,104.3,17790,77371,0,17751,13503,0,0,43,30.00,16.50,18.00,73.4,boot
323,3.066,14.222,70.3,17799,77413,0,17760,13512,0,0,43,30.00,16.50,18.00,73.6,boot
324,3.081,11.147,89.7,17803,77433,0,17764,13516,0,0,43,30.00,16.50,18.00,73.9,boot
325,3.092,11.059,90.4,17805,77444,0,17766,13519,0,0,43,30.00,16.50,18.00,74.2,boot
326,3.103,9.227,108.4,17810,77472,0,17771,13524,0,0,43,30.00,16.50,18.00,74.5,boot
327,3.112,9.521,105.0,17812,77479,0,17773,13526,0,0,43,30.00,16.50,18.00,74.7,boot
328,3.122,9.007,111.0,17819,77511,0,17780,13533,0,0,43,30.00,16.50,18.00,74.9,boot
329,3.131,9.185,108.9,17821,77518,0,17782,13535,0,0,43,30.00,16.50,18.00,75.1,boot
330,3.140,9.058,110.4,17835,77585,0,17796,13549,0,0,43,30.00,16.50,18.00,75.4,boot
331,3.149,9.159,109.2,17832,77567,0,17793,13546,0,0,43,30.00,16.50,18.00,75.6,boot
332,3.158,13.062,76.6,17836,77584,0,17797,13550,0,0,43,30.00,16.50,18.00,75.8,boot
333,3.171,9.436,106.0,17841,77606,0,17802,13555,0,0,43,30.00,16.50,18.00,76.1,boot
334,3.181,9.129,109.5,17841,77605,0,17802,13557,0,0,43,30.00,16.50,18.00,76.3,boot
335,3.190,9.437,106.0,17844,77626,0,17805,13560,0,0,43,30.00,16.50,18.00,76.6,boot
336,3.199,9.240,108.2,17848,77649,0,17809,13564,0,0,43,30.00,16.50,18.00,76.8,boot
337,3.208,9.239,108.2,17865,77737,0,17826,13581,0,0,43,30.00,16.50,18.00,77.0,boot
338,3.218,9.447,105.9,17860,77715,0,17821,13576,0,0,43,30.00,16.50,18.00,77.2,boot
339,3.227,9.495,105.3,17868,77758,0,17829,13584,0,0,43,30.00,16.50,18.00,77.5,boot
340,3.237,9.086,110.1,17867,77753,0,17828,13583,0,0,43,30.00,16.50,18.00,77.7,boot
341,3.246,9.308,107.4,17871,77774,0,17832,13588,0,0,43,30.00,16.50,18.00,77.9,boot
342,3.255,9.401,106.4,17875,77797,0,17836,13592,0,0,43,30.00,16.50,18.00,78.1,boot
343,3.264,9.199,108.7,17881,77827,0,17842,13598,0,0,43,30.00,16.50,18.00,78.3,boot
344,3.274,8.996,111.2,17887,77858,0,17848,13605,0,0,43,30.00,16.50,18.00,78.6,boot
345,3.283,10.152,98.5,17890,77877,0,17851,13609,0,0,43,30.00,16.50,18.00,78.8,boot
346,3.293,12.990,77.0,17889,77873,0,17850,13609,0,0,43,30.00,16.50,18.00,79.0,boot
347,3.306,9.693,103.2,17906,77946,0,17867,13620,0,0,43,30.00,16.50,18.00,79.3,boot
348,3.316,9.131,109.5,17912,77976,0,17873,13626,0,0,43,30.00,16.50,18.00,79.6,boot
349,3.325,16.789,59.6,17920,78019,0,17881,13634,0,0,43,30.00,16.50,18.00,79.8,boot
350,3.342,12.799,78.1,17929,78064,0,17890,13643,0,0,43,30.00,16.50,18.00,80.2,boot
351,3.354,12.514,79.9,17937,78108,0,17898,13652,0,0,43,30.00,16.50,18.00,80.5,boot
352,3.367,17.061,58.6,17942,78133,0,17903,13657,0,0,43,30.00,16.50,18.00,80.8,boot
353,3.384,15.104,66.2,17949,78175,0,17910,13665,0,0,43,30.00,16.50,18.00,81.2,boot
354,3.399,8.736,114.5,17963,78231,0,17924,13674,0,0,43,30.00,16.50,18.00,81.6,boot
355,3.408,9.270,107.9,17970,78269,0,17931,13681,0,0,43,30.00,16.50,18.00,81.8,boot
356,3.417,9.410,106.3,17972,78279,0,17933,13683,0,0,43,30.00,16.50,18.00,82.0,boot
357,3.426,9.619,104.0,17976,78300,0,17937,13688,0,0,43,30.00,16.50,18.00,82.2,boot
358,3.436,9.875,101.3,17975,78297,0,17936,13689,0,0,43,30.00,16.50,18.00,82.5,boot
359,3.446,9.807,102.0,17980,78322,0,17941,13694,0,0,43,30.00,16.50,18.00,82.7,boot
360,3.456,9.814,101.9,17984,78345,0,17945,13698,0,0,43,30.00,16.50,18.00,82.9,boot
361,3.466,9.609,104.1,17990,78379,0,17951,13705,0,0,43,30.00,16.50,18.00,83.2,boot
362,3.475,9.891,101.1,17995,78405,0,17956,13711,0,0,43,30.00,16.50,18.00,83.4,boot
363,3.485,15.369,65.1,18001,78436,0,17962,13718,0,0,43,30.00,16.50,18.00,83.6,boot
364,3.501,11.644,85.9,18002,78442,0,17963,13720,0,0,43,30.00,16.50,18.00,84.0,boot
365,3.512,9.379,106.6,18005,78461,0,17966,13724,0,0,43,30.00,16.50,18.00,84.3,boot
366,3.522,9.326,107.2,18008,78476,0,17969,13727,0,0,43,30.00,16.50,18.00,84.5,boot
367,3.531,9.447,105.9,18021,78542,0,17982,13741,0,0,43,30.00,16.50,18.00,84.7,boot
368,3.540,9.077,110.2,18024,78560,0,17985,13744,0,0,43,30.00,16.50,18.00,85.0,boot
369,3.549,9.008,111.0,18028,78574,0,17989,13748,0,0,43,30.00,16.50,18.00,85.2,boot
370,3.558,9.159,109.2,18026,78562,0,17987,13747,0,0,43,30.00,16.50,18.00,85.4,boot
371,3.568,9.001,111.1,18036,78613,0,17997,13758,0,0,43,30.00,16.50,18.00,85.6,boot
372,3.577,9.231,108.3,18030,78584,0,17991,13753,0,0,43,30.00,16.50,18.00,85.8,boot
373,3.586,9.063,110.3,18033,78599,0,17994,13756,0,0,43,30.00,16.50,18.00,86.1,boot
374,3.595,9.528,105.0,18037,78623,0,17998,13761,0,0,43,30.00,16.50,18.00,86.3,boot
375,3.604,9.513,105.1,18037,78623,0,17998,13761,0,0,43,30.00,16.50,18.00,86.5,boot
376,3.614,9.841,101.6,18042,78646,0,18003,13767,0,0,43,30.00,16.50,18.00,86.7,boot
377,3.624,10.185,98.2,18047,78672,0,18008,13773,0,0,43,30.00,16.50,18.00,87.0,boot
378,3.634,9.602,104.1,18045,78663,0,18006,13772,0,0,43,30.00,16.50,18.00,87.2,boot
379,3.644,9.732,102.8,18037,78612,0,17998,13765,0,0,43,30.00,16.50,18.00,87.4,boot
380,3.653,9.630,103.8,18037,78609,0,17998,13765,0,0,43,30.00,16.50,18.00,87.7,boot
381,3.663,12.003,83.3,18038,78611,0,17999,13766,0,0,43,30.00,16.50,18.00,87.9,boot
382,3.675,10.938,91.4,18039,78622,0,18000,13767,0,0,43,30.00,16.50,18.00,88.2,boot
383,3.686,11.486,87.1,18046,78657,0,18007,13774,0,0,43,30.00,16.50,18.00,88.5,boot
384,3.697,10.428,95.9,18053,78692,0,18014,13781,0,0,43,30.00,16.50,18.00,88.7,boot
385,3.708,11.230,89.0,18057,78713,0,18018,13786,0,0,43,30.00,16.50,18.00,89.0,boot
386,3.719,8.530,117.2,18049,78673,0,18010,13778,0,0,43,30.00,16.50,18.00,89.3,boot
387,3.728,9.123,109.6,18038,78618,0,17999,13767,0,0,43,30.00,16.50,18.00,89.5,boot
388,3.737,8.303,120.4,18029,78574,0,17990,13759,0,0,43,30.00,16.50,18.00,89.7,boot
389,3.745,8.429,118.6,18035,78604,0,17996,13765,0,0,43,30.00,16.50,18.00,89.9,boot
390,3.754,9.006,111.0,18034,78599,0,17995,13764,0,0,43,30.00,16.50,18.00,90.1,boot
391,3.763,9.146,109.3,18023,78544,0,17984,13753,0,0,43,30.00,16.50,18.00,90.3,boot
392,3.772,9.051,110.5,18031,78587,0,17992,13761,0,0,43,30.00,16.50,18.00,90.5,boot
393,3.781,9.452,105.8,18039,78630,0,18000,13769,0,0,43,30.00,16.50,18.00,90.7,boot
394,3.790,9.035,110.7,18043,78650,0,18004,13773,0,0,43,30.00,16.50,18.00,91.0,boot
395,3.799,9.358,106.9,18043,78654,0,18004,13774,0,0,43,30.00,16.50,18.00,91.2,boot
396,3.809,8.964,111.6,18034,78614,0,17995,13767,0,0,43,30.00,16.50,18.00,91.4,boot
397,3.818,8.834,113.2,18023,78560,0,17984,13760,0,0,43,30.00,16.50,18.00,91.6,boot
398,3.827,8.946,111.8,18015,78525,0,17976,13754,0,0,43,30.00,16.50,18.00,91.8,boot
399,3.835,8.997,111.1,18005,78475,0,17966,13747,0,0,43,30.00,16.50,18.00,92.1,boot
400,3.844,8.916,112.2,18003,78467,0,17964,13747,0,0,43,30.00,16.50,18.00,92.3,boot
401,3.853,8.735,114.5,18006,78485,0,17967,13750,0,0,43,30.00,16.50,18.00,92.5,boot
402,3.862,9.013,111.0,18006,78484,0,17967,13752,0,0,43,30.00,16.50,18.00,92.7,boot
403,3.871,8.652,115.6,18002,78464,0,17963,13748,0,0,43,30.00,16.50,18.00,92.9,boot
404,3.880,8.863,112.8,17998,78443,0,17959,13746,0,0,43,30.00,16.50,18.00,93.1,boot
405,3.889,8.725,114.6,17996,78433,0,17957,13744,0,0,43,30.00,16.50,18.00,93.3,boot
406,3.897,9.083,110.1,17990,78401,0,17951,13739,0,0,43,30.00,16.50,18.00,93.5,boot
407,3.907,9.054,110.4,17985,78373,0,17946,13734,0,0,43,30.00,16.50,18.00,93.8,boot
408,3.916,10.285,97.2,17988,78388,0,17949,13737,0,0,43,30.00,16.50,18.00,94.0,boot
409,3.926,8.838,113.1,17983,78360,0,17944,13732,0,0,43,30.00,16.50,18.00,94.2,boot
410,3.935,9.023,110.8,17981,78350,0,17942,13730,0,0,43,30.00,16.50,18.00,94.4,boot
411,3.944,10.404,96.1,17982,78352,0,17943,13731,0,0,43,30.00,16.50,18.00,94.6,boot
412,3.954,11.522,86.8,17964,78264,0,17925,13715,0,0,43,30.00,16.50,18.00,94.9,boot
413,3.966,8.359,119.6,17950,78210,0,17911,13708,0,0,43,30.00,16.50,18.00,95.2,boot
414,3.974,8.463,118.2,17954,78230,0,17915,13712,0,0,43,30.00,16.50,18.00,95.4,boot
415,3.983,9.013,110.9,17949,78203,0,17910,13708,0,0,43,30.00,16.50,18.00,95.6,boot
416,3.992,9.163,109.1,17935,78136,0,17896,13694,0,0,43,30.00,16.50,18.00,95.8,boot
417,4.001,8.447,118.4,17941,78167,0,17902,13701,0,0,43,30.00,16.50,18.00,96.0,boot
418,4.009,9.060,110.4,17933,78127,0,17894,13693,0,0,43,30.00,16.50,18.00,96.2,boot
419,4.018,8.565,116.8,17904,77983,0,17865,13665,0,0,43,30.00,16.50,18.00,96.4,boot
420,4.027,9.474,105.6,17923,78078,0,17884,13684,0,0,43,30.00,16.50,18.00,96.6,boot
421,4.036,8.860,112.9,17914,78035,0,17875,13677,0,0,43,30.00,16.50,18.00,96.9,boot
422,4.045,9.394,106.4,17899,77961,0,17860,13663,0,0,43,30.00,16.50,18.00,97.1,boot
423,4.055,9.695,103.1,17892,77927,0,17853,13657,0,0,43,30.00,16.50,18.00,97.3,boot
424,4.064,13.281,75.3,17890,77917,0,17851,13655,0,0,43,30.00,16.50,18.00,97.5,boot
425,4.078,10.888,91.8,17877,77852,0,17838,13645,0,0,43,30.00,16.50,18.00,97.9,boot
426,4.088,8.938,111.9,17866,77797,0,17827,13634,0,0,43,30.00,16.50,18.00,98.1,boot
427,4.097,9.080,110.1,17859,77764,0,17820,13629,0,0,43,30.00,16.50,18.00,98.3,boot
428,4.106,9.142,109.4,17853,77735,0,17814,13624,0,0,43,30.00,16.50,18.00,98.6,boot
429,4.116,11.012,90.8,17849,77717,0,17810,13622,0,0,43,30.00,16.50,18.00,98.8,boot
430,4.127,9.298,107.5,17838,77662,0,17799,13611,0,0,43,30.00,16.50,18.00,99.0,boot
431,4.136,16.841,59.4,17827,77608,0,17788,13601,0,0,43,30.00,16.50,18.00,99.3,boot
432,4.153,13.173,75.9,17818,77569,0,17779,13595,0,0,43,30.00,16.50,18.00,99.7,boot
433,4.166,12.912,77.4,17806,77511,0,17767,13585,0,0,43,30.00,16.50,18.00,100.0,boot
434,4.179,8.664,115.4,17792,77446,0,17753,13573,0,0,43,30.00,16.50,18.00,100.3,boot
435,4.188,8.311,120.3,17788,77426,0,17749,13569,0,0,43,30.00,16.50,18.00,100.5,boot
436,4.196,8.749,114.3,17783,77401,0,17744,13564,0,0,43,30.00,16.50,18.00,100.7,boot
437,4.205,8.833,113.2,17779,77381,0,17740,13560,0,0,43,30.00,16.50,18.00,100.9,boot
438,4.213,9.425,106.1,17772,77353,0,17733,13557,0,0,43,30.00,16.50,18.00,101.1,boot
439,4.223,9.043,110.6,17764,77313,0,17725,13549,0,0,43,30.00,16.50,18.00,101.4,boot
440,4.232,9.475,105.5,17752,77256,0,17713,13537,0,0,43,30.00,16.50,18.00,101.6,boot
441,4.241,9.485,105.4,17747,77230,0,17708,13534,0,0,43,30.00,16.50,18.00,101.8,boot
442,4.251,9.910,100.9,17735,77168,0,17696,13523,0,0,43,30.00,16.50,18.00,102.0,boot
443,4.261,9.683,103.3,17725,77120,0,17686,13515,0,0,43,30.00,16.50,18.00,102.3,boot
444,4.271,8.763,114.1,17715,77073,0,17676,13508,0,0,43,30.00,16.50,18.00,102.5,boot
445,4.279,11.712,85.4,17713,77057,0,17674,13506,0,0,43,30.00,16.50,18.00,102.7,boot
446,4.291,9.404,106.3,17709,77034,0,17670,13502,0,0,43,30.00,16.50,18.00,103.0,boot
447,4.300,10.076,99.2,17700,76991,0,17661,13495,0,0,43,30.00,16.50,18.00,103.2,boot
448,4.311,9.059,110.4,17690,76944,0,17651,13488,0,0,43,30.00,16.50,18.00,103.5,boot
449,4.320,13.056,76.6,17681,76899,0,17642,13479,0,0,43,30.00,16.50,18.00,103.7,boot
450,4.333,14.738,67.9,17666,76825,0,17627,13465,0,0,43,30.00,16.50,18.00,104.0,boot
451,4.347,9.370,106.7,17661,76805,0,17622,13465,0,0,43,30.00,16.50,18.00,104.3,boot
452,4.357,9.901,101.0,17648,76738,0,17609,13453,0,0,43,30.00,16.50,18.00,104.6,boot
453,4.367,8.814,113.5,17650,76745,0,17611,13455,0,0,43,30.00,16.50,18.00,104.8,boot
454,4.376,9.112,109.7,17646,76726,0,17607,13452,0,0,43,30.00,16.50,18.00,105.0,boot
455,4.385,8.657,115.5,17635,76672,0,17596,13442,0,0,43,30.00,16.50,18.00,105.2,boot
456,4.393,8.912,112.2,17628,76640,0,17589,13438,0,0,43,30.00,16.50,18.00,105.4,boot
457,4.402,8.958,111.6,17624,76627,0,17585,13435,0,0,43,30.00,16.50,18.00,105.7,boot
458,4.411,8.503,117.6,17618,76594,0,17579,13429,0,0,43,30.00,16.50,18.00,105.9,boot
459,4.420,8.380,119.3,17609,76569,0,17570,13428,0,0,43,30.00,16.50,18.00,106.1,boot
460,4.428,8.378,119.4,17602,76538,0,17563,13422,0,0,43,30.00,16.50,18.00,106.3,boot
461,4.437,8.206,121.9,17600,76533,0,17561,13422,0,0,43,30.00,16.50,18.00,106.5,boot
462,4.445,8.475,118.0,17600,76537,0,17561,13423,0,0,43,30.00,16.50,18.00,106.7,boot
463,4.453,8.719,114.7,17591,76511,0,17552,13421,0,0,43,30.00,16.50,18.00,106.9,boot
464,4.462,8.883,112.6,17591,76515,0,17552,13422,0,0,43,30.00,16.50,18.00,107.1,boot
465,4.471,8.942,111.8,17585,76496,0,17546,13418,0,0,43,30.00,16.50,18.00,107.3,boot
466,4.480,8.913,112.2,17585,76498,0,17546,13420,0,0,43,30.00,16.50,18.00,107.5,boot
467,4.489,8.641,115.7,17575,76454,0,17536,13410,0,0,43,30.00,16.50,18.00,107.7,boot
468,4.497,8.944,111.8,17576,76455,0,17537,13413,0,0,43,30.00,16.50,18.00,107.9,boot
469,4.506,8.908,112.3,17569,76422,0,17530,13408,0,0,43,30.00,16.50,18.00,108.2,boot
470,4.515,9.639,103.7,17569,76424,0,17530,13410,0,0,43,30.00,16.50,18.00,108.4,boot
471,4.525,13.695,73.0,17556,76362,0,17517,13400,0,0,43,30.00,16.50,18.00,108.6,boot
472,4.539,8.811,113.5,17555,76353,0,17516,13398,0,0,43,30.00,16.50,18.00,108.9,boot
473,4.547,8.823,113.3,17569,76427,0,17530,13413,0,0,43,30.00,16.50,18.00,109.1,boot
474,4.556,8.992,111.2,17556,76359,0,17517,13400,0,0,43,30.00,16.50,18.00,109.3,boot
475,4.565,8.790,113.8,17547,76320,0,17508,13394,0,0,43,30.00,16.50,18.00,109.6,boot
476,4.574,8.919,112.1,17547,76323,0,17508,13397,0,0,43,30.00,16.50,18.00,109.8,boot
477,4.583,8.620,116.0,17546,76322,0,17507,13397,0,0,43,30.00,16.50,18.00,110.0,boot
478,4.592,9.451,105.8,17546,76316,0,17507,13397,0,0,43,30.00,16.50,18.00,110.2,boot
479,4.601,9.464,105.7,17545,76306,0,17506,13397,0,0,43,30.00,16.50,18.00,110.4,boot
480,4.611,9.152,109.3,17532,76243,0,17493,13386,0,0,43,30.00,16.50,18.00,110.7,boot
481,4.620,9.229,108.4,17538,76274,0,17499,13393,0,0,43,30.00,16.50,18.00,110.9,boot
482,4.629,8.898,112.4,17533,76247,0,17494,13389,0,0,43,30.00,16.50,18.00,111.1,boot
483,4.638,8.686,115.1,17536,76266,0,17497,13393,0,0,43,30.00,16.50,18.00,111.3,boot
484,4.647,9.252,108.1,17533,76256,0,17494,13395,0,0,43,30.00,16.50,18.00,111.5,boot
485,4.656,10.631,94.1,17539,76279,0,17500,13400,0,0,43,30.00,16.50,18.00,111.7,boot
486,4.666,10.020,99.8,17539,76282,0,17500,13403,0,0,43,30.00,16.50,18.00,112.0,boot
487,4.676,9.553,104.7,17527,76219,0,17488,13391,0,0,43,30.00,16.50,18.00,112.2,boot
488,4.686,8.532,117.2,17525,76214,0,17486,13391,0,0,43,30.00,16.50,18.00,112.5,boot
489,4.695,9.417,106.2,17533,76258,0,17494,13400,0,0,43,30.00,16.50,18.00,112.7,boot
490,4.704,8.537,117.1,17556,76373,0,17517,13423,0,0,43,30.00,16.50,18.00,112.9,boot
491,4.713,9.246,108.2,17541,76298,0,17502,13408,0,0,43,30.00,16.50,18.00,113.1,boot
492,4.722,8.700,114.9,17521,76202,0,17482,13389,0,0,43,30.00,16.50,18.00,113.3,boot
493,4.730,11.074,90.3,17528,76242,0,17489,13398,0,0,43,30.00,16.50,18.00,113.5,boot
494,4.742,9.705,103.0,17566,76416,0,17527,13435,0,0,43,30.00,16.50,18.00,113.8,boot
495,4.751,9.205,108.6,17597,76571,0,17558,13466,0,0,43,30.00,16.50,18.00,114.0,boot
496,4.761,8.907,112.3,17586,76510,0,17547,13455,0,0,43,30.00,16.50,18.00,114.3,boot
497,4.769,8.905,112.3,17579,76475,0,17540,13448,0,0,43,30.00,16.50,18.00,114.5,boot
498,4.778,9.557,104.6,17591,76518,0,17552,13455,0,0,43,30.00,16.50,18.00,114.7,boot
499,4.788,9.142,109.4,17615,76638,0,17576,13477,0,0,43,30.00,16.50,18.00,114.9,boot
500,4.797,8.566,116.7,17618,76652,0,17579,13480,0,0,43,30.00,16.50,18.00,115.1,boot
501,4.806,8.782,113.9,17617,76641,0,17578,13479,0,0,43,30.00,16.50,18.00,115.3,boot
502,4.814,8.687,115.1,17623,76671,0,17584,13485,0,0,43,30.00,16.50,18.00,115.5,boot
503,4.823,8.486,117.8,17632,76719,0,17593,13497,0,0,43,30.00,16.50,18.00,115.8,boot
504,4.832,8.859,112.9,17636,76741,0,17597,13503,0,0,43,30.00,16.50,18.00,116.0,boot
505,4.840,9.155,109.2,17644,76778,0,17605,13511,0,0,43,30.00,16.50,18.00,116.2,boot
506,4.850,9.058,110.4,17651,76813,0,17612,13518,0,0,43,30.00,16.50,18.00,116.4,boot
507,4.859,9.142,109.4,17666,76887,0,17627,13533,0,0,43,30.00,16.50,18.00,116.6,boot
508,4.868,9.074,110.2,17674,76927,0,17635,13541,0,0,43,30.00,16.50,18.00,116.8,boot
509,4.877,9.011,111.0,17690,77006,0,17651,13554,0,0,43,30.00,16.50,18.00,117.0,boot
510,4.886,9.210,108.6,17689,77001,0,17650,13553,0,0,43,30.00,16.50,18.00,117.3,boot
511,4.895,9.079,110.1,17700,77055,0,17661,13563,0,0,43,30.00,16.50,18.00,117.5,boot
512,4.904,8.951,111.7,17707,77091,0,17668,13571,0,0,43,30.00,16.50,18.00,117.7,boot
513,4.913,9.369,106.7,17703,77072,0,17664,13568,0,0,43,30.00,16.50,18.00,117.9,boot
514,4.923,10.141,98.6,17689,77008,0,17650,13560,0,0,43,30.00,16.50,18.00,118.1,boot
515,4.933,10.395,96.2,17692,77020,0,17653,13561,0,0,43,30.00,16.50,18.00,118.4,boot
516,4.943,10.014,99.9,17691,77014,0,17652,13559,0,0,43,30.00,16.50,18.00,118.6,boot
517,4.953,8.945,111.8,17695,77031,0,17656,13560,0,0,43,30.00,16.50,18.00,118.9,boot
518,4.962,9.071,110.2,17699,77046,0,17660,13562,0,0,43,30.00,16.50,18.00,119.1,boot
519,4.971,8.946,111.8,17709,77094,0,17670,13570,0,0,43,30.00,16.50,18.00,119.3,boot
520,4.980,9.232,108.3,17718,77138,0,17679,13578,0,0,43,30.00,16.50,18.00,119.5,boot
521,4.989,9.033,110.7,17722,77155,0,17683,13579,0,0,43,30.00,16.50,18.00,119.7,boot
522,4.998,8.962,111.6,17720,77150,0,17681,13582,0,0,43,30.00,16.50,18.00,120.0,boot
523,5.007,9.165,109.1,17722,77161,0,17683,13585,0,0,43,30.00,16.50,18.00,120.2,boot
524,5.017,9.000,111.1,17713,77117,0,17674,13577,0,0,43,30.00,16.50,18.00,120.4,boot
525,5.026,9.246,108.2,17697,77039,0,17658,13563,0,0,43,30.00,16.50,18.00,120.6,boot
526,5.035,8.824,113.3,17694,77023,0,17655,13559,0,0,43,30.00,16.50,18.00,120.8,boot
527,5.044,8.984,111.3,17686,76984,0,17647,13552,0,0,43,30.00,16.50,18.00,121.0,boot
528,5.053,8.767,114.1,17677,76940,0,17638,13544,0,0,43,30.00,16.50,18.00,121.3,boot
529,5.061,9.394,106.5,17664,76874,0,17625,13530,0,0,43,30.00,16.50,18.00,121.5,boot
530,5.071,10.010,99.9,17654,76825,0,17615,13521,0,0,43,30.00,16.50,18.00,121.7,boot
531,5.081,9.289,107.7,17642,76767,0,17603,13511,0,0,43,30.00,16.50,18.00,121.9,boot
532,5.090,9.156,109.2,17627,76693,0,17588,13497,0,0,43,30.00,16.50,18.00,122.2,boot
533,5.099,8.892,112.5,17613,76624,0,17574,13484,0,0,43,30.00,16.50,18.00,122.4,boot
534,5.108,9.382,106.6,17597,76546,0,17558,13470,0,0,43,30.00,16.50,18.00,122.6,boot
535,5.118,8.883,112.6,17590,76512,0,17551,13464,0,0,43,30.00,16.50,18.00,122.8,boot
536,5.127,9.056,110.4,17575,76438,0,17536,13450,0,0,43,30.00,16.50,18.00,123.0,boot
537,5.136,10.372,96.4,17562,76373,0,17523,13437,0,0,43,30.00,16.50,18.00,123.3,boot
538,5.146,9.258,108.0,17555,76336,0,17516,13429,0,0,43,30.00,16.50,18.00,123.5,boot
539,5.155,8.758,114.2,17552,76321,0,17513,13426,0,0,43,30.00,16.50,18.00,123.7,boot
540,5.164,11.902,84.0,17539,76257,0,17500,13414,0,0,43,30.00,16.50,18.00,123.9,boot
541,5.176,43.173,23.2,17526,76191,0,17487,13400,0,0,43,30.00,16.50,18.00,124.2,boot
542,5.219,19.015,52.6,17474,75931,0,17435,13350,0,0,43,30.00,16.50,18.00,125.3,boot
543,5.238,10.720,93.3,17445,75805,0,17406,13328,0,0,43,30.00,16.50,18.00,125.7,boot
544,5.249,9.740,102.7,17420,75680,0,17381,13303,0,0,43,30.00,16.50,18.00,126.0,boot
545,5.259,9.340,107.1,17396,75558,0,17357,13279,0,0,43,30.00,16.50,18.00,126.2,boot
546,5.268,10.648,93.9,17429,75723,0,17390,13312,0,0,43,30.00,16.50,18.00,126.4,boot
547,5.279,9.536,104.9,17412,75623,0,17373,13291,0,0,43,30.00,16.50,18.00,126.7,boot
548,5.288,10.697,93.5,17385,75507,0,17346,13271,0,0,43,30.00,16.50,18.00,126.9,boot
549,5.299,9.874,101.3,17365,75409,0,17326,13253,0,0,43,30.00,16.50,18.00,127.2,boot
550,5.309,10.299,97.1,17369,75425,0,17330,13256,0,0,43,30.00,16.50,18.00,127.4,boot
551,5.319,8.894,112.4,17358,75351,0,17319,13241,0,0,43,30.00,16.50,18.00,127.7,boot
552,5.328,9.299,107.5,17344,75276,0,17305,13228,0,0,43,30.00,16.50,18.00,127.9,boot
553,5.337,11.026,90.7,17329,75201,0,17290,13213,0,0,43,30.00,16.50,18.00,128.1,boot
554,5.348,9.150,109.3,17314,75141,0,17275,13204,0,0,43,30.00,16.50,18.00,128.4,boot
555,5.357,9.189,108.8,17306,75101,0,17267,13196,0,0,43,30.00,16.50,18.00,128.6,boot
556,5.367,11.890,84.1,17291,75020,0,17252,13181,0,0,43,30.00,16.50,18.00,128.8,boot
557,5.379,9.074,110.2,17279,74962,0,17240,13171,0,0,43,30.00,16.50,18.00,129.1,boot
558,5.388,9.158,109.2,17273,74931,0,17234,13164,0,0,43,30.00,16.50,18.00,129.3,boot
559,5.397,12.005,83.3,17258,74851,0,17219,13150,0,0,43,30.00,16.50,18.00,129.5,boot
560,5.409,9.107,109.8,17249,74806,0,17210,13141,0,0,43,30.00,16.50,18.00,129.8,boot
561,5.418,8.809,113.5,17236,74739,0,17197,13129,0,0,43,30.00,16.50,18.00,130.0,boot
562,5.427,8.916,112.2,17226,74689,0,17187,13119,0,0,43,30.00,16.50,18.00,130.2,boot
563,5.436,8.162,122.5,17217,74644,0,17178,13110,0,0,43,30.00,16.50,18.00,130.5,boot
564,5.444,8.243,121.3,17199,74554,0,17160,13092,0,0,43,30.00,16.50,18.00,130.7,boot
565,5.452,8.811,113.5,17183,74471,0,17144,13076,0,0,43,30.00,16.50,18.00,130.9,boot
566,5.461,8.288,120.7,17172,74417,0,17133,13066,0,0,43,30.00,16.50,18.00,131.1,boot
567,5.469,7.870,127.1,17174,74430,0,17135,13068,0,0,43,30.00,16.50,18.00,131.3,boot
568,5.477,8.104,123.4,17164,74383,0,17125,13058,0,0,43,30.00,16.50,18.00,131.5,boot
569,5.485,7.883,126.9,17151,74318,0,17112,13045,0,0,43,30.00,16.50,18.00,131.6,boot
570,5.493,8.393,119.1,17144,74283,0,17105,13038,0,0,43,30.00,16.50,18.00,131.8,boot
571,5.502,8.596,116.3,17133,74228,0,17094,13027,0,0,43,30.00,16.50,18.00,132.0,boot
572,5.510,9.341,107.1,17122,74175,0,17083,13018,0,0,43,30.00,16.50,18.00,132.2,boot
573,5.519,15.099,66.2,17109,74110,0,17070,13005,0,0,43,30.00,16.50,18.00,132.5,boot
574,5.535,8.949,111.7,17092,74028,0,17053,12988,0,0,43,30.00,16.50,18.00,132.8,boot
575,5.544,10.592,94.4,17080,73968,0,17041,12976,0,0,43,30.00,16.50,18.00,133.0,boot
576,5.554,8.291,120.6,17072,73927,0,17033,12967,0,0,43,30.00,16.50,18.00,133.3,boot
577,5.562,9.065,110.3,17071,73922,0,17032,12966,0,0,43,30.00,16.50,18.00,133.5,boot
578,5.572,9.054,110.4,17063,73882,0,17024,12958,0,0,43,30.00,16.50,18.00,133.7,boot
579,5.581,8.579,116.6,17047,73805,0,17008,12942,0,0,43,30.00,16.50,18.00,133.9,boot
580,5.589,8.631,115.9,17045,73795,0,17006,12940,0,0,43,30.00,16.50,18.00,134.1,boot
581,5.598,8.631,115.9,17037,73755,0,16998,12932,0,0,43,30.00,16.50,18.00,134.3,boot
582,5.606,9.061,110.4,17035,73745,0,16996,12930,0,0,43,30.00,16.50,18.00,134.6,boot
583,5.615,15.115,66.2,17027,73706,0,16988,12923,0,0,43,30.00,16.50,18.00,134.8,boot
584,5.631,9.875,101.3,17032,73727,0,16993,12927,0,0,43,30.00,16.50,18.00,135.1,boot
585,5.641,9.436,106.0,17041,73769,0,17002,12934,0,0,43,30.00,16.50,18.00,135.4,boot
586,5.650,9.595,104.2,17043,73779,0,17004,12936,0,0,43,30.00,16.50,18.00,135.6,boot
587,5.660,13.678,73.1,17047,73799,0,17008,12940,0,0,43,30.00,16.50,18.00,135.8,boot
588,5.673,10.758,93.0,17058,73860,0,17019,12951,0,0,43,30.00,16.50,18.00,136.2,boot
589,5.684,10.609,94.3,17064,73872,0,17025,12951,0,0,43,30.00,16.50,18.00,136.4,boot
590,5.695,12.260,81.6,17068,73889,0,17029,12955,0,0,43,30.00,16.50,18.00,136.7,boot
591,5.707,11.341,88.2,17078,73938,0,17039,12964,0,0,43,30.00,16.50,18.00,137.0,boot
592,5.718,10.875,92.0,17071,73900,0,17032,12957,0,0,43,30.00,16.50,18.00,137.2,boot
593,5.729,11.636,85.9,17076,73922,0,17037,12962,0,0,43,30.00,16.50,18.00,137.5,boot
594,5.741,11.482,87.1,17082,73949,0,17043,12968,0,0,43,30.00,16.50,18.00,137.8,boot
595,5.752,14.924,67.0,17084,73959,0,17045,12970,0,0,43,30.00,16.50,18.00,138.1,boot
596,5.767,11.794,84.8,17081,73938,0,17042,12967,0,0,43,30.00,16.50,18.00,138.4,boot
597,5.779,12.520,79.9,17080,73932,0,17041,12965,0,0,43,30.00,16.50,18.00,138.7,boot
598,5.792,13.191,75.8,17081,73928,0,17042,12964,0,0,43,30.00,16.50,18.00,139.0,boot
599,5.805,13.177,75.9,17082,73933,0,17043,12965,0,0,43,30.00,16.50,18.00,139.3,boot
600,5.818,12.674,78.9,17079,73918,0,17040,12962,0,0,43,30.00,16.50,18.00,139.6,boot
601,5.831,14.231,70.3,17067,73855,0,17028,12950,0,0,43,30.00,16.50,18.00,139.9,boot
602,5.845,20.064,49.8,17066,73850,0,17027,12949,0,0,43,30.00,16.50,18.00,140.3,boot
603,5.865,12.954,77.2,17070,73866,0,17031,12952,0,0,43,30.00,16.50,18.00,140.8,boot
604,5.878,13.149,76.1,17065,73838,0,17026,12947,0,0,43,30.00,16.50,18.00,141.1,boot
605,5.891,15.945,62.7,17062,73817,0,17023,12942,0,0,43,30.00,16.50,18.00,141.4,boot
606,5.907,14.365,69.6,17057,73792,0,17018,12937,0,0,43,30.00,16.50,18.00,141.8,boot
607,5.921,14.198,70.4,17059,73799,0,17020,12939,0,0,43,30.00,16.50,18.00,142.1,boot
608,5.936,14.687,68.1,17057,73788,0,17018,12936,0,0,43,30.00,16.50,18.00,142.5,boot
609,5.950,14.783,67.6,17061,73805,0,17022,12940,0,0,43,30.00,16.50,18.00,142.8,boot
610,5.965,25.118,39.8,17066,73827,0,17027,12945,0,0,43,30.00,16.50,18.00,143.2,boot
611,5.990,26.000,38.5,17052,73751,0,17013,12931,0,0,43,30.00,16.50,18.00,143.8,boot
612,6.016,14.589,68.5,17053,73746,0,17014,12931,0,0,43,30.00,16.50,18.00,144.4,boot
613,6.031,14.657,68.2,17047,73713,0,17008,12925,0,0,43,30.00,16.50,18.00,144.7,boot
614,6.046,14.963,66.8,17046,73702,0,17007,12924,0,0,43,30.00,16.50,18.00,145.1,boot
615,6.061,15.350,65.1,17038,73662,0,16999,12916,0,0,43,30.00,16.50,18.00,145.5,boot
616,6.076,16.634,60.1,17041,73673,0,17002,12918,0,0,43,30.00,16.50,18.00,145.8,boot
617,6.093,15.037,66.5,17044,73685,0,17005,12921,0,0,43,30.00,16.50,18.00,146.2,boot
618,6.108,15.833,63.2,17045,73693,0,17006,12922,0,0,43,30.00,16.50,18.00,146.6,boot
619,6.123,16.677,60.0,17036,73651,0,16997,12913,0,0,43,30.00,16.50,18.00,147.0,boot
620,6.140,16.395,61.0,17039,73660,0,17000,12916,0,0,43,30.00,16.50,18.00,147.4,boot
621,6.156,18.198,55.0,17058,73745,0,17019,12934,0,0,43,30.00,16.50,18.00,147.8,boot
622,6.175,19.068,52.4,17064,73787,0,17025,12946,0,0,43,30.00,16.50,18.00,148.2,boot
623,6.194,17.033,58.7,17071,73819,0,17032,12953,0,0,43,30.00,16.50,18.00,148.7,boot
624,6.211,22.495,44.5,17074,73824,0,17035,12955,0,0,43,30.00,16.50,18.00,149.1,boot
625,6.233,18.155,55.1,17104,73969,0,17065,12983,0,0,43,30.00,16.50,18.00,149.6,boot
626,6.252,19.539,51.2,17106,73976,0,17067,12985,0,0,43,30.00,16.50,18.00,150.0,boot
627,6.271,17.891,55.9,17120,74046,0,17081,12999,0,0,43,30.00,16.50,18.00,150.5,boot
628,6.289,27.507,36.4,17116,74020,0,17077,12995,0,0,43,30.00,16.50,18.00,150.9,boot
629,6.316,17.796,56.2,17127,74073,0,17088,13004,0,0,43,30.00,16.50,18.00,151.6,boot
630,6.334,17.275,57.9,17136,74132,0,17097,13018,0,0,43,30.00,16.50,18.00,152.0,boot
631,6.352,17.537,57.0,17163,74259,0,17124,13041,0,0,43,30.00,16.50,18.00,152.4,boot
632,6.369,19.246,52.0,17183,74352,0,17144,13060,0,0,43,30.00,16.50,18.00,152.9,boot
633,6.388,20.578,48.6,17202,74443,0,17163,13076,0,0,43,30.00,16.50,18.00,153.3,boot
634,6.409,17.575,56.9,17218,74522,0,17179,13091,0,0,43,30.00,16.50,18.00,153.8,boot
635,6.427,21.919,45.6,17235,74605,0,17196,13104,0,0,43,30.00,16.50,18.00,154.2,boot
636,6.448,18.473,54.1,17267,74749,0,17228,13129,0,0,43,30.00,16.50,18.00,154.8,boot
637,6.467,17.923,55.8,17300,74918,0,17261,13160,0,0,43,30.00,16.50,18.00,155.2,boot
638,6.485,17.892,55.9,17323,75029,0,17284,13182,0,0,43,30.00,16.50,18.00,155.6,boot
639,6.503,18.938,52.8,17344,75137,0,17305,13203,0,0,43,30.00,16.50,18.00,156.1,boot
640,6.522,31.039,32.2,17362,75220,0,17323,13220,0,0,43,30.00,16.50,18.00,156.5,boot
641,6.553,19.136,52.3,17391,75354,0,17352,13247,0,0,43,30.00,16.50,18.00,157.3,boot
642,6.572,19.799,50.5,17422,75499,0,17383,13275,0,0,43,30.00,16.50,18.00,157.7,boot
643,6.592,22.074,45.3,17439,75582,0,17400,13290,0,0,43,30.00,16.50,18.00,158.2,boot
644,6.614,18.636,53.7,17452,75638,0,17413,13303,0,0,43,30.00,16.50,18.00,158.7,boot
645,6.633,20.232,49.4,17452,75640,0,17413,13302,0,0,43,30.00,16.50,18.00,159.2,boot
646,6.653,20.600,48.5,17459,75680,0,17420,13308,0,0,43,30.00,16.50,18.00,159.7,boot
647,6.673,21.674,46.1,17465,75705,0,17426,13312,0,0,43,30.00,16.50,18.00,160.2,boot
648,6.695,19.942,50.1,17472,75733,0,17433,13318,0,0,43,30.00,16.50,18.00,160.7,boot
649,6.715,18.805,53.2,17478,75756,0,17439,13323,0,0,43,30.00,16.50,18.00,161.2,boot
650,6.734,20.130,49.7,17481,75771,0,17442,13326,0,0,43,30.00,16.50,18.00,161.6,boot
651,6.754,21.304,46.9,17478,75752,0,17439,13322,0,0,43,30.00,16.50,18.00,162.1,boot
652,6.775,21.799,45.9,17481,75765,0,17442,13321,0,0,43,30.00,16.50,18.00,162.6,boot
653,6.797,24.876,40.2,17495,75825,0,17456,13334,0,0,43,30.00,16.50,18.00,163.1,boot
654,6.822,23.211,43.1,17501,75832,0,17462,13332,0,0,43,30.00,16.50,18.00,163.7,boot
655,6.845,30.824,32.4,17523,75935,0,17484,13353,0,0,43,30.00,16.50,18.00,164.3,boot
656,6.876,20.579,48.6,17533,75979,0,17494,13363,0,0,43,30.00,16.50,18.00,165.0,boot
657,6.897,21.720,46.0,17542,76010,0,17503,13370,0,0,43,30.00,16.50,18.00,165.5,boot
658,6.919,23.599,42.4,17564,76120,0,17525,13392,0,0,43,30.00,16.50,18.00,166.0,boot
659,6.942,24.238,41.3,17583,76206,0,17544,13411,0,0,43,30.00,16.50,18.00,166.6,boot
660,6.966,24.752,40.4,17607,76326,0,17568,13435,0,0,43,30.00,16.50,18.00,167.2,boot
661,6.991,24.537,40.8,17630,76414,0,17591,13452,0,0,43,30.00,16.50,18.00,167.8,boot
662,7.016,25.358,39.4,17644,76484,0,17605,13466,0,0,43,30.00,16.50,18.00,168.4,boot
663,7.041,24.928,40.1,17664,76578,0,17625,13486,0,0,43,30.00,16.50,18.00,169.0,boot
664,7.066,25.236,39.6,17677,76634,0,17638,13499,0,0,43,30.00,16.50,18.00,169.6,boot
665,7.091,25.613,39.0,17681,76657,0,17642,13503,0,0,43,30.00,16.50,18.00,170.2,boot
666,7.117,25.887,38.6,17686,76676,0,17647,13508,0,0,43,30.00,16.50,18.00,170.8,boot
667,7.143,25.794,38.8,17694,76716,0,17655,13516,0,0,43,30.00,16.50,18.00,171.4,boot
668,7.169,26.056,38.4,17704,76763,0,17665,13526,0,0,43,30.00,16.50,18.00,172.1,boot
669,7.195,25.682,38.9,17699,76729,0,17660,13521,0,0,43,30.00,16.50,18.00,172.7,boot
670,7.221,41.699,24.0,17667,76566,0,17628,13489,0,0,43,30.00,16.50,18.00,173.3,boot
671,7.262,21.083,47.4,17707,76763,0,17668,13529,0,0,43,30.00,16.50,18.00,174.3,boot
672,7.283,24.378,41.0,17699,76720,0,17660,13521,0,0,43,30.00,16.50,18.00,174.8,boot
673,7.308,22.035,45.4,17698,76718,0,17659,13520,0,0,43,30.00,16.50,18.00,175.4,boot
674,7.330,26.175,38.2,17697,76713,0,17658,13519,0,0,43,30.00,16.50,18.00,175.9,boot
675,7.356,27.003,37.0,17702,76732,0,17663,13524,0,0,43,30.00,16.50,18.00,176.5,boot
676,7.383,27.422,36.5,17701,76724,0,17662,13523,0,0,43,30.00,16.50,18.00,177.2,boot
677,7.411,27.108,36.9,17699,76711,0,17660,13521,0,0,43,30.00,16.50,18.00,177.9,boot
678,7.438,27.304,36.6,17706,76749,0,17667,13528,0,0,43,30.00,16.50,18.00,178.5,boot
679,7.465,27.672,36.1,17703,76737,0,17664,13525,0,0,43,30.00,16.50,18.00,179.2,boot
680,7.493,27.355,36.6,17710,76778,0,17671,13532,0,0,43,30.00,16.50,18.00,179.8,boot
681,7.520,26.485,37.8,17700,76746,0,17661,13528,0,0,43,30.00,16.50,18.00,180.5,boot
682,7.547,26.512,37.7,17696,76732,0,17657,13524,0,0,43,30.00,16.50,18.00,181.1,boot
683,7.573,28.080,35.6,17701,76754,0,17662,13529,0,0,43,30.00,16.50,18.00,181.8,boot
684,7.601,28.677,34.9,17698,76724,0,17659,13526,0,0,43,30.00,16.50,18.00,182.4,boot
685,7.630,28.735,34.8,17697,76713,0,17658,13525,0,0,43,30.00,16.50,18.00,183.1,boot
686,7.659,28.950,34.5,17690,76675,0,17651,13518,0,0,43,30.00,16.50,18.00,183.8,boot
687,7.688,30.115,33.2,17687,76654,0,17648,13515,0,0,43,30.00,16.50,18.00,184.5,boot
688,7.718,41.467,24.1,17695,76697,0,17656,13523,0,0,43,30.00,16.50,18.00,185.2,boot
689,7.759,26.058,38.4,17695,76703,0,17656,13523,0,0,43,30.00,16.50,18.00,186.2,boot
690,7.786,21.962,45.5,17686,76646,0,17647,13514,0,0,43,30.00,16.50,18.00,186.9,boot
691,7.808,30.031,33.3,17682,76641,0,17643,13516,0,0,43,30.00,16.50,18.00,187.4,boot
692,7.838,29.934,33.4,17694,76677,0,17655,13522,0,0,43,30.00,16.50,18.00,188.1,boot
693,7.868,45.839,21.8,17691,76656,0,17652,13519,0,0,43,30.00,16.50,18.00,188.8,boot
694,7.913,35.172,28.4,17688,76662,0,17649,13522,0,0,43,30.00,16.50,18.00,189.9,boot
695,7.949,50.298,19.9,17686,76655,0,17647,13520,0,0,43,30.00,16.50,18.00,190.8,boot
696,7.999,29.294,34.1,17683,76649,0,17644,13517,0,0,43,30.00,16.50,18.00,192.0,boot
697,8.028,25.889,38.6,17698,76710,0,17659,13524,0,0,43,30.00,16.50,18.00,192.7,boot
698,8.054,20.403,49.0,17699,76714,0,17660,13524,0,0,43,30.00,16.50,18.00,193.3,boot
699,8.075,23.982,41.7,17697,76709,0,17658,13521,0,0,43,30.00,16.50,18.00,193.8,boot
700,8.099,28.104,35.6,17699,76712,0,17660,13522,0,0,43,30.00,16.50,18.00,194.4,boot
701,8.127,31.807,31.4,17698,76705,0,17659,13519,0,0,43,30.00,16.50,18.00,195.0,boot
702,8.158,31.067,32.2,17710,76759,0,17671,13528,0,0,43,30.00,16.50,18.00,195.8,boot
703,8.190,32.121,31.1,17708,76748,0,17669,13525,0,0,43,30.00,16.50,18.00,196.5,boot
704,8.222,32.387,30.9,17709,76739,0,17670,13518,0,0,43,30.00,16.50,18.00,197.3,boot
705,8.254,32.009,31.2,17720,76786,0,17681,13523,0,0,43,30.00,16.50,18.00,198.1,boot
706,8.286,33.357,30.0,17726,76814,0,17687,13524,0,0,43,30.00,16.50,18.00,198.9,boot
707,8.320,32.609,30.7,17740,76873,0,17701,13530,0,0,43,30.00,16.50,18.00,199.7,boot
708,8.352,33.169,30.1,17749,76925,0,17710,13537,0,0,43,30.00,16.50,18.00,200.5,boot
709,8.385,32.761,30.5,17749,76941,0,17710,13535,0,0,43,30.00,16.50,18.00,201.3,boot
710,8.418,33.116,30.2,17767,77033,0,17728,13549,0,0,43,30.00,16.50,18.00,202.0,boot
711,8.451,32.865,30.4,17798,77186,0,17759,13574,0,0,43,30.00,16.50,18.00,202.8,boot
712,8.484,34.000,29.4,17835,77364,0,17796,13607,0,0,43,30.00,16.50,18.00,203.6,boot
713,8.518,32.091,31.2,17862,77489,0,17823,13625,0,0,43,30.00,16.50,18.00,204.4,boot
714,8.550,32.638,30.6,17895,77647,0,17856,13651,0,0,43,30.00,16.50,18.00,205.2,boot
715,8.583,32.285,31.0,17931,77821,0,17892,13681,0,0,43,30.00,16.50,18.00,206.0,boot
716,8.615,32.682,30.6,17969,78010,0,17930,13718,0,0,43,30.00,16.50,18.00,206.8,boot
717,8.648,32.592,30.7,18021,78268,0,17982,13763,0,0,43,30.00,16.50,18.00,207.6,boot
718,8.681,34.456,29.0,18063,78462,0,18024,13798,0,0,43,30.00,16.50,18.00,208.3,boot
719,8.715,34.118,29.3,18098,78633,0,18059,13832,0,0,43,30.00,16.50,18.00,209.2,boot
720,8.749,36.261,27.6,18150,78890,0,18111,13878,0,0,43,30.00,16.50,18.00,210.0,boot
721,8.786,37.350,26.8,18197,79121,0,18158,13920,0,0,43,30.00,16.50,18.00,210.9,boot
722,8.823,35.955,27.8,18256,79408,0,18217,13974,0,0,43,30.00,16.50,18.00,211.8,boot
723,8.859,34.967,28.6,18294,79590,0,18255,14001,0,0,43,30.00,16.50,18.00,212.6,boot
724,8.894,35.207,28.4,18325,79739,0,18286,14023,0,0,43,30.00,16.50,18.00,213.5,boot
725,8.929,35.395,28.3,18370,79949,0,18331,14056,0,0,43,30.00,16.50,18.00,214.3,boot
726,8.965,35.840,27.9,18414,80150,0,18375,14085,0,0,43,30.00,16.50,18.00,215.2,boot
727,9.001,35.960,27.8,18465,80376,0,18426,14122,0,0,43,30.00,16.50,18.00,216.0,boot
728,9.037,36.007,27.8,18495,80519,0,18456,14143,0,0,43,30.00,16.50,18.00,216.9,boot
729,9.073,36.235,27.6,18525,80666,0,18486,14164,0,0,43,30.00,16.50,18.00,217.7,boot
730,9.109,35.817,27.9,18569,80885,0,18530,14201,0,0,43,30.00,16.50,18.00,218.6,boot
731,9.145,39.942,25.0,18605,81051,0,18566,14226,0,0,43,30.00,16.50,18.00,219.5,boot
732,9.185,34.464,29.0,18653,81248,0,18614,14255,0,0,43,30.00,16.50,18.00,220.4,boot
733,9.219,37.356,26.8,18701,81452,0,18662,14273,0,0,43,30.00,16.50,18.00,221.3,boot
734,9.256,37.256,26.8,18746,81641,0,18707,14288,0,0,43,30.00,16.50,18.00,222.2,boot
735,9.294,38.367,26.1,18768,81712,0,18729,14289,0,0,43,30.00,16.50,18.00,223.1,boot
736,9.332,37.703,26.5,18765,81674,0,18726,14269,0,0,43,30.00,16.50,18.00,224.0,boot
737,9.370,38.113,26.2,18745,81567,0,18706,14237,0,0,43,30.00,16.50,18.00,224.9,boot
738,9.408,38.584,25.9,18729,81461,0,18690,14201,0,0,43,30.00,16.50,18.00,225.8,boot
739,9.447,38.266,26.1,18676,81192,0,18637,14138,0,0,43,30.00,16.50,18.00,226.7,boot
740,9.485,37.774,26.5,18609,80846,0,18570,14061,0,0,43,30.00,16.50,18.00,227.6,boot
741,9.523,38.229,26.2,18519,80399,0,18480,13970,0,0,43,30.00,16.50,18.00,228.6,boot
742,9.561,38.446,26.0,18452,80100,0,18413,13910,0,0,43,30.00,16.50,18.00,229.5,boot
743,9.600,38.577,25.9,18446,80097,0,18407,13905,0,0,43,30.00,16.50,18.00,230.4,boot
744,9.638,39.169,25.5,18521,80465,0,18482,13964,0,0,43,30.00,16.50,18.00,231.3,boot
745,9.677,41.042,24.4,18582,80757,0,18543,14012,0,0,43,30.00,16.50,18.00,232.3,boot
746,9.719,40.876,24.5,18650,81083,0,18611,14060,0,0,43,30.00,16.50,18.00,233.2,boot
747,9.759,36.397,27.5,18704,81345,0,18665,14097,0,0,43,30.00,16.50,18.00,234.2,boot
748,9.796,40.685,24.6,18771,81677,0,18732,14155,0,0,43,30.00,16.50,18.00,235.1,boot
749,9.837,38.761,25.8,18826,81954,0,18787,14206,0,0,43,30.00,16.50,18.00,236.1,boot
750,9.875,38.516,26.0,18887,82263,0,18848,14265,0,0,43,30.00,16.50,18.00,237.0,boot
751,9.914,38.741,25.8,18940,82534,0,18901,14318,0,0,43,30.00,16.50,18.00,237.9,boot
752,9.953,38.270,26.1,18986,82757,0,18947,14360,0,0,43,30.00,16.50,18.00,238.9,boot
753,9.991,38.402,26.0,19033,83001,0,18994,14407,0,0,43,30.00,16.50,18.00,239.8,boot
754,10.029,38.949,25.7,19076,83229,0,19037,14453,0,0,43,30.00,16.50,18.00,240.7,boot
755,10.068,38.234,26.2,19129,83506,0,19090,14506,0,0,43,30.00,16.50,18.00,241.6,boot
756,10.107,38.766,25.8,19199,83862,0,19160,14576,0,0,43,30.00,16.50,18.00,242.6,boot
757,10.145,40.462,24.7,19239,84072,0,19200,14618,0,0,43,30.00,16.50,18.00,243.5,boot
758,10.186,40.779,24.5,19270,84225,0,19231,14644,0,0,43,30.00,16.50,18.00,244.5,boot
759,10.227,39.044,25.6,19256,84167,0,19217,14630,0,0,43,30.00,16.50,18.00,245.4,boot
760,10.266,40.447,24.7,19252,84156,0,19213,14626,0,0,43,30.00,16.50,18.00,246.4,boot
761,10.306,41.598,24.0,19259,84198,0,19220,14636,0,0,43,30.00,16.50,18.00,247.4,boot
762,10.348,41.448,24.1,19272,84270,0,19233,14650,0,0,43,30.00,16.50,18.00,248.4,boot
763,10.389,41.376,24.2,19272,84273,0,19233,14650,0,0,43,30.00,16.50,18.00,249.3,boot
764,10.431,40.470,24.7,19275,84292,0,19236,14655,0,0,43,30.00,16.50,18.00,250.3,boot
765,10.471,39.956,25.0,19286,84350,0,19247,14666,0,0,43,30.00,16.50,18.00,251.3,boot
766,10.511,38.487,26.0,19296,84404,0,19257,14677,0,0,43,30.00,16.50,18.00,252.3,boot
767,10.550,37.607,26.6,19347,84671,0,19308,14728,0,0,43,30.00,16.50,18.00,253.2,boot
768,10.587,37.652,26.6,19350,84696,0,19311,14732,0,0,43,30.00,16.50,18.00,254.1,boot
769,10.625,37.276,26.8,19350,84699,0,19311,14732,0,0,43,30.00,16.50,18.00,255.0,boot
770,10.662,37.900,26.4,19342,84663,0,19303,14727,0,0,43,30.00,16.50,18.00,255.9,boot
771,10.700,38.095,26.3,19350,84709,0,19311,14737,0,0,43,30.00,16.50,18.00,256.8,boot
772,10.738,37.490,26.7,19327,84601,0,19288,14715,0,0,43,30.00,16.50,18.00,257.7,boot
773,10.776,37.493,26.7,19350,84729,0,19311,14739,0,0,43,30.00,16.50,18.00,258.6,boot
774,10.813,39.887,25.1,19337,84669,0,19298,14725,0,0,43,30.00,16.50,18.00,259.5,boot
775,10.853,36.704,27.2,19315,84587,0,19276,14710,0,0,43,30.00,16.50,18.00,260.5,boot
776,10.890,37.397,26.7,19310,84569,0,19271,14706,0,0,43,30.00,16.50,18.00,261.4,boot
777,10.927,36.957,27.1,19282,84434,0,19243,14680,0,0,43,30.00,16.50,18.00,262.3,boot
778,10.964,36.205,27.6,19276,84390,0,19237,14669,0,0,43,30.00,16.50,18.00,263.1,boot
779,11.001,37.664,26.6,19313,84557,0,19274,14700,0,0,43,30.00,16.50,18.00,264.0,boot
780,11.038,38.505,26.0,19271,84348,0,19232,14659,0,0,43,30.00,16.50,18.00,264.9,boot
781,11.077,37.594,26.6,19236,84177,0,19197,14627,0,0,43,30.00,16.50,18.00,265.8,boot
782,11.115,42.505,23.5,19216,84076,0,19177,14609,0,0,43,30.00,16.50,18.00,266.7,boot
783,11.157,52.403,19.1,19172,83839,0,19133,14563,0,0,43,30.00,16.50,18.00,267.8,boot
784,11.209,36.225,27.6,19172,83843,0,19133,14565,0,0,43,30.00,16.50,18.00,269.0,boot
785,11.246,28.768,34.8,19136,83665,0,19097,14531,0,0,43,30.00,16.50,18.00,269.9,boot
786,11.275,35.321,28.3,19145,83710,0,19106,14536,0,0,43,30.00,16.50,18.00,270.6,boot
787,11.310,40.661,24.6,19164,83820,0,19125,14555,0,0,43,30.00,16.50,18.00,271.4,boot
788,11.351,39.316,25.4,19160,83787,0,19121,14550,0,0,43,30.00,16.50,18.00,272.4,boot
789,11.390,39.934,25.0,19153,83784,0,19114,14554,0,0,43,30.00,16.50,18.00,273.4,boot
790,11.430,39.283,25.5,19182,83934,0,19143,14582,0,0,43,30.00,16.50,18.00,274.3,boot
791,11.469,38.649,25.9,19160,83823,0,19121,14562,0,0,43,30.00,16.50,18.00,275.3,boot
792,11.508,38.237,26.2,19115,83610,0,19076,14523,0,0,43,30.00,16.50,18.00,276.2,boot
793,11.546,35.802,27.9,19079,83430,0,19040,14486,0,0,43,30.00,16.50,18.00,277.1,boot
794,11.582,35.711,28.0,19050,83284,0,19011,14456,0,0,43,30.00,16.50,18.00,278.0,boot
795,11.618,35.920,27.8,19019,83126,0,18980,14422,0,0,43,30.00,16.50,18.00,278.8,boot
796,11.654,35.331,28.3,19051,83284,0,19012,14452,0,0,43,30.00,16.50,18.00,279.7,boot
797,11.689,35.197,28.4,19039,83207,0,19000,14432,0,0,43,30.00,16.50,18.00,280.5,boot
798,11.724,35.651,28.0,19021,83119,0,18982,14410,0,0,43,30.00,16.50,18.00,281.4,boot
799,11.760,35.094,28.5,19000,83021,0,18961,14387,0,0,43,30.00,16.50,18.00,282.2,boot
800,11.795,36.251,27.6,18975,82911,0,18936,14362,0,0,43,30.00,16.50,18.00,283.1,boot
801,11.831,35.329,28.3,18945,82762,0,18906,14327,0,0,43,30.00,16.50,18.00,284.0,boot
802,11.867,34.944,28.6,18977,82933,0,18938,14358,0,0,43,30.00,16.50,18.00,284.8,boot
803,11.902,35.104,28.5,18944,82774,0,18905,14322,0,0,43,30.00,16.50,18.00,285.6,boot
804,11.937,34.540,29.0,18918,82658,0,18879,14295,0,0,43,30.00,16.50,18.00,286.5,boot
805,11.971,32.117,31.1,18906,82598,0,18867,14280,0,0,43,30.00,16.50,18.00,287.3,boot
806,12.004,32.734,30.5,18881,82472,0,18842,14254,0,0,43,30.00,16.50,18.00,288.1,boot
807,12.036,34.087,29.3,18858,82350,0,18819,14227,0,0,43,30.00,16.50,18.00,288.9,boot
808,12.070,33.561,29.8,18898,82551,0,18859,14265,0,0,43,30.00,16.50,18.00,289.7,boot
809,12.104,31.371,31.9,18869,82406,0,18830,14236,0,0,43,30.00,16.50,18.00,290.5,boot
810,12.135,31.529,31.7,18850,82312,0,18811,14215,0,0,43,30.00,16.50,18.00,291.3,boot
811,12.167,31.586,31.7,18832,82220,0,18793,14195,0,0,43,30.00,16.50,18.00,292.0,boot
812,12.199,31.553,31.7,18811,82108,0,18772,14173,0,0,43,30.00,16.50,18.00,292.8,boot
813,12.230,31.411,31.8,18813,82108,0,18774,14171,0,0,43,30.00,16.50,18.00,293.5,boot
814,12.262,32.410,30.9,18749,81770,0,18710,14107,0,0,43,30.00,16.50,18.00,294.3,boot
815,12.294,33.594,29.8,18806,82053,0,18767,14162,0,0,43,30.00,16.50,18.00,295.1,boot
816,12.328,35.618,28.1,18790,81964,0,18751,14143,0,0,43,30.00,16.50,18.00,295.9,boot
817,12.363,29.699,33.7,18768,81853,0,18729,14120,0,0,43,30.00,16.50,18.00,296.7,boot
818,12.393,32.459,30.8,18739,81707,0,18700,14090,0,0,43,30.00,16.50,18.00,297.4,boot
819,12.426,32.714,30.6,18719,81604,0,18680,14067,0,0,43,30.00,16.50,18.00,298.2,boot
820,12.458,31.658,31.6,18699,81497,0,18660,14046,0,0,43,30.00,16.50,18.00,299.0,boot
821,12.490,31.596,31.6,18682,81409,0,18643,14029,0,0,43,30.00,16.50,18.00,299.8,boot
822,12.522,31.690,31.6,18716,81579,0,18677,14060,0,0,43,30.00,16.50,18.00,300.5,boot
823,12.553,29.338,34.1,18699,81506,0,18660,14043,0,0,43,30.00,16.50,18.00,301.3,boot
824,12.583,29.678,33.7,18672,81378,0,18633,14014,0,0,43,30.00,16.50,18.00,302.0,boot
825,12.612,29.542,33.9,18638,81215,0,18599,13981,0,0,43,30.00,16.50,18.00,302.7,boot
826,12.642,29.325,34.1,18617,81121,0,18578,13962,0,0,43,30.00,16.50,18.00,303.4,boot
827,12.671,30.580,32.7,18601,81016,0,18562,13939,0,0,43,30.00,16.50,18.00,304.1,boot
828,12.702,31.216,32.0,18573,80881,0,18534,13913,0,0,43,30.00,16.50,18.00,304.8,boot
829,12.733,30.813,32.5,18615,81086,0,18576,13956,0,0,43,30.00,16.50,18.00,305.6,boot
830,12.764,30.231,33.1,18575,80886,0,18536,13916,0,0,43,30.00,16.50,18.00,306.3,boot
831,12.794,30.751,32.5,18558,80807,0,18519,13905,0,0,43,30.00,16.50,18.00,307.1,boot
832,12.825,30.030,33.3,18533,80688,0,18494,13883,0,0,43,30.00,16.50,18.00,307.8,boot
833,12.855,29.670,33.7,18498,80516,0,18459,13851,0,0,43,30.00,16.50,18.00,308.5,boot
834,12.885,29.172,34.3,18472,80394,0,18433,13830,0,0,43,30.00,16.50,18.00,309.2,boot
835,12.914,27.549,36.3,18442,80266,0,18403,13810,0,0,43,30.00,16.50,18.00,309.9,boot
836,12.942,27.723,36.1,18477,80447,0,18438,13848,0,0,43,30.00,16.50,18.00,310.6,boot
837,12.969,26.850,37.2,18451,80324,0,18412,13829,0,0,43,30.00,16.50,18.00,311.3,boot
838,12.996,27.098,36.9,18434,80235,0,18395,13814,0,0,43,30.00,16.50,18.00,311.9,boot
839,13.023,32.340,30.9,18413,80131,0,18374,13797,0,0,43,30.00,16.50,18.00,312.6,boot
840,13.056,23.761,42.1,18399,80046,0,18360,13783,0,0,43,30.00,16.50,18.00,313.3,boot
841,13.079,28.254,35.4,18382,79960,0,18343,13771,0,0,43,30.00,16.50,18.00,313.9,boot
842,13.108,27.259,36.7,18359,79846,0,18320,13753,0,0,43,30.00,16.50,18.00,314.6,boot
843,13.135,27.343,36.6,18339,79744,0,18300,13737,0,0,43,30.00,16.50,18.00,315.2,boot
844,13.162,27.806,36.0,18365,79880,0,18326,13771,0,0,43,30.00,16.50,18.00,315.9,boot
845,13.190,25.530,39.2,18348,79783,0,18309,13753,0,0,43,30.00,16.50,18.00,316.6,boot
846,13.216,26.193,38.2,18333,79722,0,18294,13743,0,0,43,30.00,16.50,18.00,317.2,boot
847,13.242,25.104,39.8,18316,79642,0,18277,13728,0,0,43,30.00,16.50,18.00,317.8,boot
848,13.267,26.206,38.2,18294,79539,0,18255,13710,0,0,43,30.00,16.50,18.00,318.4,boot
849,13.293,27.432,36.5,18265,79398,0,18226,13687,0,0,43,30.00,16.50,18.00,319.0,boot
850,13.321,26.471,37.8,18239,79272,0,18200,13665,0,0,43,30.00,16.50,18.00,319.7,boot
851,13.347,26.008,38.4,18199,79071,0,18160,13627,0,0,43,30.00,16.50,18.00,320.3,boot
852,13.373,28.423,35.2,18246,79299,0,18207,13673,0,0,43,30.00,16.50,18.00,321.0,boot
853,13.402,40.384,24.8,18206,79113,0,18167,13638,0,0,43,30.00,16.50,18.00,321.6,boot
854,13.442,32.586,30.7,18131,78761,0,18092,13575,0,0,43,30.00,16.50,18.00,322.6,boot
855,13.475,20.885,47.9,18087,78543,0,18048,13536,0,0,43,30.00,16.50,18.00,323.4,boot
856,13.496,19.524,51.2,18035,78288,0,17996,13492,0,0,43,30.00,16.50,18.00,323.9,boot
857,13.515,19.327,51.7,18019,78209,0,17980,13480,0,0,43,30.00,16.50,18.00,324.4,boot
858,13.535,19.324,51.7,17992,78083,0,17953,13465,0,0,43,30.00,16.50,18.00,324.8,boot
859,13.554,20.723,48.3,17968,77968,0,17929,13449,0,0,43,30.00,16.50,18.00,325.3,boot
860,13.575,23.389,42.8,17997,78114,0,17958,13482,0,0,43,30.00,16.50,18.00,325.8,boot
861,13.598,23.372,42.8,17963,77953,0,17924,13457,0,0,43,30.00,16.50,18.00,326.4,boot
862,13.621,23.925,41.8,17925,77768,0,17886,13427,0,0,43,30.00,16.50,18.00,326.9,boot
863,13.645,23.147,43.2,17905,77671,0,17866,13410,0,0,43,30.00,16.50,18.00,327.5,boot
864,13.669,22.126,45.2,17882,77563,0,17843,13394,0,0,43,30.00,16.50,18.00,328.0,boot
865,13.691,23.025,43.4,17844,77378,0,17805,13364,0,0,43,30.00,16.50,18.00,328.6,boot
866,13.714,39.553,25.3,17824,77267,0,17785,13345,0,0,43,30.00,16.50,18.00,329.1,boot
867,13.753,27.549,36.3,17800,77166,0,17761,13333,0,0,43,30.00,16.50,18.00,330.1,boot
868,13.781,26.411,37.9,17783,77090,0,17744,13322,0,0,43,30.00,16.50,18.00,330.7,boot
869,13.807,23.861,41.9,17736,76861,0,17697,13284,0,0,43,30.00,16.50,18.00,331.4,boot
870,13.831,20.888,47.9,17717,76773,0,17678,13269,0,0,43,30.00,16.50,18.00,331.9,boot
871,13.852,19.755,50.6,17682,76623,0,17643,13247,0,0,43,30.00,16.50,18.00,332.5,boot
872,13.872,18.986,52.7,17661,76519,0,17622,13227,0,0,43,30.00,16.50,18.00,332.9,boot
873,13.891,18.637,53.7,17632,76377,0,17593,13201,0,0,43,30.00,16.50,18.00,333.4,boot
874,13.910,22.418,44.6,17618,76308,0,17579,13188,0,0,43,30.00,16.50,18.00,333.8,boot
875,13.932,20.685,48.3,17577,76110,0,17538,13151,0,0,43,30.00,16.50,18.00,334.4,boot
876,13.953,18.709,53.4,17551,75994,0,17512,13133,0,0,43,30.00,16.50,18.00,334.9,boot
877,13.971,18.683,53.5,17522,75864,0,17483,13116,0,0,43,30.00,16.50,18.00,335.3,boot
878,13.990,22.147,45.2,17535,75938,0,17496,13141,0,0,43,30.00,16.50,18.00,335.8,boot
879,14.012,18.451,54.2,17504,75799,0,17465,13128,0,0,43,30.00,16.50,18.00,336.3,boot
880,14.031,20.070,49.8,17485,75716,0,17446,13121,0,0,43,30.00,16.50,18.00,336.7,boot
881,14.051,21.619,46.3,17466,75628,0,17427,13109,0,0,43,30.00,16.50,18.00,337.2,boot
882,14.072,18.557,53.9,17448,75556,0,17409,13103,0,0,43,30.00,16.50,18.00,337.7,boot
883,14.091,18.584,53.8,17427,75460,0,17388,13091,0,0,43,30.00,16.50,18.00,338.2,boot
884,14.110,20.287,49.3,17423,75445,0,17384,13092,0,0,43,30.00,16.50,18.00,338.6,boot
885,14.130,20.360,49.1,17401,75339,0,17362,13077,0,0,43,30.00,16.50,18.00,339.1,boot
886,14.150,20.121,49.7,17382,75260,0,17343,13073,0,0,43,30.00,16.50,18.00,339.6,boot
887,14.170,20.446,48.9,17369,75211,0,17330,13067,0,0,43,30.00,16.50,18.00,340.1,boot
888,14.191,22.623,44.2,17401,75383,0,17362,13105,0,0,43,30.00,16.50,18.00,340.6,boot
889,14.214,19.059,52.5,17391,75341,0,17352,13106,0,0,43,30.00,16.50,18.00,341.1,boot
890,14.233,20.306,49.2,17375,75262,0,17336,13097,0,0,43,30.00,16.50,18.00,341.6,boot
891,14.253,19.659,50.9,17367,75236,0,17328,13100,0,0,43,30.00,16.50,18.00,342.1,boot
892,14.273,29.808,33.5,17352,75164,0,17313,13091,0,0,43,30.00,16.50,18.00,342.5,boot
893,14.302,18.791,53.2,17335,75089,0,17296,13087,0,0,43,30.00,16.50,18.00,343.3,boot
894,14.321,18.660,53.6,17325,75044,0,17286,13085,0,0,43,30.00,16.50,18.00,343.7,boot
895,14.340,18.989,52.7,17316,75006,0,17277,13083,0,0,43,30.00,16.50,18.00,344.2,boot
896,14.359,23.832,42.0,17303,74945,0,17264,13080,0,0,43,30.00,16.50,18.00,344.6,boot
897,14.383,32.168,31.1,17296,74921,0,17257,13084,0,0,43,30.00,16.50,18.00,345.2,boot
898,14.415,23.515,42.5,17325,75062,0,17286,13122,0,0,43,30.00,16.50,18.00,346.0,boot
899,14.439,18.551,53.9,17306,74979,0,17267,13118,0,0,43,30.00,16.50,18.00,346.5,boot
900,14.457,18.482,54.1,17295,74931,0,17256,13114,0,0,43,30.00,16.50,18.00,347.0,boot
901,14.476,18.637,53.7,17288,74900,0,17249,13117,0,0,43,30.00,16.50,18.00,347.4,boot
902,14.494,21.135,47.3,17268,74831,0,17229,13113,0,0,43,30.00,16.50,18.00,347.9,boot
903,14.515,18.592,53.8,17255,74770,0,17216,13110,0,0,43,30.00,16.50,18.00,348.4,boot
904,14.534,18.267,54.7,17255,74775,0,17216,13115,0,0,43,30.00,16.50,18.00,348.8,boot
905,14.552,18.779,53.3,17242,74722,0,17203,13111,0,0,43,30.00,16.50,18.00,349.3,boot
906,14.571,18.681,53.5,17223,74651,0,17184,13104,0,0,43,30.00,16.50,18.00,349.7,boot
907,14.590,20.592,48.6,17214,74600,0,17175,13095,0,0,43,30.00,16.50,18.00,350.2,boot
908,14.610,18.464,54.2,17209,74577,0,17170,13092,0,0,43,30.00,16.50,18.00,350.7,boot
909,14.629,22.306,44.8,17236,74707,0,17197,13123,0,0,43,30.00,16.50,18.00,351.1,boot
910,14.651,18.618,53.7,17244,74743,0,17205,13130,0,0,43,30.00,16.50,18.00,351.6,boot
911,14.670,18.496,54.1,17222,74626,0,17183,13110,0,0,43,30.00,16.50,18.00,352.1,boot
912,14.688,22.290,44.9,17228,74655,0,17189,13118,0,0,43,30.00,16.50,18.00,352.5,boot
913,14.711,29.825,33.5,17188,74445,0,17149,13077,0,0,43,30.00,16.50,18.00,353.1,boot
914,14.741,19.403,51.5,17224,74622,0,17185,13113,0,0,43,30.00,16.50,18.00,353.8,boot
915,14.760,18.346,54.5,17174,74365,0,17135,13062,0,0,43,30.00,16.50,18.00,354.2,boot
916,14.778,19.274,51.9,17196,74475,0,17157,13084,0,0,43,30.00,16.50,18.00,354.7,boot
917,14.798,19.834,50.4,17167,74326,0,17128,13054,0,0,43,30.00,16.50,18.00,355.1,boot
918,14.817,28.514,35.1,17176,74382,0,17137,13062,0,0,43,30.00,16.50,18.00,355.6,boot
919,14.846,20.734,48.2,17216,74563,0,17177,13092,0,0,43,30.00,16.50,18.00,356.3,boot
920,14.867,17.976,55.6,17203,74504,0,17164,13076,0,0,43,30.00,16.50,18.00,356.8,boot
921,14.885,17.626,56.7,17201,74492,0,17162,13075,0,0,43,30.00,16.50,18.00,357.2,boot
922,14.902,26.576,37.6,17188,74425,0,17149,13063,0,0,43,30.00,16.50,18.00,357.7,boot
923,14.929,18.677,53.5,17186,74406,0,17147,13058,0,0,43,30.00,16.50,18.00,358.3,boot
924,14.948,17.095,58.5,17175,74339,0,17136,13044,0,0,43,30.00,16.50,18.00,358.7,boot
925,14.965,16.620,60.2,17175,74334,0,17136,13042,0,0,43,30.00,16.50,18.00,359.2,boot
926,14.981,17.835,56.1,17166,74283,0,17127,13033,0,0,43,30.00,16.50,18.00,359.6,boot
927,14.999,16.625,60.1,17151,74199,0,17112,13018,0,0,43,30.00,16.50,18.00,360.0,boot
928,15.016,17.483,57.2,17150,74191,0,17111,13017,0,0,43,30.00,16.50,18.00,360.4,boot
929,15.033,26.814,37.3,17170,74263,0,17131,13024,0,0,43,30.00,16.50,18.00,360.8,boot
930,15.060,21.338,46.9,17188,74353,0,17149,13042,0,0,43,30.00,16.50,18.00,361.4,boot
931,15.081,18.037,55.4,17183,74328,0,17144,13037,0,0,43,30.00,16.50,18.00,362.0,boot
932,15.100,17.258,57.9,17177,74305,0,17138,13032,0,0,43,30.00,16.50,18.00,362.4,boot
933,15.117,17.262,57.9,17175,74296,0,17136,13028,0,0,43,30.00,16.50,18.00,362.8,boot
934,15.134,18.279,54.7,17165,74245,0,17126,13017,0,0,43,30.00,16.50,18.00,363.2,boot
935,15.152,17.342,57.7,17171,74271,0,17132,13019,0,0,43,30.00,16.50,18.00,363.7,boot
936,15.170,16.992,58.9,17158,74205,0,17119,13005,0,0,43,30.00,16.50,18.00,364.1,boot
937,15.187,16.489,60.6,17154,74184,0,17115,13000,0,0,43,30.00,16.50,18.00,364.5,boot
938,15.203,16.486,60.7,17146,74135,0,17107,12989,0,0,43,30.00,16.50,18.00,364.9,boot
939,15.220,18.700,53.5,17155,74181,0,17116,12996,0,0,43,30.00,16.50,18.00,365.3,boot
940,15.238,16.373,61.1,17128,74045,0,17089,12968,0,0,43,30.00,16.50,18.00,365.7,boot
941,15.255,18.367,54.4,17169,74245,0,17130,13010,0,0,43,30.00,16.50,18.00,366.1,boot
942,15.273,21.082,47.4,17179,74288,0,17140,13016,0,0,43,30.00,16.50,18.00,366.6,boot
943,15.294,17.547,57.0,17156,74172,0,17117,12992,0,0,43,30.00,16.50,18.00,367.1,boot
944,15.312,17.130,58.4,17170,74238,0,17131,13005,0,0,43,30.00,16.50,18.00,367.5,boot
945,15.329,26.360,37.9,17149,74130,0,17110,12984,0,0,43,30.00,16.50,18.00,367.9,boot
946,15.355,23.228,43.1,17153,74148,0,17114,12986,0,0,43,30.00,16.50,18.00,368.5,boot
947,15.379,20.335,49.2,17146,74109,0,17107,12978,0,0,43,30.00,16.50,18.00,369.1,boot
948,15.399,26.165,38.2,17138,74067,0,17099,12968,0,0,43,30.00,16.50,18.00,369.6,boot
949,15.425,17.319,57.7,17138,74063,0,17099,12961,0,0,43,30.00,16.50,18.00,370.2,boot
950,15.442,16.548,60.4,17137,74060,0,17098,12962,0,0,43,30.00,16.50,18.00,370.6,boot
951,15.459,16.190,61.8,17123,74004,0,17084,12956,0,0,43,30.00,16.50,18.00,371.0,boot
952,15.475,20.589,48.6,17150,74132,0,17111,12976,0,0,43,30.00,16.50,18.00,371.4,boot
953,15.496,16.642,60.1,17146,74105,0,17107,12971,0,0,43,30.00,16.50,18.00,371.9,boot
954,15.513,16.054,62.3,17142,74077,0,17103,12965,0,0,43,30.00,16.50,18.00,372.3,boot
955,15.529,15.838,63.1,17149,74108,0,17110,12971,0,0,43,30.00,16.50,18.00,372.7,boot
956,15.544,15.875,63.0,17130,74006,0,17091,12951,0,0,43,30.00,16.50,18.00,373.1,boot
957,15.560,15.756,63.5,17129,73999,0,17090,12948,0,0,43,30.00,16.50,18.00,373.4,boot
958,15.576,16.966,58.9,17125,73975,0,17086,12943,0,0,43,30.00,16.50,18.00,373.8,boot
959,15.593,16.770,59.6,17124,73974,0,17085,12940,0,0,43,30.00,16.50,18.00,374.2,boot
960,15.610,16.357,61.1,17118,73935,0,17079,12931,0,0,43,30.00,16.50,18.00,374.6,boot
961,15.626,15.717,63.6,17119,73948,0,17080,12931,0,0,43,30.00,16.50,18.00,375.0,boot
962,15.642,15.875,63.0,17114,73927,0,17075,12924,0,0,43,30.00,16.50,18.00,375.4,boot
963,15.658,15.811,63.2,17110,73910,0,17071,12920,0,0,43,30.00,16.50,18.00,375.8,boot
964,15.674,16.399,61.0,17110,73894,0,17071,12910,0,0,43,30.00,16.50,18.00,376.2,boot
965,15.690,21.889,45.7,17142,74050,0,17103,12941,0,0,43,30.00,16.50,18.00,376.6,boot
966,15.712,23.560,42.4,17140,74045,0,17101,12935,0,0,43,30.00,16.50,18.00,377.1,boot
967,15.736,17.085,58.5,17137,74027,0,17098,12929,0,0,43,30.00,16.50,18.00,377.7,boot
968,15.753,18.618,53.7,17134,74010,0,17095,12924,0,0,43,30.00,16.50,18.00,378.1,boot
969,15.771,15.896,62.9,17129,73983,0,17090,12917,0,0,43,30.00,16.50,18.00,378.5,boot
970,15.787,16.537,60.5,17134,74006,0,17095,12920,0,0,43,30.00,16.50,18.00,378.9,boot
971,15.804,16.872,59.3,17127,73970,0,17088,12912,0,0,43,30.00,16.50,18.00,379.3,boot
972,15.821,16.316,61.3,17127,73967,0,17088,12909,0,0,43,30.00,16.50,18.00,379.7,boot
973,15.837,17.339,57.7,17127,73965,0,17088,12907,0,0,43,30.00,16.50,18.00,380.1,boot
974,15.854,15.714,63.6,17127,73964,0,17088,12906,0,0,43,30.00,16.50,18.00,380.5,boot
975,15.870,15.831,63.2,17122,73941,0,17083,12900,0,0,43,30.00,16.50,18.00,380.9,boot
976,15.886,15.732,63.6,17120,73929,0,17081,12896,0,0,43,30.00,16.50,18.00,381.3,boot
977,15.902,18.927,52.8,17148,74067,0,17109,12922,0,0,43,30.00,16.50,18.00,381.6,boot
978,15.921,17.205,58.1,17151,74080,0,17112,12923,0,0,43,30.00,16.50,18.00,382.1,boot
979,15.938,15.530,64.4,17144,74041,0,17105,12912,0,0,43,30.00,16.50,18.00,382.5,boot
980,15.953,15.514,64.5,17143,74035,0,17104,12910,0,0,43,30.00,16.50,18.00,382.9,boot
981,15.969,15.167,65.9,17144,74038,0,17105,12909,0,0,43,30.00,16.50,18.00,383.3,boot
982,15.984,15.601,64.1,17130,73967,0,17091,12894,0,0,43,30.00,16.50,18.00,383.6,boot
983,16.000,15.110,66.2,17135,73994,0,17096,12898,0,0,43,30.00,16.50,18.00,384.0,boot
984,16.015,15.032,66.5,17138,74010,0,17099,12899,0,0,43,30.00,16.50,18.00,384.4,boot
985,16.030,15.389,65.0,17132,73978,0,17093,12891,0,0,43,30.00,16.50,18.00,384.7,boot
986,16.045,18.490,54.1,17130,73970,0,17091,12888,0,0,43,30.00,16.50,18.00,385.1,boot
987,16.064,14.742,67.8,17122,73932,0,17083,12879,0,0,43,30.00,16.50,18.00,385.5,boot
988,16.078,17.249,58.0,17123,73934,0,17084,12877,0,0,43,30.00,16.50,18.00,385.9,boot
989,16.096,15.465,64.7,17126,73950,0,17087,12878,0,0,43,30.00,16.50,18.00,386.3,boot
990,16.111,17.966,55.7,17153,74090,0,17114,12904,0,0,43,30.00,16.50,18.00,386.7,boot
991,16.129,15.271,65.5,17151,74083,0,17112,12902,0,0,43,30.00,16.50,18.00,387.1,boot
992,16.144,16.166,61.9,17151,74085,0,17112,12898,0,0,43,30.00,16.50,18.00,387.5,boot
993,16.161,14.851,67.3,17152,74091,0,17113,12897,0,0,43,30.00,16.50,18.00,387.9,boot
994,16.176,14.989,66.7,17152,74097,0,17113,12897,0,0,43,30.00,16.50,18.00,388.2,boot
995,16.191,14.888,67.2,17147,74073,0,17108,12890,0,0,43,30.00,16.50,18.00,388.6,boot
996,16.205,14.066,71.1,17149,74084,0,17110,12890,0,0,43,30.00,16.50,18.00,388.9,boot
997,16.219,15.843,63.1,17145,74069,0,17106,12885,0,0,43,30.00,16.50,18.00,389.3,boot
998,16.235,15.847,63.1,17143,74076,0,17104,12888,0,0,43,30.00,16.50,18.00,389.6,boot
999,16.251,14.466,69.1,17173,74232,0,17134,12918,0,0,43,30.00,16.50,18.00,390.0,boot
1000,16.266,23.451,42.6,17142,74077,0,17103,12887,0,0,43,30.00,16.50,18.00,390.4,boot
1001,16.289,15.659,63.9,17126,74000,0,17087,12871,0,0,43,30.00,16.50,18.00,390.9,boot
1002,16.305,15.732,63.6,17121,73994,0,17082,12867,0,0,43,30.00,16.50,18.00,391.3,boot
1003,16.321,22.886,43.7,17159,74183,0,17120,12901,0,0,43,30.00,16.50,18.00,391.7,boot
1004,16.343,16.260,61.5,17159,74184,0,17120,12899,0,0,43,30.00,16.50,18.00,392.2,boot
1005,16.360,16.265,61.5,17161,74193,0,17122,12900,0,0,43,30.00,16.50,18.00,392.6,boot
1006,16.376,26.164,38.2,17160,74193,0,17121,12898,0,0,43,30.00,16.50,18.00,393.0,boot
1007,16.402,15.908,62.9,17161,74200,0,17122,12898,0,0,43,30.00,16.50,18.00,393.7,boot
1008,16.418,16.015,62.4,17153,74156,0,17114,12889,0,0,43,30.00,16.50,18.00,394.0,boot
1009,16.434,14.427,69.3,17149,74133,0,17110,12885,0,0,43,30.00,16.50,18.00,394.4,boot
1010,16.449,14.799,67.6,17165,74212,0,17126,12900,0,0,43,30.00,16.50,18.00,394.8,boot
1011,16.463,13.999,71.4,17161,74188,0,17122,12895,0,0,43,30.00,16.50,18.00,395.1,boot
1012,16.477,15.155,66.0,17166,74211,0,17127,12898,0,0,43,30.00,16.50,18.00,395.5,boot
1013,16.493,22.571,44.3,17171,74229,0,17132,12902,0,0,43,30.00,16.50,18.00,395.8,boot
1014,16.515,14.229,70.3,17180,74275,0,17141,12909,0,0,43,30.00,16.50,18.00,396.4,boot
1015,16.529,17.488,57.2,17207,74413,0,17168,12936,0,0,43,30.00,16.50,18.00,396.7,boot
1016,16.547,13.963,71.6,17203,74385,0,17164,12930,0,0,43,30.00,16.50,18.00,397.1,boot
1017,16.561,14.031,71.3,17207,74399,0,17168,12934,0,0,43,30.00,16.50,18.00,397.5,boot
1018,16.575,14.058,71.1,17204,74397,0,17165,12935,0,0,43,30.00,16.50,18.00,397.8,boot
1019,16.589,14.977,66.8,17206,74403,0,17167,12936,0,0,43,30.00,16.50,18.00,398.1,boot
1020,16.604,13.970,71.6,17207,74393,0,17168,12937,0,0,43,30.00,16.50,18.00,398.5,boot
1021,16.618,14.044,71.2,17208,74397,0,17169,12937,0,0,43,30.00,16.50,18.00,398.8,boot
1022,16.632,13.973,71.6,17213,74424,0,17174,12941,0,0,43,30.00,16.50,18.00,399.2,boot
1023,16.646,14.568,68.6,17221,74460,0,17182,12948,0,0,43,30.00,16.50,18.00,399.5,boot
1024,16.661,14.513,68.9,17223,74464,0,17184,12950,0,0,43,30.00,16.50,18.00,399.9,boot
1025,16.675,15.633,64.0,17213,74410,0,17174,12939,0,0,43,30.00,16.50,18.00,400.2,boot
1026,16.691,13.722,72.9,17218,74435,0,17179,12944,0,0,43,30.00,16.50,18.00,400.6,boot
1027,16.704,13.857,72.2,17219,74437,0,17180,12945,0,0,43,30.00,16.50,18.00,400.9,boot
1028,16.718,20.613,48.5,17220,74438,0,17181,12945,0,0,43,30.00,16.50,18.00,401.2,boot
1029,16.739,18.280,54.7,17253,74596,0,17214,12977,0,0,43,30.00,16.50,18.00,401.7,boot
1030,16.757,15.389,65.0,17257,74619,0,17218,12981,0,0,43,30.00,16.50,18.00,402.2,boot
1031,16.773,13.182,75.9,17263,74645,0,17224,12986,0,0,43,30.00,16.50,18.00,402.5,boot
1032,16.786,13.766,72.6,17260,74630,0,17221,12983,0,0,43,30.00,16.50,18.00,402.9,boot
1033,16.800,13.713,72.9,17263,74647,0,17224,12985,0,0,43,30.00,16.50,18.00,403.2,boot
1034,16.813,17.157,58.3,17258,74622,0,17219,12980,0,0,43,30.00,16.50,18.00,403.5,boot
1035,16.831,15.596,64.1,17272,74698,0,17233,12994,0,0,43,30.00,16.50,18.00,403.9,boot
1036,16.846,13.481,74.2,17263,74656,0,17224,12985,0,0,43,30.00,16.50,18.00,404.3,boot
1037,16.860,13.110,76.3,17267,74678,0,17228,12988,0,0,43,30.00,16.50,18.00,404.6,boot
1038,16.873,13.243,75.5,17271,74704,0,17232,12992,0,0,43,30.00,16.50,18.00,404.9,boot
1039,16.886,13.483,74.2,17273,74713,0,17234,12993,0,0,43,30.00,16.50,18.00,405.3,boot
1040,16.899,13.527,73.9,17275,74729,0,17236,12995,0,0,43,30.00,16.50,18.00,405.6,boot
1041,16.913,14.194,70.5,17281,74759,0,17242,13001,0,0,43,30.00,16.50,18.00,405.9,boot
1042,16.927,14.591,68.5,17282,74766,0,17243,13001,0,0,43,30.00,16.50,18.00,406.3,boot
1043,16.942,17.739,56.4,17309,74901,0,17270,13028,0,0,43,30.00,16.50,18.00,406.6,boot
1044,16.960,15.994,62.5,17308,74902,0,17269,13027,0,0,43,30.00,16.50,18.00,407.0,boot
1045,16.976,13.925,71.8,17312,74925,0,17273,13031,0,0,43,30.00,16.50,18.00,407.4,boot
1046,16.990,14.869,67.3,17317,74949,0,17278,13035,0,0,43,30.00,16.50,18.00,407.7,boot
1047,17.004,13.483,74.2,17320,74966,0,17281,13037,0,0,43,30.00,16.50,18.00,408.1,boot
1048,17.018,13.810,72.4,17320,74968,0,17281,13036,0,0,43,30.00,16.50,18.00,408.4,boot
1049,17.032,14.079,71.0,17324,74991,0,17285,13040,0,0,43,30.00,16.50,18.00,408.8,boot
1050,17.046,20.639,48.5,17337,75056,0,17298,13053,0,0,43,30.00,16.50,18.00,409.1,boot
1051,17.066,43.555,23.0,17332,75034,0,17293,13048,0,0,43,30.00,16.50,18.00,409.6,boot
1052,17.110,25.623,39.0,17347,75115,0,17308,13063,0,0,43,30.00,16.50,18.00,410.6,boot
1053,17.136,29.420,34.0,17351,75144,0,17312,13067,0,0,43,30.00,16.50,18.00,411.3,boot
1054,17.165,19.118,52.3,17384,75293,0,17345,13093,0,0,43,30.00,16.50,18.00,412.0,boot
1055,17.184,14.198,70.4,17393,75340,0,17354,13101,0,0,43,30.00,16.50,18.00,412.4,boot
1056,17.198,14.217,70.3,17383,75284,0,17344,13091,0,0,43,30.00,16.50,18.00,412.8,boot
1057,17.213,14.860,67.3,17417,75460,0,17378,13125,0,0,43,30.00,16.50,18.00,413.1,boot
1058,17.228,14.537,68.8,17434,75524,0,17395,13136,0,0,43,30.00,16.50,18.00,413.5,boot
1059,17.242,13.528,73.9,17382,75261,0,17343,13084,0,0,43,30.00,16.50,18.00,413.8,boot
1060,17.256,13.639,73.3,17415,75432,0,17376,13117,0,0,43,30.00,16.50,18.00,414.1,boot
1061,17.269,13.552,73.8,17440,75557,0,17401,13142,0,0,43,30.00,16.50,18.00,414.5,boot
1062,17.283,15.250,65.6,17424,75489,0,17385,13132,0,0,43,30.00,16.50,18.00,414.8,boot
1063,17.298,13.358,74.9,17434,75539,0,17395,13142,0,0,43,30.00,16.50,18.00,415.2,boot
1064,17.311,13.158,76.0,17452,75626,0,17413,13160,0,0,43,30.00,16.50,18.00,415.5,boot
1065,17.325,14.209,70.4,17453,75628,0,17414,13161,0,0,43,30.00,16.50,18.00,415.8,boot
1066,17.339,13.666,73.2,17457,75648,0,17418,13165,0,0,43,30.00,16.50,18.00,416.1,boot
1067,17.353,21.404,46.7,17455,75638,0,17416,13163,0,0,43,30.00,16.50,18.00,416.5,boot
1068,17.374,16.508,60.6,17490,75809,0,17451,13197,0,0,43,30.00,16.50,18.00,417.0,boot
1069,17.390,13.690,73.0,17501,75843,0,17462,13202,0,0,43,30.00,16.50,18.00,417.4,boot
1070,17.404,14.006,71.4,17502,75848,0,17463,13203,0,0,43,30.00,16.50,18.00,417.7,boot
1071,17.418,19.129,52.3,17513,75891,0,17474,13214,0,0,43,30.00,16.50,18.00,418.0,boot
1072,17.437,13.731,72.8,17526,75962,0,17487,13227,0,0,43,30.00,16.50,18.00,418.5,boot
1073,17.451,21.835,45.8,17539,76027,0,17500,13240,0,0,43,30.00,16.50,18.00,418.8,boot
1074,17.473,14.570,68.6,17548,76081,0,17509,13249,0,0,43,30.00,16.50,18.00,419.3,boot
1075,17.488,24.154,41.4,17563,76153,0,17524,13264,0,0,43,30.00,16.50,18.00,419.7,boot
1076,17.512,14.057,71.1,17572,76223,0,17533,13277,0,0,43,30.00,16.50,18.00,420.3,boot
1077,17.526,14.506,68.9,17569,76208,0,17530,13274,0,0,43,30.00,16.50,18.00,420.6,boot
1078,17.540,13.891,72.0,17581,76272,0,17542,13287,0,0,43,30.00,16.50,18.00,421.0,boot
1079,17.554,13.896,72.0,17589,76312,0,17550,13295,0,0,43,30.00,16.50,18.00,421.3,boot
1080,17.568,13.175,75.9,17594,76340,0,17555,13300,0,0,43,30.00,16.50,18.00,421.6,boot
1081,17.581,16.232,61.6,17612,76427,0,17573,13318,0,0,43,30.00,16.50,18.00,422.0,boot
1082,17.598,13.772,72.6,17629,76509,0,17590,13335,0,0,43,30.00,16.50,18.00,422.3,boot
1083,17.611,20.320,49.2,17634,76534,0,17595,13340,0,0,43,30.00,16.50,18.00,422.7,boot
1084,17.632,14.943,66.9,17637,76564,0,17598,13349,0,0,43,30.00,16.50,18.00,423.2,boot
1085,17.647,14.273,70.1,17653,76656,0,17614,13365,0,0,43,30.00,16.50,18.00,423.5,boot
1086,17.661,15.167,65.9,17654,76661,0,17615,13366,0,0,43,30.00,16.50,18.00,423.9,boot
1087,17.676,14.175,70.5,17665,76716,0,17626,13377,0,0,43,30.00,16.50,18.00,424.2,boot
1088,17.690,17.962,55.7,17662,76707,0,17623,13374,0,0,43,30.00,16.50,18.00,424.6,boot
1089,17.708,13.947,71.7,17675,76778,0,17636,13387,0,0,43,30.00,16.50,18.00,425.0,boot
1090,17.722,15.531,64.4,17687,76838,0,17648,13399,0,0,43,30.00,16.50,18.00,425.3,boot
1091,17.738,13.349,74.9,17666,76736,0,17627,13378,0,0,43,30.00,16.50,18.00,425.7,boot
1092,17.751,13.858,72.2,17703,76927,0,17664,13415,0,0,43,30.00,16.50,18.00,426.0,boot
1093,17.765,15.727,63.6,17725,77037,0,17686,13437,0,0,43,30.00,16.50,18.00,426.4,boot
1094,17.781,19.288,51.8,17693,76876,0,17654,13404,0,0,43,30.00,16.50,18.00,426.7,boot
1095,17.800,15.658,63.9,17709,76953,0,17670,13420,0,0,43,30.00,16.50,18.00,427.2,boot
1096,17.816,12.749,78.4,17714,76981,0,17675,13425,0,0,43,30.00,16.50,18.00,427.6,boot
1097,17.828,13.217,75.7,17706,76939,0,17667,13416,0,0,43,30.00,16.50,18.00,427.9,boot
1098,17.842,12.991,77.0,17728,77052,0,17689,13438,0,0,43,30.00,16.50,18.00,428.2,boot
1099,17.855,12.759,78.4,17723,77033,0,17684,13433,0,0,43,30.00,16.50,18.00,428.5,boot
1100,17.867,12.697,78.8,17728,77058,0,17689,13438,0,0,43,30.00,16.50,18.00,428.8,boot
1101,17.880,12.808,78.1,17738,77116,0,17699,13449,0,0,43,30.00,16.50,18.00,429.1,boot
1102,17.893,12.778,78.3,17733,77091,0,17694,13444,0,0,43,30.00,16.50,18.00,429.4,boot
1103,17.906,12.832,77.9,17736,77103,0,17697,13447,0,0,43,30.00,16.50,18.00,429.7,boot
1104,17.919,12.859,77.8,17747,77155,0,17708,13458,0,0,43,30.00,16.50,18.00,430.0,boot
1105,17.931,13.347,74.9,17751,77170,0,17712,13463,0,0,43,30.00,16.50,18.00,430.4,boot
1106,17.945,16.370,61.1,17759,77213,0,17720,13471,0,0,43,30.00,16.50,18.00,430.7,boot
1107,17.961,13.049,76.6,17764,77233,0,17725,13477,0,0,43,30.00,16.50,18.00,431.1,boot
1108,17.974,13.249,75.5,17769,77259,0,17730,13483,0,0,43,30.00,16.50,18.00,431.4,boot
1109,17.987,13.190,75.8,17785,77324,0,17746,13493,0,0,43,30.00,16.50,18.00,431.7,boot
1110,18.001,15.282,65.4,17794,77372,0,17755,13502,0,0,43,30.00,16.50,18.00,432.0,boot
1111,18.016,12.913,77.4,17801,77410,0,17762,13509,0,0,43,30.00,16.50,18.00,432.4,boot
1112,18.029,13.022,76.8,17810,77452,0,17771,13518,0,0,43,30.00,16.50,18.00,432.7,boot
1113,18.042,13.319,75.1,17819,77497,0,17780,13527,0,0,43,30.00,16.50,18.00,433.0,boot
1114,18.055,16.651,60.1,17819,77500,0,17780,13527,0,0,43,30.00,16.50,18.00,433.3,boot
1115,18.072,21.559,46.4,17829,77550,0,17790,13537,0,0,43,30.00,16.50,18.00,433.7,boot
1116,18.093,16.337,61.2,17843,77621,0,17804,13552,0,0,43,30.00,16.50,18.00,434.2,boot
1117,18.110,13.699,73.0,17852,77666,0,17813,13561,0,0,43,30.00,16.50,18.00,434.6,boot
1118,18.124,13.588,73.6,17858,77690,0,17819,13567,0,0,43,30.00,16.50,18.00,435.0,boot
1119,18.137,13.793,72.5,17858,77702,0,17819,13573,0,0,43,30.00,16.50,18.00,435.3,boot
1120,18.151,13.616,73.4,17867,77747,0,17828,13582,0,0,43,30.00,16.50,18.00,435.6,boot
1121,18.165,14.403,69.4,17876,77786,0,17837,13591,0,0,43,30.00,16.50,18.00,435.9,boot
1122,18.179,15.417,64.9,17884,77825,0,17845,13601,0,0,43,30.00,16.50,18.00,436.3,boot
1123,18.194,16.020,62.4,17894,77884,0,17855,13611,0,0,43,30.00,16.50,18.00,436.7,boot
1124,18.210,18.446,54.2,17909,77962,0,17870,13626,0,0,43,30.00,16.50,18.00,437.1,boot
1125,18.229,14.606,68.5,17930,78055,0,17891,13641,0,0,43,30.00,16.50,18.00,437.5,boot
1126,18.244,13.508,74.0,17940,78106,0,17901,13652,0,0,43,30.00,16.50,18.00,437.8,boot
1127,18.257,14.226,70.3,17946,78139,0,17907,13658,0,0,43,30.00,16.50,18.00,438.2,boot
1128,18.271,14.110,70.9,17958,78199,0,17919,13670,0,0,43,30.00,16.50,18.00,438.5,boot
1129,18.285,16.708,59.9,17967,78252,0,17928,13681,0,0,43,30.00,16.50,18.00,438.8,boot
1130,18.302,19.945,50.1,17972,78281,0,17933,13687,0,0,43,30.00,16.50,18.00,439.3,boot
1131,18.322,14.014,71.4,17987,78356,0,17948,13702,0,0,43,30.00,16.50,18.00,439.7,boot
1132,18.336,14.574,68.6,17997,78409,0,17958,13712,0,0,43,30.00,16.50,18.00,440.1,boot
1133,18.351,20.846,48.0,17998,78418,0,17959,13714,0,0,43,30.00,16.50,18.00,440.4,boot
1134,18.372,14.671,68.2,18021,78533,0,17982,13737,0,0,43,30.00,16.50,18.00,440.9,boot
1135,18.386,14.368,69.6,18032,78595,0,17993,13749,0,0,43,30.00,16.50,18.00,441.3,boot
1136,18.401,14.173,70.6,18039,78637,0,18000,13757,0,0,43,30.00,16.50,18.00,441.6,boot
1137,18.415,17.221,58.1,18066,78772,0,18027,13784,0,0,43,30.00,16.50,18.00,442.0,boot
1138,18.432,13.910,71.9,18065,78770,0,18026,13786,0,0,43,30.00,16.50,18.00,442.4,boot
1139,18.446,13.668,73.2,18078,78835,0,18039,13799,0,0,43,30.00,16.50,18.00,442.7,boot
1140,18.460,13.627,73.4,18089,78893,0,18050,13810,0,0,43,30.00,16.50,18.00,443.0,boot
1141,18.473,13.650,73.3,18104,78972,0,18065,13826,0,0,43,30.00,16.50,18.00,443.4,boot
1142,18.487,13.849,72.2,18094,78924,0,18055,13818,0,0,43,30.00,16.50,18.00,443.7,boot
1143,18.501,14.156,70.6,18109,79000,0,18070,13834,0,0,43,30.00,16.50,18.00,444.0,boot
1144,18.515,20.524,48.7,18110,79009,0,18071,13836,0,0,43,30.00,16.50,18.00,444.4,boot
1145,18.536,14.082,71.0,18132,79120,0,18093,13859,0,0,43,30.00,16.50,18.00,444.9,boot
1146,18.550,13.767,72.6,18140,79158,0,18101,13868,0,0,43,30.00,16.50,18.00,445.2,boot
1147,18.563,13.577,73.7,18162,79247,0,18123,13884,0,0,43,30.00,16.50,18.00,445.5,boot
1148,18.577,13.925,71.8,18152,79199,0,18113,13876,0,0,43,30.00,16.50,18.00,445.8,boot
1149,18.591,13.624,73.4,18161,79247,0,18122,13885,0,0,43,30.00,16.50,18.00,446.2,boot
1150,18.605,13.599,73.5,18163,79258,0,18124,13888,0,0,43,30.00,16.50,18.00,446.5,boot
1151,18.618,22.938,43.6,18188,79378,0,18149,13914,0,0,43,30.00,16.50,18.00,446.8,boot
1152,18.641,13.292,75.2,18193,79405,0,18154,13921,0,0,43,30.00,16.50,18.00,447.4,boot
1153,18.654,13.574,73.7,18193,79394,0,18154,13922,0,0,43,30.00,16.50,18.00,447.7,boot
1154,18.668,13.894,72.0,18190,79379,0,18151,13919,0,0,43,30.00,16.50,18.00,448.0,boot
1155,18.682,14.053,71.2,18198,79422,0,18159,13927,0,0,43,30.00,16.50,18.00,448.4,boot
1156,18.696,15.493,64.5,18212,79492,0,18173,13941,0,0,43,30.00,16.50,18.00,448.7,boot
1157,18.711,14.449,69.2,18212,79493,0,18173,13942,0,0,43,30.00,16.50,18.00,449.1,boot
1158,18.726,13.615,73.4,18204,79453,0,18165,13934,0,0,43,30.00,16.50,18.00,449.4,boot
1159,18.740,24.702,40.5,18188,79374,0,18149,13919,0,0,43,30.00,16.50,18.00,449.7,boot
1160,18.764,14.719,67.9,18187,79369,0,18148,13918,0,0,43,30.00,16.50,18.00,450.3,boot
1161,18.779,14.633,68.3,18207,79472,0,18168,13938,0,0,43,30.00,16.50,18.00,450.7,boot
1162,18.794,14.415,69.4,18214,79513,0,18175,13945,0,0,43,30.00,16.50,18.00,451.0,boot
1163,18.808,13.731,72.8,18207,79484,0,18168,13941,0,0,43,30.00,16.50,18.00,451.4,boot
1164,18.822,20.206,49.5,18213,79516,0,18174,13952,0,0,43,30.00,16.50,18.00,451.7,boot
1165,18.842,14.829,67.4,18202,79465,0,18163,13945,0,0,43,30.00,16.50,18.00,452.2,boot
1166,18.857,14.489,69.0,18204,79481,0,18165,13950,0,0,43,30.00,16.50,18.00,452.6,boot
1167,18.871,13.613,73.5,18203,79475,0,18164,13951,0,0,43,30.00,16.50,18.00,452.9,boot
1168,18.885,13.886,72.0,18199,79453,0,18160,13948,0,0,43,30.00,16.50,18.00,453.2,boot
1169,18.899,13.693,73.0,18192,79416,0,18153,13942,0,0,43,30.00,16.50,18.00,453.6,boot
1170,18.913,14.185,70.5,18195,79428,0,18156,13945,0,0,43,30.00,16.50,18.00,453.9,boot
1171,18.927,13.324,75.1,18193,79415,0,18154,13943,0,0,43,30.00,16.50,18.00,454.2,boot
1172,18.940,13.765,72.6,18184,79367,0,18145,13934,0,0,43,30.00,16.50,18.00,454.6,boot
1173,18.954,16.771,59.6,18179,79344,0,18140,13931,0,0,43,30.00,16.50,18.00,454.9,boot
1174,18.971,13.308,75.1,18173,79312,0,18134,13926,0,0,43,30.00,16.50,18.00,455.3,boot
1175,18.984,13.569,73.7,18174,79315,0,18135,13928,0,0,43,30.00,16.50,18.00,455.6,boot
1176,18.998,13.280,75.3,18162,79259,0,18123,13917,0,0,43,30.00,16.50,18.00,455.9,boot
1177,19.011,13.326,75.0,18154,79219,0,18115,13909,0,0,43,30.00,16.50,18.00,456.3,boot
1178,19.024,15.970,62.6,18179,79345,0,18140,13935,0,0,43,30.00,16.50,18.00,456.6,boot
1179,19.040,13.247,75.5,18162,79262,0,18123,13920,0,0,43,30.00,16.50,18.00,457.0,boot
1180,19.053,13.253,75.5,18151,79209,0,18112,13911,0,0,43,30.00,16.50,18.00,457.3,boot
1181,19.067,20.958,47.7,18148,79194,0,18109,13908,0,0,43,30.00,16.50,18.00,457.6,boot
1182,19.088,14.809,67.5,18125,79079,0,18086,13888,0,0,43,30.00,16.50,18.00,458.1,boot
1183,19.102,13.334,75.0,18118,79047,0,18079,13884,0,0,43,30.00,16.50,18.00,458.5,boot
1184,19.116,13.278,75.3,18111,79014,0,18072,13879,0,0,43,30.00,16.50,18.00,458.8,boot
1185,19.129,13.257,75.4,18104,78979,0,18065,13872,0,0,43,30.00,16.50,18.00,459.1,boot
1186,19.142,13.164,76.0,18092,78921,0,18053,13862,0,0,43,30.00,16.50,18.00,459.4,boot
1187,19.156,14.278,70.0,18085,78892,0,18046,13858,0,0,43,30.00,16.50,18.00,459.7,boot
1188,19.170,13.996,71.4,18070,78819,0,18031,13845,0,0,43,30.00,16.50,18.00,460.1,boot
1189,19.184,13.834,72.3,18059,78768,0,18020,13835,0,0,43,30.00,16.50,18.00,460.4,boot
1190,19.198,13.148,76.1,18048,78713,0,18009,13824,0,0,43,30.00,16.50,18.00,460.7,boot
1191,19.211,13.671,73.1,18042,78689,0,18003,13821,0,0,43,30.00,16.50,18.00,461.1,boot
1192,19.225,17.439,57.3,18065,78805,0,18026,13845,0,0,43,30.00,16.50,18.00,461.4,boot
1193,19.242,13.030,76.7,18048,78722,0,18009,13830,0,0,43,30.00,16.50,18.00,461.8,boot
1194,19.255,13.196,75.8,18040,78680,0,18001,13823,0,0,43,30.00,16.50,18.00,462.1,boot
1195,19.268,12.977,77.1,18031,78639,0,17992,13818,0,0,43,30.00,16.50,18.00,462.4,boot
1196,19.281,14.271,70.1,18019,78574,0,17980,13807,0,0,43,30.00,16.50,18.00,462.7,boot
1197,19.295,13.254,75.4,18005,78503,0,17966,13795,0,0,43,30.00,16.50,18.00,463.1,boot
1198,19.309,14.990,66.7,17999,78476,0,17960,13792,0,0,43,30.00,16.50,18.00,463.4,boot
1199,19.324,17.122,58.4,17985,78407,0,17946,13779,0,0,43,30.00,16.50,18.00,463.8,boot
1200,19.341,22.645,44.2,17983,78398,0,17944,13778,0,0,43,30.00,16.50,18.00,464.2,boot
1201,19.364,13.198,75.8,17961,78290,0,17922,13761,0,0,43,30.00,16.50,18.00,464.7,boot
1202,19.377,17.501,57.1,17954,78253,0,17915,13755,0,0,43,30.00,16.50,18.00,465.0,boot
1203,19.394,17.859,56.0,17939,78182,0,17900,13744,0,0,43,30.00,16.50,18.00,465.5,boot
1204,19.412,16.087,62.2,17932,78151,0,17893,13738,0,0,43,30.00,16.50,18.00,465.9,boot
1205,19.428,16.183,61.8,17957,78282,0,17918,13766,0,0,43,30.00,16.50,18.00,466.3,boot
1206,19.444,13.874,72.1,17955,78281,0,17916,13767,0,0,43,30.00,16.50,18.00,466.7,boot
1207,19.458,13.068,76.5,17958,78301,0,17919,13772,0,0,43,30.00,16.50,18.00,467.0,boot
1208,19.471,12.836,77.9,17944,78242,0,17905,13760,0,0,43,30.00,16.50,18.00,467.3,boot
1209,19.484,13.025,76.8,17950,78277,0,17911,13768,0,0,43,30.00,16.50,18.00,467.6,boot
1210,19.497,13.111,76.3,17939,78221,0,17900,13759,0,0,43,30.00,16.50,18.00,467.9,boot
1211,19.510,14.231,70.3,17932,78189,0,17893,13755,0,0,43,30.00,16.50,18.00,468.3,boot
1212,19.525,20.030,49.9,17911,78106,0,17872,13744,0,0,43,30.00,16.50,18.00,468.6,boot
1213,19.545,14.199,70.4,17928,78191,0,17889,13761,0,0,43,30.00,16.50,18.00,469.1,boot
1214,19.559,13.741,72.8,17915,78127,0,17876,13749,0,0,43,30.00,16.50,18.00,469.4,boot
1215,19.573,13.370,74.8,17908,78096,0,17869,13746,0,0,43,30.00,16.50,18.00,469.7,boot
1216,19.586,13.199,75.8,17903,78073,0,17864,13743,0,0,43,30.00,16.50,18.00,470.1,boot
1217,19.599,13.254,75.4,17902,78063,0,17863,13743,0,0,43,30.00,16.50,18.00,470.4,boot
1218,19.613,14.592,68.5,17892,78016,0,17853,13736,0,0,43,30.00,16.50,18.00,470.7,boot
1219,19.627,14.745,67.8,17897,78039,0,17858,13742,0,0,43,30.00,16.50,18.00,471.1,boot
1220,19.642,15.676,63.8,17929,78204,0,17890,13779,0,0,43,30.00,16.50,18.00,471.4,boot
1221,19.658,13.085,76.4,17934,78223,0,17895,13784,0,0,43,30.00,16.50,18.00,471.8,boot
1222,19.671,13.591,73.6,17935,78231,0,17896,13788,0,0,43,30.00,16.50,18.00,472.1,boot
1223,19.684,15.266,65.5,17922,78167,0,17883,13776,0,0,43,30.00,16.50,18.00,472.4,boot
1224,19.700,13.646,73.3,17941,78267,0,17902,13797,0,0,43,30.00,16.50,18.00,472.8,boot
1225,19.713,15.758,63.5,17936,78242,0,17897,13792,0,0,43,30.00,16.50,18.00,473.1,boot
1226,19.729,14.887,67.2,17923,78183,0,17884,13782,0,0,43,30.00,16.50,18.00,473.5,boot
1227,19.744,22.681,44.1,17964,78392,0,17925,13827,0,0,43,30.00,16.50,18.00,473.9,boot
1228,19.767,16.750,59.7,17967,78402,0,17928,13831,0,0,43,30.00,16.50,18.00,474.4,boot
1229,19.783,17.530,57.0,17992,78513,0,17953,13851,0,0,43,30.00,16.50,18.00,474.8,boot
1230,19.801,16.734,59.8,18011,78598,0,17972,13868,0,0,43,30.00,16.50,18.00,475.2,boot
1231,19.818,16.265,61.5,18019,78638,0,17980,13876,0,0,43,30.00,16.50,18.00,475.6,boot
1232,19.834,16.195,61.7,18025,78673,0,17986,13887,0,0,43,30.00,16.50,18.00,476.0,boot
1233,19.850,21.493,46.5,18086,78975,0,18047,13948,0,0,43,30.00,16.50,18.00,476.4,boot
1234,19.872,16.264,61.5,18107,79082,0,18068,13969,0,0,43,30.00,16.50,18.00,476.9,boot
1235,19.888,16.787,59.6,18126,79173,0,18087,13985,0,0,43,30.00,16.50,18.00,477.3,boot
1236,19.905,16.509,60.6,18136,79223,0,18097,13995,0,0,43,30.00,16.50,18.00,477.7,boot
1237,19.921,16.388,61.0,18123,79164,0,18084,13988,0,0,43,30.00,16.50,18.00,478.1,boot
1238,19.938,16.549,60.4,18122,79157,0,18083,13986,0,0,43,30.00,16.50,18.00,478.5,boot
1239,19.954,20.348,49.1,18128,79182,0,18089,13987,0,0,43,30.00,16.50,18.00,478.9,boot
1240,19.975,17.178,58.2,18143,79251,0,18104,13999,0,0,43,30.00,16.50,18.00,479.4,boot
1241,19.992,17.539,57.0,18155,79307,0,18116,14007,0,0,43,30.00,16.50,18.00,479.8,boot
1242,20.009,17.144,58.3,18152,79299,0,18113,14011,0,0,43,30.00,16.50,18.00,480.2,boot
1243,20.026,17.437,57.3,18130,79191,0,18091,13991,0,0,43,30.00,16.50,18.00,480.6,boot
1244,20.044,18.200,54.9,18118,79131,0,18079,13979,0,0,43,30.00,16.50,18.00,481.1,boot
1245,20.062,25.595,39.1,18138,79231,0,18099,13999,0,0,43,30.00,16.50,18.00,481.5,boot
1246,20.088,20.396,49.0,18108,79085,0,18069,13973,0,0,43,30.00,16.50,18.00,482.1,boot
1247,20.108,18.385,54.4,18074,78918,0,18035,13942,0,0,43,30.00,16.50,18.00,482.6,boot
1248,20.126,18.740,53.4,18050,78800,0,18011,13920,0,0,43,30.00,16.50,18.00,483.0,boot
1249,20.145,19.274,51.9,18037,78715,0,17998,13900,0,0,43,30.00,16.50,18.00,483.5,boot
1250,20.165,19.350,51.7,18019,78626,0,17980,13883,0,0,43,30.00,16.50,18.00,483.9,boot
1251,20.184,24.744,40.4,18000,78527,0,17961,13862,0,0,43,30.00,16.50,18.00,484.4,boot
1252,20.209,20.727,48.2,17962,78340,0,17923,13827,0,0,43,30.00,16.50,18.00,485.0,boot
1253,20.229,21.288,47.0,17948,78271,0,17909,13814,0,0,43,30.00,16.50,18.00,485.5,boot
1254,20.251,20.379,49.1,17901,78037,0,17862,13768,0,0,43,30.00,16.50,18.00,486.0,boot
1255,20.271,27.606,36.2,17950,78279,0,17911,13816,0,0,43,30.00,16.50,18.00,486.5,boot
1256,20.299,21.734,46.0,17898,78020,0,17859,13768,0,0,43,30.00,16.50,18.00,487.2,boot
1257,20.320,24.870,40.2,17880,77926,0,17841,13752,0,0,43,30.00,16.50,18.00,487.7,boot
1258,20.345,21.655,46.2,17850,77767,0,17811,13722,0,0,43,30.00,16.50,18.00,488.3,boot
1259,20.367,23.229,43.0,17823,77626,0,17784,13695,0,0,43,30.00,16.50,18.00,488.8,boot
1260,20.390,21.617,46.3,17799,77504,0,17760,13672,0,0,43,30.00,16.50,18.00,489.4,boot
1261,20.412,29.546,33.8,17774,77374,0,17735,13648,0,0,43,30.00,16.50,18.00,489.9,boot
1262,20.441,22.173,45.1,17739,77200,0,17700,13614,0,0,43,30.00,16.50,18.00,490.6,boot
1263,20.464,22.135,45.2,17705,77031,0,17666,13581,0,0,43,30.00,16.50,18.00,491.1,boot
1264,20.486,26.323,38.0,17729,77154,0,17690,13605,0,0,43,30.00,16.50,18.00,491.7,boot
1265,20.512,23.589,42.4,17697,76996,0,17658,13575,0,0,43,30.00,16.50,18.00,492.3,boot
1266,20.536,29.236,34.2,17668,76854,0,17629,13546,0,0,43,30.00,16.50,18.00,492.9,boot
1267,20.565,22.151,45.1,17645,76738,0,17606,13522,0,0,43,30.00,16.50,18.00,493.6,boot
1268,20.587,22.096,45.3,17628,76656,0,17589,13505,0,0,43,30.00,16.50,18.00,494.1,boot
1269,20.609,24.827,40.3,17605,76541,0,17566,13482,0,0,43,30.00,16.50,18.00,494.6,boot
1270,20.634,29.300,34.1,17607,76566,0,17568,13490,0,0,43,30.00,16.50,18.00,495.2,boot
1271,20.663,23.684,42.2,17621,76636,0,17582,13502,0,0,43,30.00,16.50,18.00,495.9,boot
1272,20.687,34.975,28.6,17678,76924,0,17639,13559,0,0,43,30.00,16.50,18.00,496.5,boot
1273,20.722,26.531,37.7,17687,76959,0,17648,13567,0,0,43,30.00,16.50,18.00,497.3,boot
1274,20.749,35.828,27.9,17687,76974,0,17648,13573,0,0,43,30.00,16.50,18.00,498.0,boot
1275,20.785,27.886,35.9,17691,76981,0,17652,13574,0,0,43,30.00,16.50,18.00,498.8,boot
1276,20.812,24.188,41.3,17688,76963,0,17649,13571,0,0,43,30.00,16.50,18.00,499.5,boot
1277,20.837,24.580,40.7,17682,76930,0,17643,13565,0,0,43,30.00,16.50,18.00,500.1,boot
1278,20.861,29.773,33.6,17683,76931,0,17644,13565,0,0,43,30.00,16.50,18.00,500.7,boot
1279,20.891,31.466,31.8,17719,77102,0,17680,13599,0,0,43,30.00,16.50,18.00,501.4,boot
1280,20.923,25.023,40.0,17709,77067,0,17670,13595,0,0,43,30.00,16.50,18.00,502.1,boot
1281,20.948,36.982,27.0,17714,77088,0,17675,13599,0,0,43,30.00,16.50,18.00,502.7,boot
1282,20.985,30.257,33.1,17692,76969,0,17653,13577,0,0,43,30.00,16.50,18.00,503.6,boot
1283,21.015,26.261,38.1,17706,77029,0,17667,13590,0,0,43,30.00,16.50,18.00,504.4,boot
1284,21.041,39.472,25.3,17694,76963,0,17655,13578,0,0,43,30.00,16.50,18.00,505.0,boot
1285,21.081,49.268,20.3,17692,76946,0,17653,13575,0,0,43,30.00,16.50,18.00,505.9,boot
1286,21.130,33.602,29.8,17736,77163,0,17697,13619,0,0,43,30.00,16.50,18.00,507.1,boot
1287,21.164,27.442,36.4,17766,77300,0,17727,13648,0,0,43,30.00,16.50,18.00,507.9,boot
1288,21.191,40.873,24.5,17787,77384,0,17748,13663,0,0,43,30.00,16.50,18.00,508.6,boot
1289,21.232,30.338,33.0,17815,77507,0,17776,13689,0,0,43,30.00,16.50,18.00,509.6,boot
1290,21.262,27.057,37.0,17823,77561,0,17784,13702,0,0,43,30.00,16.50,18.00,510.3,boot
1291,21.289,28.197,35.5,17822,77550,0,17783,13701,0,0,43,30.00,16.50,18.00,510.9,boot
1292,21.318,38.050,26.3,17837,77623,0,17798,13714,0,0,43,30.00,16.50,18.00,511.6,boot
1293,21.356,46.796,21.4,17931,78080,0,17892,13802,0,0,43,30.00,16.50,18.00,512.5,boot
1294,21.402,34.608,28.9,17986,78344,0,17947,13853,0,0,43,30.00,16.50,18.00,513.7,boot
1295,21.437,29.875,33.5,18013,78498,0,17974,13882,0,0,43,30.00,16.50,18.00,514.5,boot
1296,21.467,29.847,33.5,18061,78723,0,18022,13921,0,0,43,30.00,16.50,18.00,515.2,boot
1297,21.497,31.225,32.0,18100,78917,0,18061,13959,0,0,43,30.00,16.50,18.00,515.9,boot
1298,21.528,31.577,31.7,18129,79052,0,18090,13987,0,0,43,30.00,16.50,18.00,516.7,boot
1299,21.560,40.715,24.6,18213,79460,0,18174,14068,0,0,43,30.00,16.50,18.00,517.4,boot
1300,21.600,32.620,30.7,18254,79654,0,18215,14105,0,0,43,30.00,16.50,18.00,518.4,boot
1301,21.633,35.460,28.2,18266,79710,0,18227,14116,0,0,43,30.00,16.50,18.00,519.2,boot
1302,21.668,32.090,31.2,18278,79771,0,18239,14126,0,0,43,30.00,16.50,18.00,520.0,boot
1303,21.701,38.934,25.7,18286,79800,0,18247,14132,0,0,43,30.00,16.50,18.00,520.8,boot
1304,21.740,31.026,32.2,18287,79797,0,18248,14131,0,0,43,30.00,16.50,18.00,521.7,boot
1305,21.771,46.700,21.4,18348,80098,0,18309,14189,0,0,43,30.00,16.50,18.00,522.5,boot
1306,21.817,38.984,25.7,18365,80174,0,18326,14203,0,0,43,30.00,16.50,18.00,523.6,boot
1307,21.856,37.428,26.7,18374,80205,0,18335,14210,0,0,43,30.00,16.50,18.00,524.6,boot
1308,21.894,35.073,28.5,18390,80271,0,18351,14224,0,0,43,30.00,16.50,18.00,525.5,boot
1309,21.929,34.343,29.1,18411,80373,0,18372,14245,0,0,43,30.00,16.50,18.00,526.3,boot
1310,21.963,35.065,28.5,18445,80534,0,18406,14279,0,0,43,30.00,16.50,18.00,527.1,boot
1311,21.998,40.835,24.5,18490,80750,0,18451,14324,0,0,43,30.00,16.50,18.00,528.0,boot
1312,22.039,34.471,29.0,18508,80834,0,18469,14342,0,0,43,30.00,16.50,18.00,528.9,boot
1313,22.074,35.665,28.0,18505,80810,0,18466,14339,0,0,43,30.00,16.50,18.00,529.8,boot
1314,22.109,45.403,22.0,18499,80777,0,18460,14333,0,0,43,30.00,16.50,18.00,530.6,boot
1315,22.155,38.300,26.1,18498,80769,0,18459,14332,0,0,43,30.00,16.50,18.00,531.7,boot
1316,22.193,54.696,18.3,18489,80715,0,18450,14323,0,0,43,30.00,16.50,18.00,532.6,boot
1317,22.248,48.603,20.6,18569,81106,0,18530,14403,0,0,43,30.00,16.50,18.00,533.9,boot
1318,22.296,42.382,23.6,18556,81041,0,18517,14390,0,0,43,30.00,16.50,18.00,535.1,boot
1319,22.339,63.778,15.7,18556,81020,0,18517,14384,0,0,43,30.00,16.50,18.00,536.1,boot
1320,22.403,46.317,21.6,18573,81099,0,18534,14401,0,0,43,30.00,16.50,18.00,537.7,boot
1321,22.449,58.567,17.1,18630,81408,0,18591,14464,0,0,43,30.00,16.50,18.00,538.8,boot
1322,22.508,38.665,25.9,18655,81542,0,18616,14489,0,0,43,30.00,16.50,18.00,540.2,boot
1323,22.546,44.113,22.7,18651,81525,0,18612,14485,0,0,43,30.00,16.50,18.00,541.1,boot
1324,22.591,41.248,24.2,18664,81572,0,18625,14498,0,0,43,30.00,16.50,18.00,542.2,boot
1325,22.632,47.153,21.2,18683,81625,0,18644,14505,0,0,43,30.00,16.50,18.00,543.2,boot
1326,22.679,60.854,16.4,18745,81929,0,18706,14567,0,0,43,30.00,16.50,18.00,544.3,boot
1327,22.740,56.014,17.9,18766,82034,0,18727,14588,0,0,43,30.00,16.50,18.00,545.8,boot
1328,22.796,50.952,19.6,18783,82113,0,18744,14605,0,0,43,30.00,16.50,18.00,547.1,boot
1329,22.847,41.561,24.1,18776,82066,0,18737,14598,0,0,43,30.00,16.50,18.00,548.3,boot
1330,22.888,47.664,21.0,18824,82321,0,18785,14652,0,0,43,30.00,16.50,18.00,549.3,boot
1331,22.936,41.263,24.2,18849,82431,0,18810,14671,0,0,43,30.00,16.50,18.00,550.5,boot
1332,22.977,53.551,18.7,18861,82503,0,18822,14683,0,0,43,30.00,16.50,18.00,551.5,boot
1333,23.031,53.613,18.7,18869,82547,0,18830,14689,0,0,43,30.00,16.50,18.00,552.7,boot
1334,23.085,56.668,17.6,18888,82640,0,18849,14706,0,0,43,30.00,16.50,18.00,554.0,boot
1335,23.141,216.764,4.6,18959,82991,0,18920,14773,0,0,43,30.00,16.50,18.00,555.4,boot
1336,23.358,86.153,11.6,19090,83628,0,19051,14876,0,0,43,30.00,16.50,18.00,560.6,boot
1337,23.444,45.991,21.7,19156,83955,0,19117,14926,0,0,43,30.00,16.50,18.00,562.7,boot
1338,23.490,38.862,25.7,19205,84196,0,19166,14971,0,0,43,30.00,16.50,18.00,563.8,boot
1339,23.529,47.219,21.2,19256,84439,0,19217,15011,0,0,43,30.00,16.50,18.00,564.7,boot
1340,23.576,60.840,16.4,19362,84959,0,19323,15107,0,0,43,30.00,16.50,18.00,565.8,boot
1341,23.637,60.999,16.4,19445,85370,0,19406,15183,0,0,43,30.00,16.50,18.00,567.3,boot
1342,23.698,62.572,16.0,19526,85732,0,19487,15246,0,0,43,30.00,16.50,18.00,568.8,boot
1343,23.761,63.841,15.7,19631,86250,0,19592,15344,0,0,43,30.00,16.50,18.00,570.3,boot
1344,23.825,64.489,15.5,19762,86893,0,19723,15465,0,0,43,30.00,16.50,18.00,571.8,boot
1345,23.889,66.794,15.0,19835,87260,0,19796,15525,0,0,43,30.00,16.50,18.00,573.3,boot
1346,23.956,66.793,15.0,19925,87684,0,19886,15590,0,0,43,30.00,16.50,18.00,574.9,boot
1347,24.023,67.336,14.9,20001,88042,0,19962,15650,0,0,43,30.00,16.50,18.00,576.6,boot
1348,24.090,67.996,14.7,20101,88604,0,20062,15757,0,0,43,30.00,16.50,18.00,578.2,boot
1349,24.158,69.368,14.4,20190,89021,0,20151,15824,0,0,43,30.00,16.50,18.00,579.8,boot
1350,24.228,69.448,14.4,20284,89427,0,20245,15872,0,0,43,30.00,16.50,18.00,581.5,boot
1351,24.297,70.225,14.2,20363,89780,0,20324,15915,0,0,43,30.00,16.50,18.00,583.1,boot
1352,24.367,65.744,15.2,20366,89730,0,20327,15878,0,0,43,30.00,16.50,18.00,584.8,boot
1353,24.433,68.759,14.5,20326,89483,0,20287,15806,0,0,43,30.00,16.50,18.00,586.4,boot
1354,24.502,72.797,13.7,20233,89008,0,20194,15698,0,0,43,30.00,16.50,18.00,588.0,boot
1355,24.575,65.207,15.3,20140,88544,0,20101,15599,0,0,43,30.00,16.50,18.00,589.8,boot
1356,24.640,65.735,15.2,20244,89065,0,20205,15682,0,0,43,30.00,16.50,18.00,591.4,boot
1357,24.706,66.781,15.0,20388,89760,0,20349,15798,0,0,43,30.00,16.50,18.00,592.9,boot
1358,24.773,68.401,14.6,20531,90463,0,20492,15914,0,0,43,30.00,16.50,18.00,594.5,boot
1359,24.841,68.848,14.5,20649,91071,0,20610,16029,0,0,43,30.00,16.50,18.00,596.2,boot
1360,24.910,70.122,14.3,20782,91748,0,20743,16162,0,0,43,30.00,16.50,18.00,597.8,boot
1361,24.980,69.920,14.3,20896,92337,0,20857,16277,0,0,43,30.00,16.50,18.00,599.5,boot
1362,25.050,68.218,14.7,21010,92926,0,20971,16394,0,0,43,30.00,16.50,18.00,601.2,boot
1363,25.118,69.379,14.4,21139,93590,0,21100,16524,0,0,43,30.00,16.50,18.00,602.8,boot
1364,25.188,69.450,14.4,21228,94036,0,21189,16609,0,0,43,30.00,16.50,18.00,604.5,boot
1365,25.257,70.133,14.3,21271,94254,0,21232,16646,0,0,43,30.00,16.50,18.00,606.2,boot
1366,25.327,69.940,14.3,21278,94320,0,21239,16662,0,0,43,30.00,16.50,18.00,607.9,boot
1367,25.397,69.345,14.4,21308,94474,0,21269,16693,0,0,43,30.00,16.50,18.00,609.5,boot
1368,25.467,69.053,14.5,21349,94668,0,21310,16730,0,0,43,30.00,16.50,18.00,611.2,boot
1369,25.536,69.855,14.3,21411,94994,0,21372,16793,0,0,43,30.00,16.50,18.00,612.9,boot
1370,25.606,67.370,14.8,21438,95139,0,21399,16821,0,0,43,30.00,16.50,18.00,614.5,boot
1371,25.673,66.841,15.0,21456,95236,0,21417,16842,0,0,43,30.00,16.50,18.00,616.2,boot
1372,25.740,67.814,14.7,21470,95301,0,21431,16853,0,0,43,30.00,16.50,18.00,617.8,boot
1373,25.808,66.684,15.0,21479,95364,0,21440,16862,0,0,43,30.00,16.50,18.00,619.4,boot
1374,25.875,68.108,14.7,21476,95363,0,21437,16861,0,0,43,30.00,16.50,18.00,621.0,boot
1375,25.943,66.371,15.1,21465,95320,0,21426,16853,0,0,43,30.00,16.50,18.00,622.6,boot
1376,26.009,64.758,15.4,21452,95256,0,21413,16841,0,0,43,30.00,16.50,18.00,624.2,boot
1377,26.074,65.356,15.3,21420,95100,0,21381,16812,0,0,43,30.00,16.50,18.00,625.8,boot
1378,26.139,63.945,15.6,21381,94891,0,21342,16774,0,0,43,30.00,16.50,18.00,627.3,boot
1379,26.203,63.559,15.7,21355,94743,0,21316,16743,0,0,43,30.00,16.50,18.00,628.9,boot
1380,26.267,64.009,15.6,21330,94635,0,21291,16723,0,0,43,30.00,16.50,18.00,630.4,boot
1381,26.331,63.265,15.8,21350,94751,0,21311,16743,0,0,43,30.00,16.50,18.00,631.9,boot
1382,26.394,63.834,15.7,21359,94784,0,21320,16749,0,0,43,30.00,16.50,18.00,633.5,boot
1383,26.458,63.256,15.8,21323,94610,0,21284,16713,0,0,43,30.00,16.50,18.00,635.0,boot
1384,26.521,62.111,16.1,21268,94323,0,21229,16658,0,0,43,30.00,16.50,18.00,636.5,boot
1385,26.584,60.943,16.4,21212,94043,0,21173,16601,0,0,43,30.00,16.50,18.00,638.0,boot
1386,26.645,60.712,16.5,21165,93805,0,21126,16551,0,0,43,30.00,16.50,18.00,639.5,boot
1387,26.705,59.612,16.8,21135,93654,0,21096,16517,0,0,43,30.00,16.50,18.00,640.9,boot
1388,26.765,60.766,16.5,21107,93547,0,21068,16489,0,0,43,30.00,16.50,18.00,642.4,boot
1389,26.826,59.671,16.8,21064,93357,0,21025,16447,0,0,43,30.00,16.50,18.00,643.8,boot
1390,26.885,60.670,16.5,21003,93088,0,20964,16389,0,0,43,30.00,16.50,18.00,645.3,boot
1391,26.946,59.016,16.9,20966,92918,0,20927,16349,0,0,43,30.00,16.50,18.00,646.7,boot
1392,27.005,57.958,17.3,20923,92721,0,20884,16309,0,0,43,30.00,16.50,18.00,648.1,boot
1393,27.063,57.878,17.3,20888,92540,0,20849,16268,0,0,43,30.00,16.50,18.00,649.5,boot
1394,27.121,56.163,17.8,20852,92361,0,20813,16230,0,0,43,30.00,16.50,18.00,650.9,boot
1395,27.177,55.903,17.9,20809,92144,0,20770,16185,0,0,43,30.00,16.50,18.00,652.3,boot
1396,27.233,56.196,17.8,20813,92129,0,20774,16178,0,0,43,30.00,16.50,18.00,653.6,boot
1397,27.289,55.895,17.9,20743,91759,0,20704,16106,0,0,43,30.00,16.50,18.00,654.9,boot
1398,27.345,55.828,17.9,20703,91550,0,20664,16063,0,0,43,30.00,16.50,18.00,656.3,boot
1399,27.401,54.760,18.3,20663,91346,0,20624,16019,0,0,43,30.00,16.50,18.00,657.6,boot
1400,27.456,57.276,17.5,20622,91133,0,20583,15976,0,0,43,30.00,16.50,18.00,658.9,boot
1401,27.513,58.390,17.1,20588,90942,0,20549,15933,0,0,43,30.00,16.50,18.00,660.3,boot
1402,27.572,52.717,19.0,20539,90710,0,20500,15882,0,0,43,30.00,16.50,18.00,661.7,boot
1403,27.624,52.913,18.9,20497,90516,0,20458,15841,0,0,43,30.00,16.50,18.00,663.0,boot
1404,27.677,51.322,19.5,20459,90309,0,20420,15798,0,0,43,30.00,16.50,18.00,664.3,boot
1405,27.729,56.717,17.6,20410,90064,0,20371,15752,0,0,43,30.00,16.50,18.00,665.5,boot
1406,27.786,56.692,17.6,20380,89901,0,20341,15721,0,0,43,30.00,16.50,18.00,666.9,boot
1407,27.842,57.316,17.4,20304,89528,0,20265,15649,0,0,43,30.00,16.50,18.00,668.2,boot
1408,27.900,55.303,18.1,20253,89290,0,20214,15609,0,0,43,30.00,16.50,18.00,669.6,boot
1409,27.955,53.791,18.6,20215,89108,0,20176,15579,0,0,43,30.00,16.50,18.00,670.9,boot
1410,28.009,48.303,20.7,20161,88839,0,20122,15532,0,0,43,30.00,16.50,18.00,672.2,boot
1411,28.057,47.787,20.9,20129,88663,0,20090,15502,0,0,43,30.00,16.50,18.00,673.4,boot
1412,28.105,47.040,21.3,20099,88513,0,20060,15482,0,0,43,30.00,16.50,18.00,674.5,boot
1413,28.152,45.990,21.7,20057,88299,0,20018,15448,0,0,43,30.00,16.50,18.00,675.6,boot
1414,28.198,45.241,22.1,20017,88114,0,19978,15418,0,0,43,30.00,16.50,18.00,676.8,boot
1415,28.243,46.260,21.6,19998,88037,0,19959,15405,0,0,43,30.00,16.50,18.00,677.8,boot
1416,28.290,44.928,22.3,19981,87940,0,19942,15388,0,0,43,30.00,16.50,18.00,678.9,boot
1417,28.335,45.771,21.8,19945,87769,0,19906,15360,0,0,43,30.00,16.50,18.00,680.0,boot
1418,28.380,45.941,21.8,19910,87606,0,19871,15334,0,0,43,30.00,16.50,18.00,681.1,boot
1419,28.426,48.111,20.8,19861,87408,0,19822,15303,0,0,43,30.00,16.50,18.00,682.2,boot
1420,28.474,47.074,21.2,19806,87141,0,19767,15256,0,0,43,30.00,16.50,18.00,683.4,boot
1421,28.522,42.281,23.7,19750,86870,0,19711,15215,0,0,43,30.00,16.50,18.00,684.5,boot
1422,28.564,46.928,21.3,19717,86718,0,19678,15201,0,0,43,30.00,16.50,18.00,685.5,boot
1423,28.611,56.384,17.7,19685,86573,0,19646,15187,0,0,43,30.00,16.50,18.00,686.7,boot
1424,28.667,35.108,28.5,19644,86375,0,19605,15156,0,0,43,30.00,16.50,18.00,688.0,boot
1425,28.702,52.438,19.1,19594,86173,0,19555,15133,0,0,43,30.00,16.50,18.00,688.9,boot
1426,28.755,49.271,20.3,19573,86090,0,19534,15127,0,0,43,30.00,16.50,18.00,690.1,boot
1427,28.804,61.161,16.4,19511,85791,0,19472,15076,0,0,43,30.00,16.50,18.00,691.3,boot
1428,28.865,41.263,24.2,19467,85588,0,19428,15046,0,0,43,30.00,16.50,18.00,692.8,boot
1429,28.907,68.607,14.6,19441,85461,0,19402,15023,0,0,43,30.00,16.50,18.00,693.8,boot
1430,28.975,48.445,20.6,19382,85206,0,19343,14992,0,0,43,30.00,16.50,18.00,695.4,boot
1431,29.024,39.722,25.2,19346,85039,0,19307,14986,0,0,43,30.00,16.50,18.00,696.6,boot
1432,29.063,35.999,27.8,19332,84990,0,19293,14987,0,0,43,30.00,16.50,18.00,697.5,boot
1433,29.099,36.313,27.5,19321,84953,0,19282,14994,0,0,43,30.00,16.50,18.00,698.4,boot
1434,29.136,45.309,22.1,19317,84944,0,19278,15004,0,0,43,30.00,16.50,18.00,699.3,boot
1435,29.181,41.053,24.4,19315,84966,0,19276,15021,0,0,43,30.00,16.50,18.00,700.3,boot
1436,29.222,40.711,24.6,19313,84976,0,19274,15039,0,0,43,30.00,16.50,18.00,701.3,boot
1437,29.263,40.549,24.7,19313,84991,0,19274,15057,0,0,43,30.00,16.50,18.00,702.3,boot
1438,29.303,38.539,25.9,19306,84967,0,19267,15067,0,0,43,30.00,16.50,18.00,703.3,boot
1439,29.342,36.102,27.7,19311,85003,0,19272,15086,0,0,43,30.00,16.50,18.00,704.2,boot
1440,29.378,96.566,10.4,19311,85016,0,19272,15105,0,0,43,30.00,16.50,18.00,705.1,boot
1441,29.475,107.783,9.3,19309,85062,0,19270,15157,0,0,43,30.00,16.50,18.00,707.4,boot
1442,29.583,42.041,23.8,19308,85091,0,19269,15196,0,0,43,30.00,16.50,18.00,710.0,boot
1443,29.625,41.047,24.4,19306,85080,0,19267,15199,0,0,43,30.00,16.50,18.00,711.0,boot
1444,29.666,42.500,23.5,19315,85112,0,19276,15210,0,0,43,30.00,16.50,18.00,712.0,boot
1445,29.708,47.908,20.9,19307,85061,0,19268,15203,0,0,43,30.00,16.50,18.00,713.0,boot
1446,29.756,31.433,31.8,19321,85120,0,19282,15215,0,0,43,30.00,16.50,18.00,714.2,boot
1447,29.788,32.526,30.7,19358,85284,0,19319,15246,0,0,43,30.00,16.50,18.00,714.9,boot
1448,29.820,39.080,25.6,19359,85300,0,19320,15246,0,0,43,30.00,16.50,18.00,715.7,boot
1449,29.859,37.187,26.9,19372,85368,0,19333,15253,0,0,43,30.00,16.50,18.00,716.6,boot
1450,29.897,32.683,30.6,19383,85423,0,19344,15264,0,0,43,30.00,16.50,18.00,717.5,boot
1451,29.929,39.718,25.2,19392,85457,0,19353,15271,0,0,43,30.00,16.50,18.00,718.3,boot
1452,29.969,33.168,30.1,19408,85503,0,19369,15277,0,0,43,30.00,16.50,18.00,719.3,boot
1453,30.002,31.472,31.8,19409,85493,0,19370,15278,0,0,43,30.00,16.50,18.00,720.1,boot
1454,30.034,33.497,29.9,19427,85587,0,19388,15294,0,0,43,30.00,16.50,18.00,720.8,boot
1455,30.067,41.722,24.0,19428,85592,0,19389,15295,0,0,43,30.00,16.50,18.00,721.6,boot
1456,30.109,46.623,21.4,19438,85650,0,19399,15304,0,0,43,30.00,16.50,18.00,722.6,boot
1457,30.156,42.786,23.4,19458,85727,0,19419,15313,0,0,43,30.00,16.50,18.00,723.7,boot
1458,30.198,34.034,29.4,19449,85674,0,19410,15299,0,0,43,30.00,16.50,18.00,724.8,boot
1459,30.232,33.045,30.3,19457,85712,0,19418,15305,0,0,43,30.00,16.50,18.00,725.6,boot
1460,30.266,40.931,24.4,19500,85917,0,19461,15347,0,0,43,30.00,16.50,18.00,726.4,boot
1461,30.306,32.307,31.0,19477,85797,0,19438,15319,0,0,43,30.00,16.50,18.00,727.4,boot
1462,30.339,29.423,34.0,19487,85839,0,19448,15327,0,0,43,30.00,16.50,18.00,728.1,boot
1463,30.368,62.683,16.0,19501,85907,0,19462,15339,0,0,43,30.00,16.50,18.00,728.8,boot
1464,30.431,44.296,22.6,19508,85952,0,19469,15344,0,0,43,30.00,16.50,18.00,730.3,boot
1465,30.475,32.210,31.0,19515,85978,0,19476,15348,0,0,43,30.00,16.50,18.00,731.4,boot
1466,30.508,31.796,31.5,19522,85998,0,19483,15352,0,0,43,30.00,16.50,18.00,732.2,boot
1467,30.539,30.574,32.7,19519,85972,0,19480,15347,0,0,43,30.00,16.50,18.00,732.9,boot
1468,30.570,34.727,28.8,19547,86110,0,19508,15373,0,0,43,30.00,16.50,18.00,733.7,boot
1469,30.605,29.040,34.4,19555,86145,0,19516,15376,0,0,43,30.00,16.50,18.00,734.5,boot
1470,30.634,28.369,35.2,19565,86196,0,19526,15381,0,0,43,30.00,16.50,18.00,735.2,boot
1471,30.662,28.020,35.7,19569,86228,0,19530,15385,0,0,43,30.00,16.50,18.00,735.9,boot
1472,30.690,29.788,33.6,19587,86296,0,19548,15393,0,0,43,30.00,16.50,18.00,736.6,boot
1473,30.720,51.174,19.5,19606,86394,0,19567,15406,0,0,43,30.00,16.50,18.00,737.3,boot
1474,30.771,37.580,26.6,19631,86514,0,19592,15426,0,0,43,30.00,16.50,18.00,738.5,boot
1475,30.809,33.472,29.9,19645,86581,0,19606,15437,0,0,43,30.00,16.50,18.00,739.4,boot
1476,30.842,29.268,34.2,19666,86680,0,19627,15452,0,0,43,30.00,16.50,18.00,740.2,boot
1477,30.872,30.880,32.4,19673,86734,0,19634,15463,0,0,43,30.00,16.50,18.00,740.9,boot
1478,30.902,37.082,27.0,19684,86786,0,19645,15471,0,0,43,30.00,16.50,18.00,741.7,boot
1479,30.939,28.651,34.9,19701,86865,0,19662,15482,0,0,43,30.00,16.50,18.00,742.5,boot
1480,30.968,36.075,27.7,19718,86947,0,19679,15496,0,0,43,30.00,16.50,18.00,743.2,boot
1481,31.004,32.855,30.4,19743,87073,0,19704,15519,0,0,43,30.00,16.50,18.00,744.1,boot
1482,31.037,28.868,34.6,19754,87130,0,19715,15526,0,0,43,30.00,16.50,18.00,744.9,boot
1483,31.066,31.487,31.8,19761,87165,0,19722,15530,0,0,43,30.00,16.50,18.00,745.6,boot
1484,31.098,36.833,27.1,19782,87290,0,19743,15553,0,0,43,30.00,16.50,18.00,746.3,boot
1485,31.134,33.050,30.3,19793,87348,0,19754,15561,0,0,43,30.00,16.50,18.00,747.2,boot
1486,31.167,42.525,23.5,19815,87469,0,19776,15579,0,0,43,30.00,16.50,18.00,748.0,boot
1487,31.210,46.225,21.6,19848,87639,0,19809,15608,0,0,43,30.00,16.50,18.00,749.0,boot
1488,31.256,42.041,23.8,19890,87856,0,19851,15648,0,0,43,30.00,16.50,18.00,750.1,boot
1489,31.298,28.936,34.6,19895,87865,0,19856,15643,0,0,43,30.00,16.50,18.00,751.2,boot
1490,31.327,26.065,38.4,19919,87988,0,19880,15661,0,0,43,30.00,16.50,18.00,751.9,boot
1491,31.353,25.637,39.0,19927,88026,0,19888,15667,0,0,43,30.00,16.50,18.00,752.5,boot
1492,31.379,27.059,37.0,19940,88096,0,19901,15679,0,0,43,30.00,16.50,18.00,753.1,boot
1493,31.406,26.007,38.5,19963,88213,0,19924,15701,0,0,43,30.00,16.50,18.00,753.7,boot
1494,31.432,31.141,32.1,19981,88296,0,19942,15718,0,0,43,30.00,16.50,18.00,754.4,boot
1495,31.463,27.945,35.8,20006,88416,0,19967,15741,0,0,43,30.00,16.50,18.00,755.1,boot
1496,31.491,28.805,34.7,20027,88515,0,19988,15759,0,0,43,30.00,16.50,18.00,755.8,boot
1497,31.520,29.068,34.4,20055,88653,0,20016,15785,0,0,43,30.00,16.50,18.00,756.5,boot
1498,31.549,25.889,38.6,20068,88695,0,20029,15790,0,0,43,30.00,16.50,18.00,757.2,boot
1499,31.575,25.986,38.5,20090,88812,0,20051,15816,0,0,43,30.00,16.50,18.00,757.8,boot
1500,31.601,31.089,32.2,20106,88876,0,20067,15831,0,0,43,30.00,16.50,18.00,758.4,boot
1501,31.632,30.250,33.1,20136,89024,0,20097,15859,0,0,43,30.00,16.50,18.00,759.2,boot
1502,31.662,26.636,37.5,20157,89119,0,20118,15879,0,0,43,30.00,16.50,18.00,759.9,boot
1503,31.689,26.203,38.2,20176,89207,0,20137,15897,0,0,43,30.00,16.50,18.00,760.5,boot
1504,31.715,38.334,26.1,20196,89303,0,20157,15916,0,0,43,30.00,16.50,18.00,761.2,boot
1505,31.754,29.275,34.2,20225,89441,0,20186,15944,0,0,43,30.00,16.50,18.00,762.1,boot
1506,31.783,29.603,33.8,20246,89545,0,20207,15964,0,0,43,30.00,16.50,18.00,762.8,boot
1507,31.813,36.851,27.1,20261,89625,0,20222,15978,0,0,43,30.00,16.50,18.00,763.5,boot
1508,31.849,32.439,30.8,20296,89805,0,20257,16012,0,0,43,30.00,16.50,18.00,764.4,boot
1509,31.882,27.218,36.7,20316,89914,0,20277,16032,0,0,43,30.00,16.50,18.00,765.2,boot
1510,31.909,29.721,33.6,20337,90024,0,20298,16052,0,0,43,30.00,16.50,18.00,765.8,boot
1511,31.939,27.769,36.0,20363,90156,0,20324,16077,0,0,43,30.00,16.50,18.00,766.5,boot
1512,31.967,27.693,36.1,20382,90257,0,20343,16096,0,0,43,30.00,16.50,18.00,767.2,boot
1513,31.994,27.766,36.0,20399,90346,0,20360,16111,0,0,43,30.00,16.50,18.00,767.9,boot
1514,32.022,27.172,36.8,20416,90433,0,20377,16127,0,0,43,30.00,16.50,18.00,768.5,boot
1515,32.049,29.019,34.5,20452,90616,0,20413,16163,0,0,43,30.00,16.50,18.00,769.2,boot
1516,32.078,32.641,30.6,20467,90694,0,20428,16178,0,0,43,30.00,16.50,18.00,769.9,boot
1517,32.111,25.490,39.2,20490,90815,0,20451,16201,0,0,43,30.00,16.50,18.00,770.7,boot
1518,32.137,25.418,39.3,20509,90919,0,20470,16220,0,0,43,30.00,16.50,18.00,771.3,boot
1519,32.162,26.104,38.3,20524,90996,0,20485,16234,0,0,43,30.00,16.50,18.00,771.9,boot
1520,32.188,30.464,32.8,20538,91068,0,20499,16247,0,0,43,30.00,16.50,18.00,772.5,boot
1521,32.219,30.347,33.0,20599,91373,0,20560,16308,0,0,43,30.00,16.50,18.00,773.2,boot
1522,32.249,26.269,38.1,20569,91220,0,20530,16278,0,0,43,30.00,16.50,18.00,774.0,boot
1523,32.275,34.023,29.4,20613,91440,0,20574,16322,0,0,43,30.00,16.50,18.00,774.6,boot
1524,32.309,43.427,23.0,20646,91599,0,20607,16355,0,0,43,30.00,16.50,18.00,775.4,boot
1525,32.353,25.045,39.9,20667,91701,0,20628,16376,0,0,43,30.00,16.50,18.00,776.5,boot
1526,32.378,27.834,35.9,20696,91842,0,20657,16404,0,0,43,30.00,16.50,18.00,777.1,boot
1527,32.406,25.300,39.5,20715,91934,0,20676,16423,0,0,43,30.00,16.50,18.00,777.7,boot
1528,32.431,24.982,40.0,20739,92048,0,20700,16447,0,0,43,30.00,16.50,18.00,778.3,boot
1529,32.456,25.495,39.2,20758,92149,0,20719,16466,0,0,43,30.00,16.50,18.00,778.9,boot
1530,32.481,25.195,39.7,20783,92274,0,20744,16491,0,0,43,30.00,16.50,18.00,779.6,boot
1531,32.507,31.773,31.5,20817,92451,0,20778,16523,0,0,43,30.00,16.50,18.00,780.2,boot
1532,32.538,29.707,33.7,20828,92510,0,20789,16535,0,0,43,30.00,16.50,18.00,780.9,boot
1533,32.568,24.599,40.7,20849,92618,0,20810,16556,0,0,43,30.00,16.50,18.00,781.6,boot
1534,32.593,24.869,40.2,20871,92722,0,20832,16578,0,0,43,30.00,16.50,18.00,782.2,boot
1535,32.618,26.002,38.5,20891,92819,0,20852,16598,0,0,43,30.00,16.50,18.00,782.8,boot
1536,32.644,44.486,22.5,20919,92971,0,20880,16626,0,0,43,30.00,16.50,18.00,783.4,boot
1537,32.688,25.795,38.8,20932,93042,0,20893,16639,0,0,43,30.00,16.50,18.00,784.5,boot
1538,32.714,27.060,37.0,20964,93190,0,20925,16665,0,0,43,30.00,16.50,18.00,785.1,boot
1539,32.741,31.423,31.8,20955,93148,0,20916,16656,0,0,43,30.00,16.50,18.00,785.8,boot
1540,32.772,26.239,38.1,21006,93409,0,20967,16707,0,0,43,30.00,16.50,18.00,786.5,boot
1541,32.799,29.592,33.8,20987,93310,0,20948,16687,0,0,43,30.00,16.50,18.00,787.2,boot
1542,32.828,25.366,39.4,20993,93346,0,20954,16693,0,0,43,30.00,16.50,18.00,787.9,boot
1543,32.854,27.256,36.7,21013,93455,0,20974,16713,0,0,43,30.00,16.50,18.00,788.5,boot
1544,32.881,25.529,39.2,21014,93499,0,20975,16726,0,0,43,30.00,16.50,18.00,789.1,boot
1545,32.907,27.776,36.0,21013,93494,0,20974,16725,0,0,43,30.00,16.50,18.00,789.8,boot
1546,32.934,25.961,38.5,21027,93550,0,20988,16740,0,0,43,30.00,16.50,18.00,790.4,boot
1547,32.960,35.267,28.4,21034,93586,0,20995,16748,0,0,43,30.00,16.50,18.00,791.0,boot
1548,32.996,27.145,36.8,21047,93658,0,21008,16762,0,0,43,30.00,16.50,18.00,791.9,boot
1549,33.023,25.175,39.7,21062,93736,0,21023,16777,0,0,43,30.00,16.50,18.00,792.5,boot
1550,33.048,26.124,38.3,21061,93728,0,21022,16776,0,0,43,30.00,16.50,18.00,793.1,boot
1551,33.074,29.564,33.8,21077,93811,0,21038,16792,0,0,43,30.00,16.50,18.00,793.8,boot
1552,33.104,26.517,37.7,21092,93890,0,21053,16808,0,0,43,30.00,16.50,18.00,794.5,boot
1553,33.130,26.098,38.3,21104,93941,0,21065,16820,0,0,43,30.00,16.50,18.00,795.1,boot
1554,33.156,26.453,37.8,21114,93985,0,21075,16830,0,0,43,30.00,16.50,18.00,795.8,boot
1555,33.183,46.751,21.4,21125,94033,0,21086,16843,0,0,43,30.00,16.50,18.00,796.4,boot
1556,33.230,31.589,31.7,21143,94159,0,21104,16867,0,0,43,30.00,16.50,18.00,797.5,boot
1557,33.261,31.449,31.8,21154,94218,0,21115,16879,0,0,43,30.00,16.50,18.00,798.3,boot
1558,33.293,28.872,34.6,21168,94294,0,21129,16896,0,0,43,30.00,16.50,18.00,799.0,boot
1559,33.321,26.634,37.5,21187,94395,0,21148,16915,0,0,43,30.00,16.50,18.00,799.7,boot
1560,33.348,26.926,37.1,21203,94482,0,21164,16932,0,0,43,30.00,16.50,18.00,800.4,boot
1561,33.375,31.488,31.8,21214,94538,0,21175,16944,0,0,43,30.00,16.50,18.00,801.0,boot
1562,33.407,34.389,29.1,21244,94701,0,21205,16975,0,0,43,30.00,16.50,18.00,801.8,boot
1563,33.441,27.744,36.0,21246,94714,0,21207,16980,0,0,43,30.00,16.50,18.00,802.6,boot
1564,33.469,24.927,40.1,21271,94846,0,21232,17006,0,0,43,30.00,16.50,18.00,803.3,boot
1565,33.494,25.587,39.1,21274,94863,0,21235,17011,0,0,43,30.00,16.50,18.00,803.8,boot
1566,33.519,27.665,36.1,21276,94878,0,21237,17015,0,0,43,30.00,16.50,18.00,804.5,boot
1567,33.547,27.199,36.8,21303,95014,0,21264,17043,0,0,43,30.00,16.50,18.00,805.1,boot
1568,33.574,25.570,39.1,21315,95038,0,21276,17046,0,0,43,30.00,16.50,18.00,805.8,boot
1569,33.600,23.905,41.8,21326,95094,0,21287,17058,0,0,43,30.00,16.50,18.00,806.4,boot
1570,33.624,38.519,26.0,21326,95111,0,21287,17066,0,0,43,30.00,16.50,18.00,807.0,boot
1571,33.662,24.253,41.2,21325,95090,0,21286,17067,0,0,43,30.00,16.50,18.00,807.9,boot
1572,33.687,23.908,41.8,21329,95116,0,21290,17071,0,0,43,30.00,16.50,18.00,808.5,boot
1573,33.710,28.537,35.0,21338,95162,0,21299,17081,0,0,43,30.00,16.50,18.00,809.1,boot
1574,33.739,39.925,25.0,21320,95073,0,21281,17064,0,0,43,30.00,16.50,18.00,809.7,boot
1575,33.779,44.753,22.3,21329,95121,0,21290,17073,0,0,43,30.00,16.50,18.00,810.7,boot
1576,33.824,25.268,39.6,21306,95020,0,21267,17058,0,0,43,30.00,16.50,18.00,811.8,boot
1577,33.849,29.222,34.2,21299,94991,0,21260,17057,0,0,43,30.00,16.50,18.00,812.4,boot
1578,33.878,43.985,22.7,21290,94946,0,21251,17051,0,0,43,30.00,16.50,18.00,813.1,boot
1579,33.922,28.920,34.6,21282,94881,0,21243,17039,0,0,43,30.00,16.50,18.00,814.1,boot
1580,33.951,36.288,27.6,21272,94830,0,21233,17031,0,0,43,30.00,16.50,18.00,814.8,boot
1581,33.987,24.858,40.2,21257,94751,0,21218,17018,0,0,43,30.00,16.50,18.00,815.7,boot
1582,34.012,23.675,42.2,21240,94671,0,21201,17003,0,0,43,30.00,16.50,18.00,816.3,boot
1583,34.036,23.975,41.7,21221,94578,0,21182,16986,0,0,43,30.00,16.50,18.00,816.9,boot
1584,34.060,28.142,35.5,21201,94480,0,21162,16968,0,0,43,30.00,16.50,18.00,817.4,boot
1585,34.088,39.605,25.2,21176,94355,0,21137,16946,0,0,43,30.00,16.50,18.00,818.1,boot
1586,34.128,24.400,41.0,21155,94255,0,21116,16930,0,0,43,30.00,16.50,18.00,819.1,boot
1587,34.152,23.860,41.9,21136,94166,0,21097,16914,0,0,43,30.00,16.50,18.00,819.7,boot
1588,34.176,24.835,40.3,21112,94054,0,21073,16895,0,0,43,30.00,16.50,18.00,820.2,boot
1589,34.201,24.281,41.2,21104,93996,0,21065,16881,0,0,43,30.00,16.50,18.00,820.8,boot
1590,34.225,29.739,33.6,21086,93913,0,21047,16867,0,0,43,30.00,16.50,18.00,821.4,boot
1591,34.255,27.889,35.9,21063,93798,0,21024,16847,0,0,43,30.00,16.50,18.00,822.1,boot
1592,34.283,31.942,31.3,21043,93697,0,21004,16832,0,0,43,30.00,16.50,18.00,822.8,boot
1593,34.315,37.210,26.9,21018,93574,0,20979,16812,0,0,43,30.00,16.50,18.00,823.6,boot
1594,34.352,40.651,24.6,20991,93446,0,20952,16792,0,0,43,30.00,16.50,18.00,824.4,boot
1595,34.393,40.077,25.0,20966,93320,0,20927,16772,0,0,43,30.00,16.50,18.00,825.4,boot
1596,34.433,28.534,35.0,20945,93226,0,20906,16756,0,0,43,30.00,16.50,18.00,826.4,boot
1597,34.461,25.788,38.8,20946,93244,0,20907,16761,0,0,43,30.00,16.50,18.00,827.1,boot
1598,34.487,31.549,31.7,20933,93198,0,20894,16752,0,0,43,30.00,16.50,18.00,827.7,boot
1599,34.519,31.123,32.1,20923,93149,0,20884,16749,0,0,43,30.00,16.50,18.00,828.5,boot
1600,34.550,25.002,40.0,20925,93161,0,20886,16753,0,0,43,30.00,16.50,18.00,829.2,boot
1601,34.575,24.384,41.0,20901,93047,0,20862,16735,0,0,43,30.00,16.50,18.00,829.8,boot
1602,34.599,27.896,35.8,20897,93023,0,20858,16733,0,0,43,30.00,16.50,18.00,830.4,boot
1603,34.627,36.168,27.6,20895,93014,0,20856,16735,0,0,43,30.00,16.50,18.00,831.1,boot
1604,34.663,24.650,40.6,20886,92971,0,20847,16734,0,0,43,30.00,16.50,18.00,831.9,boot
1605,34.688,29.093,34.4,20869,92888,0,20830,16719,0,0,43,30.00,16.50,18.00,832.5,boot
1606,34.717,31.556,31.7,20847,92783,0,20808,16699,0,0,43,30.00,16.50,18.00,833.2,boot
1607,34.749,25.102,39.8,20918,93148,0,20879,16777,0,0,43,30.00,16.50,18.00,834.0,boot
1608,34.774,24.602,40.6,20887,92987,0,20848,16746,0,0,43,30.00,16.50,18.00,834.6,boot
1609,34.799,24.469,40.9,20922,93159,0,20883,16780,0,0,43,30.00,16.50,18.00,835.2,boot
1610,34.823,24.696,40.5,20915,93124,0,20876,16776,0,0,43,30.00,16.50,18.00,835.8,boot
1611,34.848,24.359,41.1,20919,93143,0,20880,16782,0,0,43,30.00,16.50,18.00,836.3,boot
1612,34.872,25.222,39.6,20937,93232,0,20898,16798,0,0,43,30.00,16.50,18.00,836.9,boot
1613,34.897,28.670,34.9,20938,93235,0,20899,16797,0,0,43,30.00,16.50,18.00,837.5,boot
1614,34.926,25.393,39.4,20902,93064,0,20863,16770,0,0,43,30.00,16.50,18.00,838.2,boot
1615,34.951,29.522,33.9,20896,93027,0,20857,16758,0,0,43,30.00,16.50,18.00,838.8,boot
1616,34.981,26.728,37.4,20901,93043,0,20862,16757,0,0,43,30.00,16.50,18.00,839.5,boot
1617,35.008,26.214,38.1,20891,92996,0,20852,16750,0,0,43,30.00,16.50,18.00,840.2,boot
1618,35.034,25.392,39.4,20838,92733,0,20799,16699,0,0,43,30.00,16.50,18.00,840.8,boot
1619,35.059,25.276,39.6,20801,92531,0,20762,16657,0,0,43,30.00,16.50,18.00,841.4,boot
1620,35.085,27.259,36.7,20754,92300,0,20715,16614,0,0,43,30.00,16.50,18.00,842.0,boot
1621,35.112,30.668,32.6,20695,92008,0,20656,16558,0,0,43,30.00,16.50,18.00,842.7,boot
1622,35.143,25.200,39.7,20633,91697,0,20594,16496,0,0,43,30.00,16.50,18.00,843.4,boot
1623,35.168,26.280,38.1,20593,91499,0,20554,16458,0,0,43,30.00,16.50,18.00,844.0,boot
1624,35.194,36.196,27.6,20551,91287,0,20512,16416,0,0,43,30.00,16.50,18.00,844.7,boot
1625,35.230,30.276,33.0,20483,90949,0,20444,16350,0,0,43,30.00,16.50,18.00,845.5,boot
1626,35.261,24.586,40.7,20407,90567,0,20368,16274,0,0,43,30.00,16.50,18.00,846.3,boot
1627,35.285,28.894,34.6,20380,90431,0,20341,16249,0,0,43,30.00,16.50,18.00,846.8,boot
1628,35.314,41.042,24.4,20321,90132,0,20282,16192,0,0,43,30.00,16.50,18.00,847.5,boot
1629,35.355,31.971,31.3,20243,89753,0,20204,16122,0,0,43,30.00,16.50,18.00,848.5,boot
1630,35.387,36.313,27.5,20183,89448,0,20144,16063,0,0,43,30.00,16.50,18.00,849.3,boot
1631,35.424,35.068,28.5,20110,89094,0,20071,15998,0,0,43,30.00,16.50,18.00,850.2,boot
1632,35.459,25.238,39.6,20028,88682,0,19989,15917,0,0,43,30.00,16.50,18.00,851.0,boot
1633,35.484,24.223,41.3,19989,88511,0,19950,15884,0,0,43,30.00,16.50,18.00,851.6,boot
1634,35.508,28.255,35.4,19941,88273,0,19902,15838,0,0,43,30.00,16.50,18.00,852.2,boot
1635,35.536,35.184,28.4,19884,88009,0,19845,15787,0,0,43,30.00,16.50,18.00,852.9,boot
1636,35.572,24.444,40.9,19832,87748,0,19793,15734,0,0,43,30.00,16.50,18.00,853.7,boot
1637,35.596,24.521,40.8,19793,87556,0,19754,15695,0,0,43,30.00,16.50,18.00,854.3,boot
1638,35.621,58.233,17.2,19762,87401,0,19723,15664,0,0,43,30.00,16.50,18.00,854.9,boot
1639,35.679,76.550,13.1,19759,87368,0,19720,15653,0,0,43,30.00,16.50,18.00,856.3,boot
1640,35.755,50.709,19.7,19732,87199,0,19693,15619,0,0,43,30.00,16.50,18.00,858.1,boot
1641,35.806,26.190,38.2,19698,87016,0,19659,15582,0,0,43,30.00,16.50,18.00,859.3,boot
1642,35.832,25.747,38.8,19671,86878,0,19632,15555,0,0,43,30.00,16.50,18.00,860.0,boot
1643,35.858,26.283,38.0,19658,86792,0,19619,15536,0,0,43,30.00,16.50,18.00,860.6,boot
1644,35.884,27.424,36.5,19630,86663,0,19591,15511,0,0,43,30.00,16.50,18.00,861.2,boot
1645,35.912,25.369,39.4,19598,86500,0,19559,15479,0,0,43,30.00,16.50,18.00,861.9,boot
1646,35.937,27.823,35.9,19586,86436,0,19547,15466,0,0,43,30.00,16.50,18.00,862.5,boot
1647,35.965,43.417,23.0,19570,86350,0,19531,15450,0,0,43,30.00,16.50,18.00,863.2,boot
1648,36.008,29.600,33.8,19530,86135,0,19491,15410,0,0,43,30.00,16.50,18.00,864.2,boot
1649,36.038,27.785,36.0,19507,86013,0,19468,15386,0,0,43,30.00,16.50,18.00,864.9,boot
1650,36.066,27.392,36.5,19485,85897,0,19446,15364,0,0,43,30.00,16.50,18.00,865.6,boot
1651,36.093,33.016,30.3,19467,85803,0,19428,15345,0,0,43,30.00,16.50,18.00,866.2,boot
1652,36.126,27.616,36.2,19440,85671,0,19401,15318,0,0,43,30.00,16.50,18.00,867.0,boot
1653,36.154,27.374,36.5,19438,85651,0,19399,15315,0,0,43,30.00,16.50,18.00,867.7,boot
1654,36.181,33.391,29.9,19433,85617,0,19394,15310,0,0,43,30.00,16.50,18.00,868.4,boot
1655,36.215,33.055,30.3,19422,85549,0,19383,15298,0,0,43,30.00,16.50,18.00,869.2,boot
1656,36.248,27.935,35.8,19406,85479,0,19367,15286,0,0,43,30.00,16.50,18.00,869.9,boot
1657,36.276,27.424,36.5,19419,85544,0,19380,15299,0,0,43,30.00,16.50,18.00,870.6,boot
1658,36.303,31.289,32.0,19402,85451,0,19363,15280,0,0,43,30.00,16.50,18.00,871.3,boot
1659,36.335,37.988,26.3,19406,85467,0,19367,15283,0,0,43,30.00,16.50,18.00,872.0,boot
1660,36.373,31.645,31.6,19423,85555,0,19384,15301,0,0,43,30.00,16.50,18.00,872.9,boot
1661,36.404,44.863,22.3,19445,85642,0,19406,15313,0,0,43,30.00,16.50,18.00,873.7,boot
1662,36.449,30.838,32.4,19462,85727,0,19423,15325,0,0,43,30.00,16.50,18.00,874.8,boot
1663,36.480,29.631,33.7,19501,85926,0,19462,15362,0,0,43,30.00,16.50,18.00,875.5,boot
1664,36.510,30.910,32.4,19510,85969,0,19471,15369,0,0,43,30.00,16.50,18.00,876.2,boot
1665,36.541,31.272,32.0,19530,86053,0,19491,15388,0,0,43,30.00,16.50,18.00,877.0,boot
1666,36.572,30.469,32.8,19560,86192,0,19521,15414,0,0,43,30.00,16.50,18.00,877.7,boot
1667,36.602,29.425,34.0,19568,86224,0,19529,15420,0,0,43,30.00,16.50,18.00,878.5,boot
1668,36.632,39.321,25.4,19557,86195,0,19518,15417,0,0,43,30.00,16.50,18.00,879.2,boot
1669,36.671,34.772,28.8,19560,86211,0,19521,15418,0,0,43,30.00,16.50,18.00,880.1,boot
1670,36.706,36.210,27.6,19549,86141,0,19510,15404,0,0,43,30.00,16.50,18.00,880.9,boot
1671,36.742,38.334,26.1,19548,86132,0,19509,15402,0,0,43,30.00,16.50,18.00,881.8,boot
1672,36.780,35.926,27.8,19538,86098,0,19499,15394,0,0,43,30.00,16.50,18.00,882.7,boot
1673,36.816,39.797,25.1,19546,86127,0,19507,15400,0,0,43,30.00,16.50,18.00,883.6,boot
1674,36.856,39.085,25.6,19554,86153,0,19515,15406,0,0,43,30.00,16.50,18.00,884.5,boot
1675,36.895,34.741,28.8,19572,86229,0,19533,15422,0,0,43,30.00,16.50,18.00,885.5,boot
1676,36.930,32.396,30.9,19598,86356,0,19559,15448,0,0,43,30.00,16.50,18.00,886.3,boot
1677,36.962,32.655,30.6,19628,86497,0,19589,15478,0,0,43,30.00,16.50,18.00,887.1,boot
1678,36.995,36.160,27.7,19644,86568,0,19605,15494,0,0,43,30.00,16.50,18.00,887.9,boot
1679,37.031,37.468,26.7,19665,86667,0,19626,15515,0,0,43,30.00,16.50,18.00,888.8,boot
1680,37.069,46.493,21.5,19690,86765,0,19651,15534,0,0,43,30.00,16.50,18.00,889.7,boot
1681,37.115,39.262,25.5,19697,86797,0,19658,15541,0,0,43,30.00,16.50,18.00,890.8,boot
1682,37.155,35.994,27.8,19707,86844,0,19668,15551,0,0,43,30.00,16.50,18.00,891.7,boot
1683,37.191,39.693,25.2,19713,86865,0,19674,15557,0,0,43,30.00,16.50,18.00,892.6,boot
1684,37.230,41.693,24.0,19682,86704,0,19643,15526,0,0,43,30.00,16.50,18.00,893.5,boot
1685,37.272,53.120,18.8,19696,86774,0,19657,15540,0,0,43,30.00,16.50,18.00,894.5,boot
1686,37.325,46.939,21.3,19715,86869,0,19676,15559,0,0,43,30.00,16.50,18.00,895.8,boot
1687,37.372,37.748,26.5,19713,86853,0,19674,15557,0,0,43,30.00,16.50,18.00,896.9,boot
1688,37.410,38.176,26.2,19710,86832,0,19671,15554,0,0,43,30.00,16.50,18.00,897.8,boot
1689,37.448,39.771,25.1,19712,86848,0,19673,15556,0,0,43,30.00,16.50,18.00,898.8,boot
1690,37.488,42.939,23.3,19722,86904,0,19683,15566,0,0,43,30.00,16.50,18.00,899.7,boot
1691,37.531,37.054,27.0,19720,86900,0,19681,15564,0,0,43,30.00,16.50,18.00,900.7,boot
1692,37.568,36.311,27.5,19726,86909,0,19687,15564,0,0,43,30.00,16.50,18.00,901.6,boot
1693,37.604,42.905,23.3,19717,86849,0,19678,15555,0,0,43,30.00,16.50,18.00,902.5,boot
1694,37.647,45.560,21.9,19724,86860,0,19685,15556,0,0,43,30.00,16.50,18.00,903.5,boot
1695,37.693,53.122,18.8,19720,86834,0,19681,15552,0,0,43,30.00,16.50,18.00,904.6,boot
1696,37.746,48.290,20.7,19753,87005,0,19714,15585,0,0,43,30.00,16.50,18.00,905.9,boot
1697,37.794,60.596,16.5,19741,86933,0,19702,15573,0,0,43,30.00,16.50,18.00,907.1,boot
1698,37.855,40.048,25.0,19712,86773,0,19673,15544,0,0,43,30.00,16.50,18.00,908.5,boot
1699,37.895,49.990,20.0,19714,86783,0,19675,15546,0,0,43,30.00,16.50,18.00,909.5,boot
1700,37.945,49.264,20.3,19729,86843,0,19690,15555,0,0,43,30.00,16.50,18.00,910.7,boot
1701,37.994,48.986,20.4,19718,86818,0,19679,15550,0,0,43,30.00,16.50,18.00,911.9,boot
1702,38.043,48.813,20.5,19719,86827,0,19680,15549,0,0,43,30.00,16.50,18.00,913.0,boot
1703,38.092,50.327,19.9,19728,86870,0,19689,15556,0,0,43,30.00,16.50,18.00,914.2,boot
1704,38.143,49.087,20.4,19731,86881,0,19692,15555,0,0,43,30.00,16.50,18.00,915.4,boot
1705,38.192,50.089,20.0,19737,86905,0,19698,15558,0,0,43,30.00,16.50,18.00,916.6,boot
1706,38.242,53.457,18.7,19744,86922,0,19705,15555,0,0,43,30.00,16.50,18.00,917.8,boot
1707,38.295,49.825,20.1,19752,86958,0,19713,15553,0,0,43,30.00,16.50,18.00,919.1,boot
1708,38.345,52.007,19.2,19770,87045,0,19731,15562,0,0,43,30.00,16.50,18.00,920.3,boot
1709,38.397,53.887,18.6,19788,87131,0,19749,15570,0,0,43,30.00,16.50,18.00,921.5,boot
1710,38.451,52.926,18.9,19828,87330,0,19789,15602,0,0,43,30.00,16.50,18.00,922.8,boot
1711,38.504,54.338,18.4,19875,87537,0,19836,15636,0,0,43,30.00,16.50,18.00,924.1,boot
1712,38.558,55.656,18.0,19931,87802,0,19892,15678,0,0,43,30.00,16.50,18.00,925.4,boot
1713,38.614,54.959,18.2,19980,88042,0,19941,15722,0,0,43,30.00,16.50,18.00,926.7,boot
1714,38.669,56.013,17.9,20048,88371,0,20009,15780,0,0,43,30.00,16.50,18.00,928.1,boot
1715,38.725,56.772,17.6,20118,88706,0,20079,15841,0,0,43,30.00,16.50,18.00,929.4,boot
1716,38.782,61.057,16.4,20177,89001,0,20138,15894,0,0,43,30.00,16.50,18.00,930.8,boot
1717,38.843,65.283,15.3,20248,89341,0,20209,15955,0,0,43,30.00,16.50,18.00,932.2,boot
1718,38.908,67.354,14.8,20320,89681,0,20281,16004,0,0,43,30.00,16.50,18.00,933.8,boot
1719,38.976,66.587,15.0,20382,90000,0,20343,16055,0,0,43,30.00,16.50,18.00,935.4,boot
1720,39.042,60.741,16.5,20438,90261,0,20399,16093,0,0,43,30.00,16.50,18.00,937.0,boot
1721,39.103,61.768,16.2,20501,90577,0,20462,16145,0,0,43,30.00,16.50,18.00,938.5,boot
1722,39.165,61.715,16.2,20568,90883,0,20529,16192,0,0,43,30.00,16.50,18.00,940.0,boot
1723,39.227,65.476,15.3,20623,91115,0,20584,16210,0,0,43,30.00,16.50,18.00,941.4,boot
1724,39.292,61.182,16.3,20660,91277,0,20621,16215,0,0,43,30.00,16.50,18.00,943.0,boot
1725,39.353,63.838,15.7,20641,91141,0,20602,16165,0,0,43,30.00,16.50,18.00,944.5,boot
1726,39.417,66.024,15.1,20597,90864,0,20558,16088,0,0,43,30.00,16.50,18.00,946.0,boot
1727,39.483,65.171,15.3,20497,90352,0,20458,15971,0,0,43,30.00,16.50,18.00,947.6,boot
1728,39.549,64.605,15.5,20360,89689,0,20321,15835,0,0,43,30.00,16.50,18.00,949.2,boot
1729,39.613,66.440,15.1,20399,89890,0,20360,15863,0,0,43,30.00,16.50,18.00,950.7,boot
1730,39.680,66.314,15.1,20525,90501,0,20486,15964,0,0,43,30.00,16.50,18.00,952.3,boot
1731,39.746,61.912,16.2,20631,91013,0,20592,16040,0,0,43,30.00,16.50,18.00,953.9,boot
1732,39.808,62.634,16.0,20781,91741,0,20742,16168,0,0,43,30.00,16.50,18.00,955.4,boot
1733,39.871,63.588,15.7,20874,92211,0,20835,16257,0,0,43,30.00,16.50,18.00,956.9,boot
1734,39.934,62.731,15.9,20977,92738,0,20938,16360,0,0,43,30.00,16.50,18.00,958.4,boot
1735,39.997,63.118,15.8,21076,93264,0,21037,16466,0,0,43,30.00,16.50,18.00,959.9,boot
1736,40.060,68.595,14.6,21171,93761,0,21132,16564,0,0,43,30.00,16.50,18.00,961.4,boot
1737,40.129,62.757,15.9,21286,94334,0,21247,16674,0,0,43,30.00,16.50,18.00,963.1,boot
1738,40.191,63.084,15.9,21359,94700,0,21320,16743,0,0,43,30.00,16.50,18.00,964.6,boot
1739,40.255,63.948,15.6,21390,94876,0,21351,16774,0,0,43,30.00,16.50,18.00,966.1,boot
1740,40.319,63.460,15.8,21381,94802,0,21342,16756,0,0,43,30.00,16.50,18.00,967.6,boot
1741,40.382,69.313,14.4,21411,94962,0,21372,16787,0,0,43,30.00,16.50,18.00,969.2,boot
1742,40.451,69.597,14.4,21455,95186,0,21416,16833,0,0,43,30.00,16.50,18.00,970.8,boot
1743,40.521,68.772,14.5,21490,95377,0,21451,16869,0,0,43,30.00,16.50,18.00,972.5,boot
1744,40.590,67.909,14.7,21516,95520,0,21477,16896,0,0,43,30.00,16.50,18.00,974.2,boot
1745,40.658,67.376,14.8,21537,95632,0,21498,16920,0,0,43,30.00,16.50,18.00,975.8,boot
1746,40.725,66.842,15.0,21540,95657,0,21501,16926,0,0,43,30.00,16.50,18.00,977.4,boot
1747,40.792,67.283,14.9,21531,95630,0,21492,16917,0,0,43,30.00,16.50,18.00,979.0,boot
1748,40.859,66.929,14.9,21524,95645,0,21485,16924,0,0,43,30.00,16.50,18.00,980.6,boot
1749,40.926,65.904,15.2,21497,95521,0,21458,16899,0,0,43,30.00,16.50,18.00,982.2,boot
1750,40.992,60.124,16.6,21497,95526,0,21458,16901,0,0,43,30.00,16.50,18.00,983.8,boot
1751,41.052,60.853,16.4,21452,95304,0,21413,16858,0,0,43,30.00,16.50,18.00,985.3,boot
1752,41.113,63.886,15.7,21426,95174,0,21387,16835,0,0,43,30.00,16.50,18.00,986.7,boot
1753,41.177,63.710,15.7,21372,94888,0,21333,16779,0,0,43,30.00,16.50,18.00,988.3,boot
1754,41.241,63.296,15.8,21331,94688,0,21292,16742,0,0,43,30.00,16.50,18.00,989.8,boot
1755,41.304,64.021,15.6,21345,94773,0,21306,16752,0,0,43,30.00,16.50,18.00,991.3,boot
1756,41.368,63.087,15.9,21344,94750,0,21305,16751,0,0,43,30.00,16.50,18.00,992.8,boot
1757,41.431,64.008,15.6,21332,94696,0,21293,16736,0,0,43,30.00,16.50,18.00,994.4,boot
1758,41.495,62.446,16.0,21268,94369,0,21229,16674,0,0,43,30.00,16.50,18.00,995.9,boot
1759,41.558,61.540,16.2,21212,94090,0,21173,16618,0,0,43,30.00,16.50,18.00,997.4,boot
1760,41.620,61.246,16.3,21183,93904,0,21144,16572,0,0,43,30.00,16.50,18.00,998.9,boot
1761,41.681,55.870,17.9,21150,93735,0,21111,16535,0,0,43,30.00,16.50,18.00,1000.3,boot
1762,41.737,59.180,16.9,21124,93613,0,21085,16505,0,0,43,30.00,16.50,18.00,1001.7,boot
1763,41.796,70.905,14.1,21092,93472,0,21053,16471,0,0,43,30.00,16.50,18.00,1003.1,boot
1764,41.867,112.414,8.9,21039,93219,0,21000,16412,0,0,43,30.00,16.50,18.00,1004.8,boot
1765,41.979,91.128,11.0,20959,92839,0,20920,16325,0,0,43,30.00,16.50,18.00,1007.5,boot
1766,42.070,44.059,22.7,20905,92562,0,20866,16264,0,0,43,30.00,16.50,18.00,1009.7,boot
1767,42.115,50.632,19.8,20870,92407,0,20831,16234,0,0,43,30.00,16.50,18.00,1010.7,boot
1768,42.165,43.959,22.7,20832,92214,0,20793,16193,0,0,43,30.00,16.50,18.00,1012.0,boot
1769,42.209,73.833,13.5,20776,91921,0,20737,16136,0,0,43,30.00,16.50,18.00,1013.0,boot
1770,42.283,54.775,18.3,20759,91812,0,20720,16113,0,0,43,30.00,16.50,18.00,1014.8,boot
1771,42.338,39.448,25.3,20719,91603,0,20680,16070,0,0,43,30.00,16.50,18.00,1016.1,boot
1772,42.377,49.436,20.2,20682,91416,0,20643,16031,0,0,43,30.00,16.50,18.00,1017.1,boot
1773,42.427,59.998,16.7,20648,91243,0,20609,15994,0,0,43,30.00,16.50,18.00,1018.2,boot
1774,42.487,60.431,16.5,20607,91046,0,20568,15958,0,0,43,30.00,16.50,18.00,1019.7,boot
1775,42.547,53.633,18.6,20559,90818,0,20520,15907,0,0,43,30.00,16.50,18.00,1021.1,boot
1776,42.601,52.589,19.0,20508,90580,0,20469,15855,0,0,43,30.00,16.50,18.00,1022.4,boot
1777,42.654,53.233,18.8,20456,90328,0,20417,15805,0,0,43,30.00,16.50,18.00,1023.7,boot
1778,42.707,53.127,18.8,20409,90088,0,20370,15759,0,0,43,30.00,16.50,18.00,1025.0,boot
1779,42.760,58.067,17.2,20338,89731,0,20299,15689,0,0,43,30.00,16.50,18.00,1026.2,boot
1780,42.818,55.330,18.1,20314,89639,0,20275,15678,0,0,43,30.00,16.50,18.00,1027.6,boot
1781,42.873,51.641,19.4,20251,89331,0,20212,15622,0,0,43,30.00,16.50,18.00,1029.0,boot
1782,42.925,49.194,20.3,20201,89118,0,20162,15588,0,0,43,30.00,16.50,18.00,1030.2,boot
1783,42.974,48.942,20.4,20154,88887,0,20115,15548,0,0,43,30.00,16.50,18.00,1031.4,boot
1784,43.023,56.788,17.6,20114,88684,0,20075,15514,0,0,43,30.00,16.50,18.00,1032.6,boot
1785,43.080,43.144,23.2,20091,88553,0,20052,15496,0,0,43,30.00,16.50,18.00,1033.9,boot
1786,43.123,59.360,16.8,20062,88390,0,20023,15468,0,0,43,30.00,16.50,18.00,1035.0,boot
1787,43.183,36.484,27.4,20005,88111,0,19966,15424,0,0,43,30.00,16.50,18.00,1036.4,boot
1788,43.219,42.001,23.8,19999,88082,0,19960,15419,0,0,43,30.00,16.50,18.00,1037.3,boot
1789,43.261,57.205,17.5,19972,87959,0,19933,15398,0,0,43,30.00,16.50,18.00,1038.3,boot
1790,43.318,42.464,23.5,19938,87797,0,19899,15374,0,0,43,30.00,16.50,18.00,1039.6,boot
1791,43.361,38.887,25.7,19905,87639,0,19866,15348,0,0,43,30.00,16.50,18.00,1040.7,boot
1792,43.400,43.595,22.9,19876,87507,0,19837,15323,0,0,43,30.00,16.50,18.00,1041.6,boot
1793,43.443,41.473,24.1,19828,87276,0,19789,15282,0,0,43,30.00,16.50,18.00,1042.6,boot
1794,43.485,46.622,21.4,19795,87113,0,19756,15257,0,0,43,30.00,16.50,18.00,1043.6,boot
1795,43.532,43.205,23.1,19738,86841,0,19699,15219,0,0,43,30.00,16.50,18.00,1044.8,boot
1796,43.575,41.093,24.3,19708,86699,0,19669,15203,0,0,43,30.00,16.50,18.00,1045.8,boot
1797,43.616,44.592,22.4,19662,86485,0,19623,15173,0,0,43,30.00,16.50,18.00,1046.8,boot
1798,43.661,43.566,23.0,19636,86361,0,19597,15156,0,0,43,30.00,16.50,18.00,1047.9,boot
1799,43.704,45.667,21.9,19596,86175,0,19557,15133,0,0,43,30.00,16.50,18.00,1048.9,boot
1800,43.750,68.463,14.6,19593,86182,0,19554,15142,0,0,43,30.00,16.50,18.00,1050.0,boot
1801,43.818,53.977,18.5,19501,85753,0,19462,15072,0,0,43,30.00,16.50,18.00,1051.6,boot
1802,43.872,47.112,21.2,19459,85557,0,19420,15041,0,0,43,30.00,16.50,18.00,1052.9,boot
1803,43.920,40.408,24.7,19423,85384,0,19384,15009,0,0,43,30.00,16.50,18.00,1054.1,boot
1804,43.960,51.659,19.4,19381,85213,0,19342,14988,0,0,43,30.00,16.50,18.00,1055.0,boot
1805,44.012,41.286,24.2,19344,85047,0,19305,14984,0,0,43,30.00,16.50,18.00,1056.3,boot
1806,44.053,42.339,23.6,19323,84980,0,19284,14989,0,0,43,30.00,16.50,18.00,1057.3,boot
1807,44.095,40.154,24.9,19306,84923,0,19267,14994,0,0,43,30.00,16.50,18.00,1058.3,boot
1808,44.135,46.805,21.4,19305,84928,0,19266,15006,0,0,43,30.00,16.50,18.00,1059.3,boot
1809,44.182,44.621,22.4,19299,84932,0,19260,15021,0,0,43,30.00,16.50,18.00,1060.4,boot
1810,44.227,46.097,21.7,19294,84928,0,19255,15037,0,0,43,30.00,16.50,18.00,1061.4,boot
1811,44.273,40.548,24.7,19296,84950,0,19257,15057,0,0,43,30.00,16.50,18.00,1062.6,boot
1812,44.314,44.926,22.3,19294,84952,0,19255,15073,0,0,43,30.00,16.50,18.00,1063.5,boot
1813,44.359,36.821,27.2,19299,84972,0,19260,15091,0,0,43,30.00,16.50,18.00,1064.6,boot
1814,44.395,47.157,21.2,19311,85029,0,19272,15112,0,0,43,30.00,16.50,18.00,1065.5,boot
1815,44.443,38.011,26.3,19310,85048,0,19271,15139,0,0,43,30.00,16.50,18.00,1066.6,boot
1816,44.481,49.808,20.1,19304,85031,0,19265,15152,0,0,43,30.00,16.50,18.00,1067.5,boot
1817,44.530,38.935,25.7,19313,85095,0,19274,15183,0,0,43,30.00,16.50,18.00,1068.7,boot
1818,44.569,35.616,28.1,19303,85063,0,19264,15188,0,0,43,30.00,16.50,18.00,1069.7,boot
1819,44.605,67.282,14.9,19321,85148,0,19282,15207,0,0,43,30.00,16.50,18.00,1070.5,boot
1820,44.672,59.397,16.8,19322,85138,0,19283,15214,0,0,43,30.00,16.50,18.00,1072.1,boot
1821,44.732,43.276,23.1,19362,85323,0,19323,15254,0,0,43,30.00,16.50,18.00,1073.6,boot
1822,44.775,36.459,27.4,19355,85281,0,19316,15246,0,0,43,30.00,16.50,18.00,1074.6,boot
1823,44.812,45.672,21.9,19349,85252,0,19310,15238,0,0,43,30.00,16.50,18.00,1075.5,boot
1824,44.857,57.832,17.3,19358,85326,0,19319,15249,0,0,43,30.00,16.50,18.00,1076.6,boot
1825,44.915,29.988,33.3,19375,85404,0,19336,15265,0,0,43,30.00,16.50,18.00,1078.0,boot
1826,44.945,36.846,27.1,19383,85428,0,19344,15269,0,0,43,30.00,16.50,18.00,1078.7,boot
1827,44.982,29.634,33.7,19397,85486,0,19358,15280,0,0,43,30.00,16.50,18.00,1079.6,boot
1828,45.012,35.006,28.6,19402,85502,0,19363,15285,0,0,43,30.00,16.50,18.00,1080.3,boot
1829,45.047,35.434,28.2,19421,85569,0,19382,15291,0,0,43,30.00,16.50,18.00,1081.1,boot
1830,45.082,32.399,30.9,19436,85641,0,19397,15306,0,0,43,30.00,16.50,18.00,1082.0,boot
1831,45.115,28.937,34.6,19450,85723,0,19411,15320,0,0,43,30.00,16.50,18.00,1082.7,boot
1832,45.143,29.363,34.1,19453,85732,0,19414,15320,0,0,43,30.00,16.50,18.00,1083.4,boot
1833,45.173,30.562,32.7,19464,85783,0,19425,15327,0,0,43,30.00,16.50,18.00,1084.1,boot
1834,45.203,32.822,30.5,19469,85798,0,19430,15328,0,0,43,30.00,16.50,18.00,1084.9,boot
1835,45.236,44.509,22.5,19474,85825,0,19435,15332,0,0,43,30.00,16.50,18.00,1085.7,boot
1836,45.281,48.207,20.7,19492,85902,0,19453,15346,0,0,43,30.00,16.50,18.00,1086.7,boot
1837,45.329,31.027,32.2,19505,85976,0,19466,15362,0,0,43,30.00,16.50,18.00,1087.9,boot
1838,45.360,43.189,23.2,19520,86047,0,19481,15373,0,0,43,30.00,16.50,18.00,1088.6,boot
1839,45.403,35.701,28.0,19543,86156,0,19504,15393,0,0,43,30.00,16.50,18.00,1089.7,boot
1840,45.439,32.504,30.8,19544,86160,0,19505,15390,0,0,43,30.00,16.50,18.00,1090.5,boot
1841,45.472,27.672,36.1,19563,86247,0,19524,15407,0,0,43,30.00,16.50,18.00,1091.3,boot
1842,45.499,42.925,23.3,19567,86258,0,19528,15408,0,0,43,30.00,16.50,18.00,1092.0,boot
1843,45.542,27.934,35.8,19572,86282,0,19533,15415,0,0,43,30.00,16.50,18.00,1093.0,boot
1844,45.570,27.961,35.8,19579,86333,0,19540,15426,0,0,43,30.00,16.50,18.00,1093.7,boot
1845,45.598,42.883,23.3,19592,86394,0,19553,15435,0,0,43,30.00,16.50,18.00,1094.4,boot
1846,45.641,32.920,30.4,19604,86443,0,19565,15436,0,0,43,30.00,16.50,18.00,1095.4,boot
1847,45.674,28.192,35.5,19632,86570,0,19593,15454,0,0,43,30.00,16.50,18.00,1096.2,boot
1848,45.702,28.860,34.6,19640,86607,0,19601,15459,0,0,43,30.00,16.50,18.00,1096.9,boot
1849,45.731,32.286,31.0,19654,86679,0,19615,15469,0,0,43,30.00,16.50,18.00,1097.5,boot
1850,45.763,29.679,33.7,19669,86749,0,19630,15479,0,0,43,30.00,16.50,18.00,1098.3,boot
1851,45.793,28.948,34.5,19687,86836,0,19648,15494,0,0,43,30.00,16.50,18.00,1099.0,boot
1852,45.822,28.499,35.1,19694,86868,0,19655,15498,0,0,43,30.00,16.50,18.00,1099.7,boot
1853,45.851,31.955,31.3,19707,86929,0,19668,15507,0,0,43,30.00,16.50,18.00,1100.4,boot
1854,45.883,27.248,36.7,19717,86980,0,19678,15515,0,0,43,30.00,16.50,18.00,1101.2,boot
1855,45.910,27.456,36.4,19730,87041,0,19691,15524,0,0,43,30.00,16.50,18.00,1101.8,boot
1856,45.937,25.943,38.5,19742,87097,0,19703,15532,0,0,43,30.00,16.50,18.00,1102.5,boot
1857,45.963,34.985,28.6,19758,87174,0,19719,15545,0,0,43,30.00,16.50,18.00,1103.1,boot
1858,45.998,28.980,34.5,19764,87205,0,19725,15549,0,0,43,30.00,16.50,18.00,1104.0,boot
1859,46.027,26.833,37.3,19781,87290,0,19742,15563,0,0,43,30.00,16.50,18.00,1104.7,boot
1860,46.054,31.924,31.3,19791,87343,0,19752,15570,0,0,43,30.00,16.50,18.00,1105.3,boot
1861,46.086,28.057,35.6,19812,87430,0,19773,15582,0,0,43,30.00,16.50,18.00,1106.1,boot
1862,46.114,25.582,39.1,19826,87503,0,19787,15593,0,0,43,30.00,16.50,18.00,1106.7,boot
1863,46.140,25.284,39.6,19833,87541,0,19794,15597,0,0,43,30.00,16.50,18.00,1107.4,boot
1864,46.165,27.508,36.4,19859,87677,0,19820,15620,0,0,43,30.00,16.50,18.00,1108.0,boot
1865,46.193,31.811,31.4,19868,87725,0,19829,15626,0,0,43,30.00,16.50,18.00,1108.6,boot
1866,46.224,30.094,33.2,19869,87754,0,19830,15630,0,0,43,30.00,16.50,18.00,1109.4,boot
1867,46.254,36.359,27.5,19910,87965,0,19871,15671,0,0,43,30.00,16.50,18.00,1110.1,boot
1868,46.291,36.819,27.2,19897,87921,0,19858,15664,0,0,43,30.00,16.50,18.00,1111.0,boot
1869,46.328,28.262,35.4,19928,88078,0,19889,15685,0,0,43,30.00,16.50,18.00,1111.9,boot
1870,46.356,26.740,37.4,19937,88121,0,19898,15692,0,0,43,30.00,16.50,18.00,1112.5,boot
1871,46.383,27.097,36.9,19954,88210,0,19915,15707,0,0,43,30.00,16.50,18.00,1113.2,boot
1872,46.410,27.515,36.3,19982,88335,0,19943,15729,0,0,43,30.00,16.50,18.00,1113.8,boot
1873,46.437,27.821,35.9,19988,88357,0,19949,15733,0,0,43,30.00,16.50,18.00,1114.5,boot
1874,46.465,32.277,31.0,20009,88479,0,19970,15759,0,0,43,30.00,16.50,18.00,1115.2,boot
1875,46.497,27.866,35.9,20024,88539,0,19985,15771,0,0,43,30.00,16.50,18.00,1115.9,boot
1876,46.525,27.731,36.1,20052,88686,0,20013,15797,0,0,43,30.00,16.50,18.00,1116.6,boot
1877,46.553,27.792,36.0,20071,88755,0,20032,15808,0,0,43,30.00,16.50,18.00,1117.3,boot
1878,46.581,27.782,36.0,20096,88868,0,20057,15830,0,0,43,30.00,16.50,18.00,1117.9,boot
1879,46.609,28.369,35.2,20119,88967,0,20080,15852,0,0,43,30.00,16.50,18.00,1118.6,boot
1880,46.637,39.491,25.3,20133,89050,0,20094,15870,0,0,43,30.00,16.50,18.00,1119.3,boot
1881,46.677,31.188,32.1,20160,89175,0,20121,15896,0,0,43,30.00,16.50,18.00,1120.2,boot
1882,46.708,25.554,39.1,20176,89249,0,20137,15912,0,0,43,30.00,16.50,18.00,1121.0,boot
1883,46.733,38.772,25.8,20200,89364,0,20161,15934,0,0,43,30.00,16.50,18.00,1121.6,boot
1884,46.772,25.087,39.9,20231,89515,0,20192,15964,0,0,43,30.00,16.50,18.00,1122.5,boot
1885,46.797,25.977,38.5,20245,89588,0,20206,15978,0,0,43,30.00,16.50,18.00,1123.1,boot
1886,46.823,27.945,35.8,20261,89667,0,20222,15993,0,0,43,30.00,16.50,18.00,1123.8,boot
1887,46.851,26.631,37.6,20280,89770,0,20241,16011,0,0,43,30.00,16.50,18.00,1124.4,boot
1888,46.878,28.580,35.0,20295,89854,0,20256,16026,0,0,43,30.00,16.50,18.00,1125.1,boot
1889,46.906,24.393,41.0,20320,89984,0,20281,16050,0,0,43,30.00,16.50,18.00,1125.8,boot
1890,46.931,25.093,39.9,20342,90096,0,20303,16071,0,0,43,30.00,16.50,18.00,1126.3,boot
1891,46.956,35.743,28.0,20358,90182,0,20319,16087,0,0,43,30.00,16.50,18.00,1126.9,boot
1892,46.992,27.214,36.7,20393,90344,0,20354,16115,0,0,43,30.00,16.50,18.00,1127.8,boot
1893,47.019,25.453,39.3,20404,90400,0,20365,16124,0,0,43,30.00,16.50,18.00,1128.5,boot
1894,47.044,26.619,37.6,20445,90608,0,20406,16165,0,0,43,30.00,16.50,18.00,1129.1,boot
1895,47.071,25.006,40.0,20450,90636,0,20411,16170,0,0,43,30.00,16.50,18.00,1129.7,boot
1896,47.096,29.859,33.5,20473,90754,0,20434,16193,0,0,43,30.00,16.50,18.00,1130.3,boot
1897,47.126,25.608,39.1,20481,90803,0,20442,16201,0,0,43,30.00,16.50,18.00,1131.0,boot
1898,47.152,24.562,40.7,20504,90921,0,20465,16224,0,0,43,30.00,16.50,18.00,1131.6,boot
1899,47.176,36.806,27.2,20530,91055,0,20491,16248,0,0,43,30.00,16.50,18.00,1132.2,boot
1900,47.213,25.732,38.9,20578,91277,0,20539,16290,0,0,43,30.00,16.50,18.00,1133.1,boot
1901,47.239,29.952,33.4,20562,91173,0,20523,16268,0,0,43,30.00,16.50,18.00,1133.7,boot
1902,47.269,36.400,27.5,20618,91462,0,20579,16324,0,0,43,30.00,16.50,18.00,1134.4,boot
1903,47.305,28.852,34.7,20639,91558,0,20600,16345,0,0,43,30.00,16.50,18.00,1135.3,boot
1904,47.334,23.836,42.0,20668,91697,0,20629,16374,0,0,43,30.00,16.50,18.00,1136.0,boot
1905,47.358,26.439,37.8,20677,91742,0,20638,16383,0,0,43,30.00,16.50,18.00,1136.6,boot
1906,47.384,43.151,23.2,20704,91870,0,20665,16409,0,0,43,30.00,16.50,18.00,1137.2,boot
1907,47.427,37.105,27.0,20735,92016,0,20696,16440,0,0,43,30.00,16.50,18.00,1138.3,boot
1908,47.465,45.890,21.8,20767,92191,0,20728,16472,0,0,43,30.00,16.50,18.00,1139.2,boot
1909,47.510,55.158,18.1,20820,92457,0,20781,16523,0,0,43,30.00,16.50,18.00,1140.3,boot
1910,47.566,30.226,33.1,20848,92604,0,20809,16552,0,0,43,30.00,16.50,18.00,1141.6,boot
1911,47.596,27.856,35.9,20875,92751,0,20836,16585,0,0,43,30.00,16.50,18.00,1142.3,boot
1912,47.624,34.068,29.4,20882,92801,0,20843,16598,0,0,43,30.00,16.50,18.00,1143.0,boot
1913,47.658,37.711,26.5,20919,92998,0,20880,16635,0,0,43,30.00,16.50,18.00,1143.8,boot
1914,47.696,29.027,34.5,20933,93077,0,20894,16649,0,0,43,30.00,16.50,18.00,1144.7,boot
1915,47.725,31.810,31.4,20955,93190,0,20916,16671,0,0,43,30.00,16.50,18.00,1145.4,boot
1916,47.756,27.754,36.0,20998,93414,0,20959,16714,0,0,43,30.00,16.50,18.00,1146.2,boot
1917,47.784,27.459,36.4,20953,93188,0,20914,16668,0,0,43,30.00,16.50,18.00,1146.8,boot
1918,47.812,30.008,33.3,20995,93398,0,20956,16710,0,0,43,30.00,16.50,18.00,1147.5,boot
1919,47.842,26.101,38.3,21002,93439,0,20963,16717,0,0,43,30.00,16.50,18.00,1148.2,boot
1920,47.868,37.212,26.9,21000,93435,0,20961,16715,0,0,43,30.00,16.50,18.00,1148.8,boot
1921,47.905,25.988,38.5,21005,93460,0,20966,16720,0,0,43,30.00,16.50,18.00,1149.7,boot
1922,47.931,27.686,36.1,21021,93532,0,20982,16737,0,0,43,30.00,16.50,18.00,1150.3,boot
1923,47.959,24.780,40.4,21024,93545,0,20985,16741,0,0,43,30.00,16.50,18.00,1151.0,boot
1924,47.984,30.335,33.0,21041,93634,0,21002,16759,0,0,43,30.00,16.50,18.00,1151.6,boot
1925,48.014,29.392,34.0,21045,93660,0,21006,16763,0,0,43,30.00,16.50,18.00,1152.3,boot
1926,48.043,37.071,27.0,21070,93782,0,21031,16788,0,0,43,30.00,16.50,18.00,1153.0,boot
1927,48.080,53.271,18.8,21076,93833,0,21037,16800,0,0,43,30.00,16.50,18.00,1153.9,boot
1928,48.134,62.717,15.9,21089,93908,0,21050,16820,0,0,43,30.00,16.50,18.00,1155.2,boot
1929,48.197,41.512,24.1,21123,94059,0,21084,16850,0,0,43,30.00,16.50,18.00,1156.7,boot
1930,48.238,29.664,33.7,21139,94149,0,21100,16867,0,0,43,30.00,16.50,18.00,1157.7,boot
1931,48.268,28.011,35.7,21161,94262,0,21122,16889,0,0,43,30.00,16.50,18.00,1158.4,boot
1932,48.296,33.999,29.4,21162,94273,0,21123,16893,0,0,43,30.00,16.50,18.00,1159.1,boot
1933,48.330,47.253,21.2,21197,94439,0,21158,16922,0,0,43,30.00,16.50,18.00,1159.9,boot
1934,48.377,43.788,22.8,21218,94549,0,21179,16945,0,0,43,30.00,16.50,18.00,1161.1,boot
1935,48.421,31.063,32.2,21248,94712,0,21209,16976,0,0,43,30.00,16.50,18.00,1162.1,boot
1936,48.452,26.344,38.0,21256,94758,0,21217,16987,0,0,43,30.00,16.50,18.00,1162.8,boot
1937,48.478,26.747,37.4,21275,94858,0,21236,17008,0,0,43,30.00,16.50,18.00,1163.5,boot
1938,48.505,27.839,35.9,21277,94870,0,21238,17012,0,0,43,30.00,16.50,18.00,1164.1,boot
1939,48.533,27.044,37.0,21299,94985,0,21260,17036,0,0,43,30.00,16.50,18.00,1164.8,boot
1940,48.560,26.508,37.7,21306,95015,0,21267,17044,0,0,43,30.00,16.50,18.00,1165.4,boot
1941,48.587,30.685,32.6,21313,95052,0,21274,17053,0,0,43,30.00,16.50,18.00,1166.1,boot
1942,48.617,26.612,37.6,21321,95091,0,21282,17063,0,0,43,30.00,16.50,18.00,1166.8,boot
1943,48.644,38.271,26.1,21318,95088,0,21279,17069,0,0,43,30.00,16.50,18.00,1167.5,boot
1944,48.682,25.397,39.4,21317,95083,0,21278,17068,0,0,43,30.00,16.50,18.00,1168.4,boot
1945,48.708,27.612,36.2,21336,95161,0,21297,17082,0,0,43,30.00,16.50,18.00,1169.0,boot
1946,48.735,34.535,29.0,21316,95062,0,21277,17063,0,0,43,30.00,16.50,18.00,1169.6,boot
1947,48.770,31.896,31.4,21317,95067,0,21278,17064,0,0,43,30.00,16.50,18.00,1170.5,boot
1948,48.802,30.918,32.3,21312,95071,0,21273,17067,0,0,43,30.00,16.50,18.00,1171.2,boot
1949,48.833,29.104,34.4,21291,94974,0,21252,17054,0,0,43,30.00,16.50,18.00,1172.0,boot
1950,48.862,26.995,37.0,21287,94960,0,21248,17056,0,0,43,30.00,16.50,18.00,1172.7,boot
1951,48.889,28.300,35.3,21279,94919,0,21240,17050,0,0,43,30.00,16.50,18.00,1173.3,boot
1952,48.917,26.563,37.6,21265,94844,0,21226,17037,0,0,43,30.00,16.50,18.00,1174.0,boot
1953,48.944,25.760,38.8,21268,94853,0,21229,17040,0,0,43,30.00,16.50,18.00,1174.6,boot
1954,48.969,26.372,37.9,21249,94740,0,21210,17018,0,0,43,30.00,16.50,18.00,1175.3,boot
1955,48.996,26.665,37.5,21236,94695,0,21197,17013,0,0,43,30.00,16.50,18.00,1175.9,boot
1956,49.022,28.300,35.3,21216,94596,0,21177,16994,0,0,43,30.00,16.50,18.00,1176.5,boot
1957,49.051,25.143,39.8,21193,94484,0,21154,16974,0,0,43,30.00,16.50,18.00,1177.2,boot
1958,49.076,29.557,33.8,21174,94390,0,21135,16959,0,0,43,30.00,16.50,18.00,1177.8,boot
1959,49.106,43.986,22.7,21149,94268,0,21110,16937,0,0,43,30.00,16.50,18.00,1178.5,boot
1960,49.150,23.527,42.5,21122,94140,0,21083,16914,0,0,43,30.00,16.50,18.00,1179.6,boot
1961,49.173,23.720,42.2,21095,94011,0,21056,16893,0,0,43,30.00,16.50,18.00,1180.2,boot
1962,49.197,29.674,33.7,21086,93969,0,21047,16884,0,0,43,30.00,16.50,18.00,1180.7,boot
1963,49.226,29.820,33.5,21064,93866,0,21025,16866,0,0,43,30.00,16.50,18.00,1181.4,boot
1964,49.256,24.870,40.2,21048,93768,0,21009,16847,0,0,43,30.00,16.50,18.00,1182.2,boot
1965,49.281,31.981,31.3,21028,93667,0,20989,16832,0,0,43,30.00,16.50,18.00,1182.7,boot
1966,49.313,32.690,30.6,21004,93549,0,20965,16813,0,0,43,30.00,16.50,18.00,1183.5,boot
1967,49.346,28.103,35.6,20981,93439,0,20942,16795,0,0,43,30.00,16.50,18.00,1184.3,boot
1968,49.374,30.446,32.8,20962,93340,0,20923,16778,0,0,43,30.00,16.50,18.00,1185.0,boot
1969,49.404,31.063,32.2,20950,93292,0,20911,16772,0,0,43,30.00,16.50,18.00,1185.7,boot
1970,49.436,31.351,31.9,20933,93214,0,20894,16759,0,0,43,30.00,16.50,18.00,1186.5,boot
1971,49.467,25.960,38.5,20919,93155,0,20880,16750,0,0,43,30.00,16.50,18.00,1187.2,boot
1972,49.493,24.757,40.4,20919,93170,0,20880,16753,0,0,43,30.00,16.50,18.00,1187.8,boot
1973,49.518,24.906,40.2,20908,93119,0,20869,16749,0,0,43,30.00,16.50,18.00,1188.4,boot
1974,49.543,29.262,34.2,20903,93114,0,20864,16752,0,0,43,30.00,16.50,18.00,1189.0,boot
1975,49.572,24.097,41.5,20882,93014,0,20843,16736,0,0,43,30.00,16.50,18.00,1189.7,boot
1976,49.596,24.929,40.1,20883,93018,0,20844,16739,0,0,43,30.00,16.50,18.00,1190.3,boot
1977,49.621,26.053,38.4,20875,92976,0,20836,16735,0,0,43,30.00,16.50,18.00,1190.9,boot
1978,49.647,29.081,34.4,20860,92908,0,20821,16727,0,0,43,30.00,16.50,18.00,1191.5,boot
1979,49.676,24.521,40.8,20855,92861,0,20816,16718,0,0,43,30.00,16.50,18.00,1192.2,boot
1980,49.701,24.317,41.1,20875,92967,0,20836,16741,0,0,43,30.00,16.50,18.00,1192.8,boot
1981,49.725,25.091,39.9,20819,92694,0,20780,16689,0,0,43,30.00,16.50,18.00,1193.4,boot
1982,49.750,35.037,28.5,20904,93123,0,20865,16778,0,0,43,30.00,16.50,18.00,1194.0,boot
1983,49.785,27.068,36.9,20901,93088,0,20862,16770,0,0,43,30.00,16.50,18.00,1194.8,boot
1984,49.812,26.146,38.2,20906,93103,0,20867,16773,0,0,43,30.00,16.50,18.00,1195.5,boot
1985,49.838,30.847,32.4,20908,93117,0,20869,16779,0,0,43,30.00,16.50,18.00,1196.1,boot
1986,49.869,37.751,26.5,20923,93192,0,20884,16795,0,0,43,30.00,16.50,18.00,1196.9,boot
1987,49.907,26.095,38.3,20921,93179,0,20882,16791,0,0,43,30.00,16.50,18.00,1197.8,boot
1988,49.933,25.625,39.0,20894,93047,0,20855,16768,0,0,43,30.00,16.50,18.00,1198.4,boot
1989,49.959,25.199,39.7,20883,92984,0,20844,16752,0,0,43,30.00,16.50,18.00,1199.0,boot
1990,49.984,38.132,26.2,20890,93013,0,20851,16753,0,0,43,30.00,16.50,18.00,1199.6,boot
1991,50.022,25.164,39.7,20847,92805,0,20808,16717,0,0,43,30.00,16.50,18.00,1200.5,boot
1992,50.047,23.680,42.2,20813,92636,0,20774,16684,0,0,43,30.00,16.50,18.00,1201.1,boot
1993,50.071,44.027,22.7,20765,92397,0,20726,16637,0,0,43,30.00,16.50,18.00,1201.7,boot
1994,50.115,30.343,33.0,20674,91949,0,20635,16553,0,0,43,30.00,16.50,18.00,1202.8,boot
1995,50.145,24.742,40.4,20615,91653,0,20576,16494,0,0,43,30.00,16.50,18.00,1203.5,boot
1996,50.170,24.957,40.1,20576,91459,0,20537,16456,0,0,43,30.00,16.50,18.00,1204.1,boot
1997,50.195,26.118,38.3,20533,91242,0,20494,16413,0,0,43,30.00,16.50,18.00,1204.7,boot
1998,50.221,28.989,34.5,20480,90978,0,20441,16361,0,0,43,30.00,16.50,18.00,1205.3,boot
1999,50.250,30.611,32.7,20418,90651,0,20379,16294,0,0,43,30.00,16.50,18.00,1206.0,boot
2000,50.281,32.291,31.0,20384,90477,0,20345,16261,0,0,43,30.00,16.50,18.00,1206.7,boot
2001,50.313,26.767,37.4,20313,90122,0,20274,16193,0,0,43,30.00,16.50,18.00,1207.5,boot
2002,50.340,45.301,22.1,20263,89862,0,20224,16145,0,0,43,30.00,16.50,18.00,1208.2,boot
2003,50.385,26.062,38.4,20184,89462,0,20145,16067,0,0,43,30.00,16.50,18.00,1209.2,boot
2004,50.411,34.901,28.7,20137,89219,0,20098,16021,0,0,43,30.00,16.50,18.00,1209.9,boot
2005,50.446,46.147,21.7,20060,88835,0,20021,15945,0,0,43,30.00,16.50,18.00,1210.7,boot
2006,50.493,47.659,21.0,19976,88437,0,19937,15868,0,0,43,30.00,16.50,18.00,1211.8,boot
2007,50.540,40.907,24.4,19882,87972,0,19843,15776,0,0,43,30.00,16.50,18.00,1213.0,boot
2008,50.581,24.479,40.9,19819,87659,0,19780,15712,0,0,43,30.00,16.50,18.00,1213.9,boot
2009,50.606,24.021,41.6,19790,87514,0,19751,15683,0,0,43,30.00,16.50,18.00,1214.5,boot
2010,50.630,34.539,29.0,19771,87419,0,19732,15664,0,0,43,30.00,16.50,18.00,1215.1,boot
2011,50.664,28.858,34.7,19762,87371,0,19723,15653,0,0,43,30.00,16.50,18.00,1215.9,boot
2012,50.693,30.762,32.5,19758,87351,0,19719,15649,0,0,43,30.00,16.50,18.00,1216.6,boot
2013,50.724,25.929,38.6,19748,87294,0,19709,15638,0,0,43,30.00,16.50,18.00,1217.4,boot
2014,50.750,30.587,32.7,19731,87206,0,19692,15621,0,0,43,30.00,16.50,18.00,1218.0,boot
2015,50.780,41.984,23.8,19712,87104,0,19673,15601,0,0,43,30.00,16.50,18.00,1218.7,boot
2016,50.822,30.822,32.4,19678,86925,0,19639,15565,0,0,43,30.00,16.50,18.00,1219.7,boot
2017,50.853,27.689,36.1,19653,86794,0,19614,15540,0,0,43,30.00,16.50,18.00,1220.5,boot
2018,50.881,28.994,34.5,19631,86680,0,19592,15517,0,0,43,30.00,16.50,18.00,1221.1,boot
2019,50.910,32.847,30.4,19600,86519,0,19561,15484,0,0,43,30.00,16.50,18.00,1221.8,boot
2020,50.943,27.636,36.2,19579,86407,0,19540,15462,0,0,43,30.00,16.50,18.00,1222.6,boot
2021,50.970,28.502,35.1,19559,86301,0,19520,15442,0,0,43,30.00,16.50,18.00,1223.3,boot
2022,50.999,28.428,35.2,19533,86159,0,19494,15416,0,0,43,30.00,16.50,18.00,1224.0,boot
2023,51.027,28.555,35.0,19511,86045,0,19472,15393,0,0,43,30.00,16.50,18.00,1224.7,boot
2024,51.056,27.647,36.2,19483,85899,0,19444,15365,0,0,43,30.00,16.50,18.00,1225.3,boot
2025,51.084,34.395,29.1,19468,85820,0,19429,15349,0,0,43,30.00,16.50,18.00,1226.0,boot
2026,51.118,38.559,25.9,19433,85663,0,19394,15320,0,0,43,30.00,16.50,18.00,1226.8,boot
2027,51.157,41.273,24.2,19431,85640,0,19392,15317,0,0,43,30.00,16.50,18.00,1227.8,boot
2028,51.198,39.918,25.1,19419,85568,0,19380,15305,0,0,43,30.00,16.50,18.00,1228.8,boot
2029,51.238,30.287,33.0,19424,85581,0,19385,15307,0,0,43,30.00,16.50,18.00,1229.7,boot
2030,51.268,30.033,33.3,19414,85528,0,19375,15297,0,0,43,30.00,16.50,18.00,1230.4,boot
2031,51.298,30.229,33.1,19400,85451,0,19361,15282,0,0,43,30.00,16.50,18.00,1231.2,boot
2032,51.329,50.678,19.7,19410,85499,0,19371,15290,0,0,43,30.00,16.50,18.00,1231.9,boot
2033,51.379,46.308,21.6,19428,85567,0,19389,15300,0,0,43,30.00,16.50,18.00,1233.1,boot
2034,51.426,31.252,32.0,19447,85659,0,19408,15314,0,0,43,30.00,16.50,18.00,1234.2,boot
2035,51.457,39.422,25.4,19469,85771,0,19430,15335,0,0,43,30.00,16.50,18.00,1235.0,boot
2036,51.496,29.854,33.5,19509,85974,0,19470,15372,0,0,43,30.00,16.50,18.00,1235.9,boot
2037,51.526,31.101,32.2,19529,86064,0,19490,15391,0,0,43,30.00,16.50,18.00,1236.6,boot
2038,51.557,38.013,26.3,19533,86073,0,19494,15393,0,0,43,30.00,16.50,18.00,1237.4,boot
2039,51.595,31.611,31.6,19562,86209,0,19523,15417,0,0,43,30.00,16.50,18.00,1238.3,boot
2040,51.627,40.103,24.9,19568,86232,0,19529,15422,0,0,43,30.00,16.50,18.00,1239.0,boot
2041,51.667,32.495,30.8,19563,86208,0,19524,15415,0,0,43,30.00,16.50,18.00,1240.0,boot
2042,51.700,29.453,34.0,19564,86184,0,19525,15408,0,0,43,30.00,16.50,18.00,1240.8,boot
2043,51.729,29.928,33.4,19566,86190,0,19527,15409,0,0,43,30.00,16.50,18.00,1241.5,boot
2044,51.759,40.309,24.8,19559,86154,0,19520,15401,0,0,43,30.00,16.50,18.00,1242.2,boot
2045,51.799,41.789,23.9,19557,86147,0,19518,15400,0,0,43,30.00,16.50,18.00,1243.2,boot
2046,51.841,53.726,18.6,19574,86221,0,19535,15415,0,0,43,30.00,16.50,18.00,1244.2,boot
2047,51.895,50.428,19.8,19582,86243,0,19543,15420,0,0,43,30.00,16.50,18.00,1245.5,boot
2048,51.945,32.297,31.0,19624,86441,0,19585,15462,0,0,43,30.00,16.50,18.00,1246.7,boot
2049,51.978,41.487,24.1,19643,86533,0,19604,15481,0,0,43,30.00,16.50,18.00,1247.5,boot
2050,52.019,33.254,30.1,19674,86679,0,19635,15512,0,0,43,30.00,16.50,18.00,1248.5,boot
2051,52.052,32.146,31.1,19696,86780,0,19657,15534,0,0,43,30.00,16.50,18.00,1249.3,boot
2052,52.085,38.350,26.1,19703,86812,0,19664,15541,0,0,43,30.00,16.50,18.00,1250.0,boot
2053,52.123,40.623,24.6,19709,86842,0,19670,15547,0,0,43,30.00,16.50,18.00,1251.0,boot
2054,52.164,32.389,30.9,19717,86876,0,19678,15555,0,0,43,30.00,16.50,18.00,1251.9,boot
2055,52.196,38.999,25.6,19717,86885,0,19678,15561,0,0,43,30.00,16.50,18.00,1252.7,boot
2056,52.235,44.366,22.5,19700,86791,0,19661,15544,0,0,43,30.00,16.50,18.00,1253.6,boot
2057,52.279,44.536,22.5,19705,86816,0,19666,15549,0,0,43,30.00,16.50,18.00,1254.7,boot
2058,52.324,41.293,24.2,19715,86869,0,19676,15559,0,0,43,30.00,16.50,18.00,1255.8,boot
2059,52.365,51.356,19.5,19728,86892,0,19689,15560,0,0,43,30.00,16.50,18.00,1256.8,boot
2060,52.417,52.362,19.1,19724,86866,0,19685,15556,0,0,43,30.00,16.50,18.00,1258.0,boot
2061,52.469,37.759,26.5,19729,86897,0,19690,15561,0,0,43,30.00,16.50,18.00,1259.3,boot
2062,52.507,36.062,27.7,19724,86899,0,19685,15562,0,0,43,30.00,16.50,18.00,1260.2,boot
2063,52.543,35.707,28.0,19722,86892,0,19683,15560,0,0,43,30.00,16.50,18.00,1261.0,boot
2064,52.579,35.362,28.3,19715,86869,0,19676,15559,0,0,43,30.00,16.50,18.00,1261.9,boot
2065,52.614,39.638,25.2,19711,86840,0,19672,15555,0,0,43,30.00,16.50,18.00,1262.7,boot
2066,52.654,60.201,16.6,19699,86771,0,19660,15543,0,0,43,30.00,16.50,18.00,1263.7,boot
2067,52.714,37.581,26.6,19721,86875,0,19682,15565,0,0,43,30.00,16.50,18.00,1265.1,boot
2068,52.751,41.346,24.2,19745,87001,0,19706,15589,0,0,43,30.00,16.50,18.00,1266.0,boot
2069,52.793,45.702,21.9,19724,86884,0,19685,15568,0,0,43,30.00,16.50,18.00,1267.0,boot
2070,52.839,47.981,20.8,19711,86807,0,19672,15555,0,0,43,30.00,16.50,18.00,1268.1,boot
2071,52.887,50.347,19.9,19701,86754,0,19662,15545,0,0,43,30.00,16.50,18.00,1269.3,boot
2072,52.937,46.755,21.4,19699,86783,0,19660,15555,0,0,43,30.00,16.50,18.00,1270.5,boot
2073,52.984,50.140,19.9,19705,86807,0,19666,15555,0,0,43,30.00,16.50,18.00,1271.6,boot
2074,53.034,47.837,20.9,19707,86803,0,19668,15549,0,0,43,30.00,16.50,18.00,1272.8,boot
2075,53.082,49.218,20.3,19710,86819,0,19671,15550,0,0,43,30.00,16.50,18.00,1274.0,boot
2076,53.131,49.251,20.3,19717,86848,0,19678,15554,0,0,43,30.00,16.50,18.00,1275.1,boot
2077,53.180,50.470,19.8,19725,86881,0,19686,15558,0,0,43,30.00,16.50,18.00,1276.3,boot
2078,53.231,58.565,17.1,19724,86880,0,19685,15555,0,0,43,30.00,16.50,18.00,1277.5,boot
2079,53.289,43.998,22.7,19735,86928,0,19696,15555,0,0,43,30.00,16.50,18.00,1278.9,boot
2080,53.333,51.848,19.3,19750,86996,0,19711,15560,0,0,43,30.00,16.50,18.00,1280.0,boot
2081,53.385,53.483,18.7,19765,87069,0,19726,15567,0,0,43,30.00,16.50,18.00,1281.2,boot
2082,53.439,53.451,18.7,19799,87239,0,19760,15592,0,0,43,30.00,16.50,18.00,1282.5,boot
2083,53.492,53.291,18.8,19849,87467,0,19810,15631,0,0,43,30.00,16.50,18.00,1283.8,boot
2084,53.546,55.160,18.1,19898,87693,0,19859,15665,0,0,43,30.00,16.50,18.00,1285.1,boot
2085,53.601,55.092,18.2,19948,87936,0,19909,15708,0,0,43,30.00,16.50,18.00,1286.4,boot
2086,53.656,55.398,18.1,20019,88288,0,19980,15771,0,0,43,30.00,16.50,18.00,1287.7,boot
2087,53.711,56.255,17.8,20071,88511,0,20032,15810,0,0,43,30.00,16.50,18.00,1289.1,boot
2088,53.768,65.900,15.2,20147,88890,0,20108,15879,0,0,43,30.00,16.50,18.00,1290.4,boot
2089,53.834,49.951,20.0,20230,89287,0,20191,15949,0,0,43,30.00,16.50,18.00,1292.0,boot
2090,53.884,60.398,16.6,20279,89523,0,20240,15983,0,0,43,30.00,16.50,18.00,1293.2,boot
2091,53.944,60.558,16.5,20340,89803,0,20301,16023,0,0,43,30.00,16.50,18.00,1294.7,boot
2092,54.005,60.344,16.6,20408,90120,0,20369,16074,0,0,43,30.00,16.50,18.00,1296.1,boot
2093,54.065,61.319,16.3,20465,90378,0,20426,16108,0,0,43,30.00,16.50,18.00,1297.6,boot
2094,54.126,73.372,13.6,20533,90710,0,20494,16165,0,0,43,30.00,16.50,18.00,1299.0,boot
2095,54.200,116.656,8.6,20607,91032,0,20568,16206,0,0,43,30.00,16.50,18.00,1300.8,boot
2096,54.316,71.653,14.0,20665,91237,0,20626,16194,0,0,43,30.00,16.50,18.00,1303.6,boot
2097,54.388,44.824,22.3,20632,91033,0,20593,16132,0,0,43,30.00,16.50,18.00,1305.3,boot
2098,54.433,49.516,20.2,20581,90767,0,20542,16064,0,0,43,30.00,16.50,18.00,1306.4,boot
2099,54.482,73.000,13.7,20498,90340,0,20459,15967,0,0,43,30.00,16.50,18.00,1307.6,boot
2100,54.555,73.314,13.6,20374,89721,0,20335,15835,0,0,43,30.00,16.50,18.00,1309.3,boot
2101,54.629,73.365,13.6,20437,90043,0,20398,15882,0,0,43,30.00,16.50,18.00,1311.1,boot
2102,54.702,70.775,14.1,20557,90652,0,20518,15984,0,0,43,30.00,16.50,18.00,1312.9,boot
2103,54.773,67.001,14.9,20712,91413,0,20673,16110,0,0,43,30.00,16.50,18.00,1314.6,boot
2104,54.840,69.518,14.4,20814,91959,0,20775,16215,0,0,43,30.00,16.50,18.00,1316.2,boot
2105,54.910,68.804,14.5,20925,92526,0,20886,16326,0,0,43,30.00,16.50,18.00,1317.8,boot
2106,54.978,70.592,14.2,21028,93060,0,20989,16430,0,0,43,30.00,16.50,18.00,1319.5,boot
2107,55.049,68.694,14.6,21145,93664,0,21106,16550,0,0,43,30.00,16.50,18.00,1321.2,boot
2108,55.118,69.382,14.4,21265,94247,0,21226,16659,0,0,43,30.00,16.50,18.00,1322.8,boot
2109,55.187,66.075,15.1,21340,94641,0,21301,16736,0,0,43,30.00,16.50,18.00,1324.5,boot
2110,55.253,67.023,14.9,21387,94879,0,21348,16777,0,0,43,30.00,16.50,18.00,1326.1,boot
2111,55.320,70.385,14.2,21367,94768,0,21328,16754,0,0,43,30.00,16.50,18.00,1327.7,boot
2112,55.391,79.162,12.6,21403,94940,0,21364,16785,0,0,43,30.00,16.50,18.00,1329.4,boot
2113,55.470,59.663,16.8,21439,95127,0,21400,16823,0,0,43,30.00,16.50,18.00,1331.3,boot
2114,55.530,68.538,14.6,21478,95338,0,21439,16863,0,0,43,30.00,16.50,18.00,1332.7,boot
2115,55.598,72.470,13.8,21514,95528,0,21475,16900,0,0,43,30.00,16.50,18.00,1334.4,boot
2116,55.671,63.241,15.8,21530,95615,0,21491,16919,0,0,43,30.00,16.50,18.00,1336.1,boot
2117,55.734,67.387,14.8,21533,95643,0,21494,16925,0,0,43,30.00,16.50,18.00,1337.6,boot
2118,55.801,67.156,14.9,21520,95611,0,21481,16918,0,0,43,30.00,16.50,18.00,1339.2,boot
2119,55.869,66.701,15.0,21517,95631,0,21478,16923,0,0,43,30.00,16.50,18.00,1340.8,boot
2120,55.935,67.235,14.9,21493,95522,0,21454,16901,0,0,43,30.00,16.50,18.00,1342.5,boot
2121,56.003,66.047,15.1,21490,95508,0,21451,16899,0,0,43,30.00,16.50,18.00,1344.1,boot
2122,56.069,68.435,14.6,21439,95258,0,21400,16852,0,0,43,30.00,16.50,18.00,1345.7,boot
2123,56.137,66.191,15.1,21406,95064,0,21367,16814,0,0,43,30.00,16.50,18.00,1347.3,boot
2124,56.203,63.508,15.7,21356,94811,0,21317,16765,0,0,43,30.00,16.50,18.00,1348.9,boot
2125,56.267,62.607,16.0,21317,94633,0,21278,16731,0,0,43,30.00,16.50,18.00,1350.4,boot
2126,56.330,63.956,15.6,21330,94714,0,21291,16744,0,0,43,30.00,16.50,18.00,1351.9,boot
2127,56.394,70.585,14.2,21340,94749,0,21301,16751,0,0,43,30.00,16.50,18.00,1353.4,boot
2128,56.464,69.766,14.3,21303,94568,0,21264,16715,0,0,43,30.00,16.50,18.00,1355.1,boot
2129,56.534,69.032,14.5,21231,94200,0,21192,16641,0,0,43,30.00,16.50,18.00,1356.8,boot
2130,56.603,67.715,14.8,21180,93943,0,21141,16587,0,0,43,30.00,16.50,18.00,1358.5,boot
2131,56.671,67.394,14.8,21137,93725,0,21098,16541,0,0,43,30.00,16.50,18.00,1360.1,boot
2132,56.738,66.356,15.1,21101,93552,0,21062,16500,0,0,43,30.00,16.50,18.00,1361.7,boot
2133,56.805,67.307,14.9,21067,93403,0,21028,16463,0,0,43,30.00,16.50,18.00,1363.3,boot
2134,56.872,63.079,15.9,21020,93178,0,20981,16411,0,0,43,30.00,16.50,18.00,1364.9,boot
2135,56.935,59.879,16.7,20972,92959,0,20933,16360,0,0,43,30.00,16.50,18.00,1366.4,boot
2136,56.995,58.365,17.1,20925,92740,0,20886,16314,0,0,43,30.00,16.50,18.00,1367.9,boot
2137,57.053,57.189,17.5,20897,92570,0,20858,16274,0,0,43,30.00,16.50,18.00,1369.3,boot
2138,57.111,57.065,17.5,20853,92377,0,20814,16236,0,0,43,30.00,16.50,18.00,1370.7,boot
2139,57.168,55.802,17.9,20809,92153,0,20770,16188,0,0,43,30.00,16.50,18.00,1372.0,boot
2140,57.224,55.622,18.0,20789,92038,0,20750,16165,0,0,43,30.00,16.50,18.00,1373.4,boot
2141,57.279,54.878,18.2,20753,91818,0,20714,16119,0,0,43,30.00,16.50,18.00,1374.7,boot
2142,57.334,55.925,17.9,20707,91579,0,20668,16070,0,0,43,30.00,16.50,18.00,1376.0,boot
2143,57.390,54.779,18.3,20665,91367,0,20626,16026,0,0,43,30.00,16.50,18.00,1377.4,boot
2144,57.445,55.478,18.0,20624,91153,0,20585,15982,0,0,43,30.00,16.50,18.00,1378.7,boot
2145,57.500,53.609,18.7,20621,91135,0,20582,15976,0,0,43,30.00,16.50,18.00,1380.0,boot
2146,57.554,53.813,18.6,20552,90800,0,20513,15905,0,0,43,30.00,16.50,18.00,1381.3,boot
2147,57.608,58.790,17.0,20501,90560,0,20462,15854,0,0,43,30.00,16.50,18.00,1382.6,boot
2148,57.667,45.784,21.8,20450,90310,0,20411,15805,0,0,43,30.00,16.50,18.00,1384.0,boot
2149,57.712,51.162,19.5,20396,90040,0,20357,15751,0,0,43,30.00,16.50,18.00,1385.1,boot
2150,57.764,51.216,19.5,20351,89796,0,20312,15702,0,0,43,30.00,16.50,18.00,1386.3,boot
2151,57.815,50.967,19.6,20316,89631,0,20277,15674,0,0,43,30.00,16.50,18.00,1387.6,boot
2152,57.866,50.047,20.0,20265,89401,0,20226,15636,0,0,43,30.00,16.50,18.00,1388.8,boot
2153,57.916,50.525,19.8,20217,89171,0,20178,15595,0,0,43,30.00,16.50,18.00,1390.0,boot
2154,57.967,48.579,20.6,20164,88936,0,20125,15557,0,0,43,30.00,16.50,18.00,1391.2,boot
2155,58.015,48.570,20.6,20133,88778,0,20094,15532,0,0,43,30.00,16.50,18.00,1392.4,boot
2156,58.064,47.594,21.0,20112,88624,0,20073,15501,0,0,43,30.00,16.50,18.00,1393.5,boot
2157,58.111,46.716,21.4,20072,88424,0,20033,15471,0,0,43,30.00,16.50,18.00,1394.7,boot
2158,58.158,58.140,17.2,20031,88216,0,19992,15439,0,0,43,30.00,16.50,18.00,1395.8,boot
2159,58.216,50.807,19.7,19995,88062,0,19956,15415,0,0,43,30.00,16.50,18.00,1397.2,boot
2160,58.267,62.578,16.0,19973,87964,0,19934,15399,0,0,43,30.00,16.50,18.00,1398.4,boot
2161,58.330,43.084,23.2,19934,87777,0,19895,15370,0,0,43,30.00,16.50,18.00,1399.9,boot
2162,58.373,36.969,27.0,19904,87637,0,19865,15347,0,0,43,30.00,16.50,18.00,1400.9,boot
2163,58.410,41.220,24.3,19861,87446,0,19822,15314,0,0,43,30.00,16.50,18.00,1401.8,boot
2164,58.451,48.287,20.7,19820,87237,0,19781,15275,0,0,43,30.00,16.50,18.00,1402.8,boot
2165,58.499,45.854,21.8,19758,86934,0,19719,15226,0,0,43,30.00,16.50,18.00,1404.0,boot
2166,58.545,39.949,25.0,19721,86763,0,19682,15209,0,0,43,30.00,16.50,18.00,1405.1,boot
2167,58.585,39.869,25.1,19700,86661,0,19661,15197,0,0,43,30.00,16.50,18.00,1406.0,boot
2168,58.625,44.047,22.7,19653,86457,0,19614,15172,0,0,43,30.00,16.50,18.00,1407.0,boot
2169,58.669,47.011,21.3,19628,86342,0,19589,15157,0,0,43,30.00,16.50,18.00,1408.1,boot
2170,58.716,45.793,21.8,19577,86099,0,19538,15121,0,0,43,30.00,16.50,18.00,1409.2,boot
2171,58.762,45.565,21.9,19557,86021,0,19518,15116,0,0,43,30.00,16.50,18.00,1410.3,boot
2172,58.808,53.638,18.6,19505,85772,0,19466,15075,0,0,43,30.00,16.50,18.00,1411.4,boot
2173,58.861,53.964,18.5,19464,85582,0,19425,15046,0,0,43,30.00,16.50,18.00,1412.7,boot
2174,58.915,41.216,24.3,19430,85419,0,19391,15016,0,0,43,30.00,16.50,18.00,1414.0,boot
2175,58.957,40.513,24.7,19393,85253,0,19354,14992,0,0,43,30.00,16.50,18.00,1415.0,boot
2176,58.997,43.943,22.8,19359,85112,0,19320,14987,0,0,43,30.00,16.50,18.00,1415.9,boot
2177,59.041,55.478,18.0,19327,84996,0,19288,14989,0,0,43,30.00,16.50,18.00,1417.0,boot
2178,59.097,50.591,19.8,19304,84913,0,19265,14992,0,0,43,30.00,16.50,18.00,1418.3,boot
2179,59.147,45.617,21.9,19306,84944,0,19267,15017,0,0,43,30.00,16.50,18.00,1419.5,boot
2180,59.193,40.483,24.7,19297,84930,0,19258,15024,0,0,43,30.00,16.50,18.00,1420.6,boot
2181,59.233,36.012,27.8,19294,84923,0,19255,15038,0,0,43,30.00,16.50,18.00,1421.6,boot
2182,59.269,42.131,23.7,19294,84940,0,19255,15055,0,0,43,30.00,16.50,18.00,1422.5,boot
2183,59.312,38.952,25.7,19301,84968,0,19262,15073,0,0,43,30.00,16.50,18.00,1423.5,boot
2184,59.351,68.463,14.6,19301,84981,0,19262,15089,0,0,43,30.00,16.50,18.00,1424.4,boot
2185,59.419,33.486,29.9,19303,85022,0,19264,15126,0,0,43,30.00,16.50,18.00,1426.1,boot
2186,59.453,32.344,30.9,19304,85040,0,19265,15143,0,0,43,30.00,16.50,18.00,1426.9,boot
2187,59.485,35.564,28.1,19301,85038,0,19262,15156,0,0,43,30.00,16.50,18.00,1427.6,boot
2188,59.520,35.135,28.5,19301,85049,0,19262,15173,0,0,43,30.00,16.50,18.00,1428.5,boot
2189,59.556,37.932,26.4,19297,85043,0,19258,15183,0,0,43,30.00,16.50,18.00,1429.3,boot
2190,59.594,34.008,29.4,19307,85095,0,19268,15198,0,0,43,30.00,16.50,18.00,1430.2,boot
2191,59.628,31.939,31.3,19307,85092,0,19268,15204,0,0,43,30.00,16.50,18.00,1431.1,boot
2192,59.660,32.021,31.2,19314,85121,0,19275,15211,0,0,43,30.00,16.50,18.00,1431.8,boot
2193,59.692,32.201,31.1,19326,85172,0,19287,15226,0,0,43,30.00,16.50,18.00,1432.6,boot
2194,59.724,43.460,23.0,19332,85190,0,19293,15229,0,0,43,30.00,16.50,18.00,1433.4,boot
2195,59.767,41.177,24.3,19335,85199,0,19296,15232,0,0,43,30.00,16.50,18.00,1434.4,boot
2196,59.809,31.835,31.4,19345,85250,0,19306,15240,0,0,43,30.00,16.50,18.00,1435.4,boot
2197,59.840,31.347,31.9,19356,85314,0,19317,15251,0,0,43,30.00,16.50,18.00,1436.2,boot
2198,59.872,32.611,30.7,19363,85349,0,19324,15252,0,0,43,30.00,16.50,18.00,1436.9,boot
2199,59.904,31.778,31.5,19372,85393,0,19333,15263,0,0,43,30.00,16.50,18.00,1437.7,boot
2200,59.936,33.036,30.3,19376,85400,0,19337,15263,0,0,43,30.00,16.50,18.00,1438.5,boot
2201,59.969,34.777,28.8,19390,85458,0,19351,15274,0,0,43,30.00,16.50,18.00,1439.3,boot
2202,60.004,29.071,34.4,19398,85483,0,19359,15282,0,0,43,30.00,16.50,18.00,1440.1,boot
2203,60.033,29.061,34.4,19419,85573,0,19380,15294,0,0,43,30.00,16.50,18.00,1440.8,boot
2204,60.062,45.856,21.8,19422,85592,0,19383,15298,0,0,43,30.00,16.50,18.00,1441.5,boot
2205,60.108,31.606,31.6,19442,85697,0,19403,15317,0,0,43,30.00,16.50,18.00,1442.6,boot
2206,60.140,29.816,33.5,19448,85725,0,19409,15321,0,0,43,30.00,16.50,18.00,1443.4,boot
2207,60.170,35.550,28.1,19454,85751,0,19415,15323,0,0,43,30.00,16.50,18.00,1444.1,boot
2208,60.205,29.763,33.6,19465,85796,0,19426,15330,0,0,43,30.00,16.50,18.00,1444.9,boot
2209,60.235,29.610,33.8,19468,85812,0,19429,15331,0,0,43,30.00,16.50,18.00,1445.6,boot
2210,60.264,39.253,25.5,19521,86085,0,19482,15389,0,0,43,30.00,16.50,18.00,1446.3,boot
2211,60.304,120.388,8.3,19505,86000,0,19466,15368,0,0,43,30.00,16.50,18.00,1447.3,boot
2212,60.424,68.333,14.6,19529,86138,0,19490,15392,0,0,43,30.00,16.50,18.00,1450.2,boot
2213,60.493,33.808,29.6,19547,86212,0,19508,15406,0,0,43,30.00,16.50,18.00,1451.8,boot
2214,60.526,28.729,34.8,19564,86285,0,19525,15420,0,0,43,30.00,16.50,18.00,1452.6,boot
2215,60.555,28.245,35.4,19575,86313,0,19536,15422,0,0,43,30.00,16.50,18.00,1453.3,boot
2216,60.583,27.972,35.8,19583,86350,0,19544,15427,0,0,43,30.00,16.50,18.00,1454.0,boot
2217,60.611,38.312,26.1,19591,86384,0,19552,15432,0,0,43,30.00,16.50,18.00,1454.7,boot
2218,60.650,32.284,31.0,19611,86478,0,19572,15443,0,0,43,30.00,16.50,18.00,1455.6,boot
2219,60.682,28.717,34.8,19624,86548,0,19585,15452,0,0,43,30.00,16.50,18.00,1456.4,boot
2220,60.711,28.155,35.5,19637,86614,0,19598,15460,0,0,43,30.00,16.50,18.00,1457.1,boot
2221,60.739,29.899,33.4,19648,86666,0,19609,15468,0,0,43,30.00,16.50,18.00,1457.7,boot
2222,60.769,34.610,28.9,19661,86727,0,19622,15477,0,0,43,30.00,16.50,18.00,1458.5,boot
2223,60.804,32.967,30.3,19677,86804,0,19638,15490,0,0,43,30.00,16.50,18.00,1459.3,boot
2224,60.837,29.372,34.0,19694,86884,0,19655,15502,0,0,43,30.00,16.50,18.00,1460.1,boot
2225,60.866,34.796,28.7,19717,86982,0,19678,15517,0,0,43,30.00,16.50,18.00,1460.8,boot
2226,60.901,27.708,36.1,19723,87008,0,19684,15519,0,0,43,30.00,16.50,18.00,1461.6,boot
2227,60.928,29.573,33.8,19738,87080,0,19699,15531,0,0,43,30.00,16.50,18.00,1462.3,boot
2228,60.958,30.055,33.3,19754,87155,0,19715,15542,0,0,43,30.00,16.50,18.00,1463.0,boot
2229,60.988,28.564,35.0,19764,87203,0,19725,15550,0,0,43,30.00,16.50,18.00,1463.7,boot
2230,61.017,27.721,36.1,19779,87281,0,19740,15562,0,0,43,30.00,16.50,18.00,1464.4,boot
2231,61.044,34.831,28.7,19783,87319,0,19744,15569,0,0,43,30.00,16.50,18.00,1465.1,boot
2232,61.079,33.240,30.1,19791,87376,0,19752,15579,0,0,43,30.00,16.50,18.00,1465.9,boot
2233,61.113,26.391,37.9,19805,87452,0,19766,15590,0,0,43,30.00,16.50,18.00,1466.7,boot
2234,61.139,27.952,35.8,19814,87500,0,19775,15596,0,0,43,30.00,16.50,18.00,1467.3,boot
2235,61.167,40.534,24.7,19839,87634,0,19800,15618,0,0,43,30.00,16.50,18.00,1468.0,boot
2236,61.207,29.079,34.4,19857,87729,0,19818,15632,0,0,43,30.00,16.50,18.00,1469.0,boot
2237,61.237,26.159,38.2,19874,87815,0,19835,15647,0,0,43,30.00,16.50,18.00,1469.7,boot
2238,61.263,26.412,37.9,19884,87871,0,19845,15657,0,0,43,30.00,16.50,18.00,1470.3,boot
2239,61.289,46.134,21.7,19889,87899,0,19850,15662,0,0,43,30.00,16.50,18.00,1470.9,boot
2240,61.335,26.520,37.7,19920,88056,0,19881,15683,0,0,43,30.00,16.50,18.00,1472.0,boot
2241,61.362,29.564,33.8,19935,88129,0,19896,15696,0,0,43,30.00,16.50,18.00,1472.7,boot
2242,61.391,32.335,30.9,19956,88238,0,19917,15715,0,0,43,30.00,16.50,18.00,1473.4,boot
2243,61.424,27.607,36.2,19968,88294,0,19929,15726,0,0,43,30.00,16.50,18.00,1474.2,boot
2244,61.451,25.772,38.8,19992,88409,0,19953,15748,0,0,43,30.00,16.50,18.00,1474.8,boot
2245,61.477,25.357,39.4,20012,88507,0,19973,15766,0,0,43,30.00,16.50,18.00,1475.5,boot
2246,61.503,43.541,23.0,20024,88560,0,19985,15777,0,0,43,30.00,16.50,18.00,1476.1,boot
2247,61.546,26.412,37.9,20052,88696,0,20013,15801,0,0,43,30.00,16.50,18.00,1477.1,boot
2248,61.573,25.563,39.1,20079,88822,0,20040,15828,0,0,43,30.00,16.50,18.00,1477.7,boot
2249,61.598,25.838,38.7,20096,88895,0,20057,15842,0,0,43,30.00,16.50,18.00,1478.4,boot
2250,61.624,28.133,35.5,20124,89010,0,20085,15863,0,0,43,30.00,16.50,18.00,1479.0,boot
2251,61.652,27.787,36.0,20139,89080,0,20100,15876,0,0,43,30.00,16.50,18.00,1479.7,boot
2252,61.680,25.970,38.5,20159,89167,0,20120,15895,0,0,43,30.00,16.50,18.00,1480.3,boot
2253,61.706,30.928,32.3,20173,89237,0,20134,15909,0,0,43,30.00,16.50,18.00,1480.9,boot
2254,61.737,27.492,36.4,20212,89403,0,20173,15940,0,0,43,30.00,16.50,18.00,1481.7,boot
2255,61.764,30.829,32.4,20234,89498,0,20195,15956,0,0,43,30.00,16.50,18.00,1482.3,boot
2256,61.795,36.348,27.5,20245,89552,0,20206,15966,0,0,43,30.00,16.50,18.00,1483.1,boot
2257,61.832,25.810,38.7,20285,89757,0,20246,16005,0,0,43,30.00,16.50,18.00,1484.0,boot
2258,61.857,34.475,29.0,20294,89807,0,20255,16013,0,0,43,30.00,16.50,18.00,1484.6,boot
2259,61.892,25.493,39.2,20319,89940,0,20280,16037,0,0,43,30.00,16.50,18.00,1485.4,boot
2260,61.917,28.517,35.1,20345,90072,0,20306,16062,0,0,43,30.00,16.50,18.00,1486.0,boot
2261,61.946,25.158,39.7,20361,90158,0,20322,16078,0,0,43,30.00,16.50,18.00,1486.7,boot
2262,61.971,28.264,35.4,20381,90261,0,20342,16098,0,0,43,30.00,16.50,18.00,1487.3,boot
2263,61.999,27.295,36.6,20410,90410,0,20371,16125,0,0,43,30.00,16.50,18.00,1488.0,boot
2264,62.027,26.163,38.2,20415,90440,0,20376,16129,0,0,43,30.00,16.50,18.00,1488.6,boot
2265,62.053,28.290,35.3,20449,90610,0,20410,16163,0,0,43,30.00,16.50,18.00,1489.3,boot
2266,62.081,27.482,36.4,20456,90666,0,20417,16176,0,0,43,30.00,16.50,18.00,1490.0,boot
2267,62.109,27.080,36.9,20482,90802,0,20443,16202,0,0,43,30.00,16.50,18.00,1490.6,boot
2268,62.136,28.729,34.8,20499,90896,0,20460,16219,0,0,43,30.00,16.50,18.00,1491.3,boot
2269,62.165,24.734,40.4,20514,90973,0,20475,16233,0,0,43,30.00,16.50,18.00,1492.0,boot
2270,62.189,26.832,37.3,20524,91043,0,20485,16248,0,0,43,30.00,16.50,18.00,1492.5,boot
2271,62.216,29.415,34.0,20577,91308,0,20538,16301,0,0,43,30.00,16.50,18.00,1493.2,boot
2272,62.246,26.633,37.5,20545,91145,0,20506,16269,0,0,43,30.00,16.50,18.00,1493.9,boot
2273,62.272,29.052,34.4,20600,91420,0,20561,16324,0,0,43,30.00,16.50,18.00,1494.5,boot
2274,62.301,32.422,30.8,20615,91492,0,20576,16339,0,0,43,30.00,16.50,18.00,1495.2,boot
2275,62.334,35.750,28.0,20655,91668,0,20616,16373,0,0,43,30.00,16.50,18.00,1496.0,boot
2276,62.370,32.687,30.6,20676,91770,0,20637,16394,0,0,43,30.00,16.50,18.00,1496.9,boot
2277,62.402,42.551,23.5,20701,91891,0,20662,16418,0,0,43,30.00,16.50,18.00,1497.7,boot
2278,62.445,26.840,37.3,20748,92120,0,20709,16465,0,0,43,30.00,16.50,18.00,1498.7,boot
2279,62.472,26.551,37.7,20772,92231,0,20733,16483,0,0,43,30.00,16.50,18.00,1499.3,boot
2280,62.498,26.903,37.2,20823,92490,0,20784,16532,0,0,43,30.00,16.50,18.00,1500.0,boot
2281,62.525,26.989,37.1,20810,92443,0,20771,16525,0,0,43,30.00,16.50,18.00,1500.6,boot
2282,62.552,27.380,36.5,20827,92532,0,20788,16543,0,0,43,30.00,16.50,18.00,1501.3,boot
2283,62.580,31.640,31.6,20853,92662,0,20814,16569,0,0,43,30.00,16.50,18.00,1501.9,boot
2284,62.611,27.320,36.6,20879,92789,0,20840,16595,0,0,43,30.00,16.50,18.00,1502.7,boot
2285,62.639,34.783,28.7,20901,92899,0,20862,16617,0,0,43,30.00,16.50,18.00,1503.3,boot
2286,62.673,27.214,36.7,20924,93023,0,20885,16640,0,0,43,30.00,16.50,18.00,1504.2,boot
2287,62.701,26.128,38.3,20934,93085,0,20895,16650,0,0,43,30.00,16.50,18.00,1504.8,boot
2288,62.727,25.561,39.1,20949,93160,0,20910,16665,0,0,43,30.00,16.50,18.00,1505.4,boot
2289,62.752,27.475,36.4,20971,93279,0,20932,16687,0,0,43,30.00,16.50,18.00,1506.1,boot
2290,62.780,61.131,16.4,20968,93263,0,20929,16683,0,0,43,30.00,16.50,18.00,1506.7,boot
2291,62.841,29.635,33.7,20999,93424,0,20960,16714,0,0,43,30.00,16.50,18.00,1508.2,boot
2292,62.871,29.678,33.7,21002,93451,0,20963,16717,0,0,43,30.00,16.50,18.00,1508.9,boot
2293,62.900,33.696,29.7,21003,93468,0,20964,16724,0,0,43,30.00,16.50,18.00,1509.6,boot
2294,62.934,29.588,33.8,21026,93554,0,20987,16742,0,0,43,30.00,16.50,18.00,1510.4,boot
2295,62.964,39.778,25.1,21033,93590,0,20994,16750,0,0,43,30.00,16.50,18.00,1511.1,boot
2296,63.003,33.444,29.9,21046,93662,0,21007,16764,0,0,43,30.00,16.50,18.00,1512.1,boot
2297,63.037,39.379,25.4,21056,93712,0,21017,16774,0,0,43,30.00,16.50,18.00,1512.9,boot
2298,63.076,26.977,37.1,21076,93815,0,21037,16794,0,0,43,30.00,16.50,18.00,1513.8,boot
2299,63.103,26.917,37.2,21087,93874,0,21048,16806,0,0,43,30.00,16.50,18.00,1514.5,boot
2300,63.130,26.056,38.4,21101,93935,0,21062,16820,0,0,43,30.00,16.50,18.00,1515.1,boot
2301,63.156,25.882,38.6,21111,93979,0,21072,16830,0,0,43,30.00,16.50,18.00,1515.8,boot
2302,63.182,32.099,31.2,21120,94017,0,21081,16841,0,0,43,30.00,16.50,18.00,1516.4,boot
2303,63.214,32.331,30.9,21139,94127,0,21100,16860,0,0,43,30.00,16.50,18.00,1517.1,boot
2304,63.247,29.872,33.5,21151,94191,0,21112,16873,0,0,43,30.00,16.50,18.00,1517.9,boot
2305,63.276,47.383,21.1,21170,94290,0,21131,16893,0,0,43,30.00,16.50,18.00,1518.6,boot
2306,63.324,38.647,25.9,21192,94411,0,21153,16917,0,0,43,30.00,16.50,18.00,1519.8,boot
2307,63.363,32.799,30.5,21214,94528,0,21175,16940,0,0,43,30.00,16.50,18.00,1520.7,boot
2308,63.395,28.580,35.0,21236,94649,0,21197,16964,0,0,43,30.00,16.50,18.00,1521.5,boot
2309,63.424,29.416,34.0,21248,94712,0,21209,16976,0,0,43,30.00,16.50,18.00,1522.2,boot
2310,63.453,23.943,41.8,21257,94763,0,21218,16988,0,0,43,30.00,16.50,18.00,1522.9,boot
2311,63.477,23.682,42.2,21257,94768,0,21218,16990,0,0,43,30.00,16.50,18.00,1523.5,boot
2312,63.501,24.263,41.2,21276,94865,0,21237,17011,0,0,43,30.00,16.50,18.00,1524.0,boot
2313,63.525,24.042,41.6,21292,94949,0,21253,17028,0,0,43,30.00,16.50,18.00,1524.6,boot
2314,63.549,26.879,37.2,21305,95012,0,21266,17042,0,0,43,30.00,16.50,18.00,1525.2,boot
2315,63.576,26.014,38.4,21304,95007,0,21265,17044,0,0,43,30.00,16.50,18.00,1525.8,boot
2316,63.602,28.679,34.9,21319,95068,0,21280,17054,0,0,43,30.00,16.50,18.00,1526.5,boot
2317,63.631,30.185,33.1,21327,95107,0,21288,17064,0,0,43,30.00,16.50,18.00,1527.1,boot
2318,63.661,27.595,36.2,21328,95099,0,21289,17067,0,0,43,30.00,16.50,18.00,1527.9,boot
2319,63.689,26.510,37.7,21334,95132,0,21295,17073,0,0,43,30.00,16.50,18.00,1528.5,boot
2320,63.715,28.322,35.3,21342,95173,0,21303,17082,0,0,43,30.00,16.50,18.00,1529.2,boot
2321,63.744,40.790,24.5,21322,95074,0,21283,17063,0,0,43,30.00,16.50,18.00,1529.8,boot
2322,63.784,27.623,36.2,21333,95135,0,21294,17074,0,0,43,30.00,16.50,18.00,1530.8,boot
2323,63.812,26.509,37.7,21317,95063,0,21278,17063,0,0,43,30.00,16.50,18.00,1531.5,boot
2324,63.839,29.709,33.7,21302,94995,0,21263,17055,0,0,43,30.00,16.50,18.00,1532.1,boot
2325,63.868,26.954,37.1,21299,94984,0,21260,17056,0,0,43,30.00,16.50,18.00,1532.8,boot
2326,63.895,26.366,37.9,21281,94891,0,21242,17041,0,0,43,30.00,16.50,18.00,1533.5,boot
2327,63.922,25.806,38.8,21277,94865,0,21238,17037,0,0,43,30.00,16.50,18.00,1534.1,boot
2328,63.948,29.111,34.4,21273,94843,0,21234,17034,0,0,43,30.00,16.50,18.00,1534.7,boot
2329,63.977,31.274,32.0,21248,94733,0,21209,17018,0,0,43,30.00,16.50,18.00,1535.4,boot
2330,64.008,29.565,33.8,21230,94647,0,21191,17001,0,0,43,30.00,16.50,18.00,1536.2,boot
2331,64.038,25.667,39.0,21213,94565,0,21174,16987,0,0,43,30.00,16.50,18.00,1536.9,boot
2332,64.063,30.362,32.9,21186,94432,0,21147,16962,0,0,43,30.00,16.50,18.00,1537.5,boot
2333,64.094,36.597,27.3,21165,94329,0,21126,16946,0,0,43,30.00,16.50,18.00,1538.2,boot
2334,64.130,25.962,38.5,21145,94232,0,21106,16929,0,0,43,30.00,16.50,18.00,1539.1,boot
2335,64.156,25.756,38.8,21116,94113,0,21077,16911,0,0,43,30.00,16.50,18.00,1539.7,boot
2336,64.182,27.606,36.2,21094,94009,0,21055,16892,0,0,43,30.00,16.50,18.00,1540.4,boot
2337,64.210,28.739,34.8,21078,93935,0,21039,16879,0,0,43,30.00,16.50,18.00,1541.0,boot
2338,64.238,27.380,36.5,21055,93805,0,21016,16853,0,0,43,30.00,16.50,18.00,1541.7,boot
2339,64.266,30.596,32.7,21042,93741,0,21003,16844,0,0,43,30.00,16.50,18.00,1542.4,boot
2340,64.296,33.165,30.2,21013,93591,0,20974,16819,0,0,43,30.00,16.50,18.00,1543.1,boot
2341,64.330,34.228,29.2,20993,93495,0,20954,16803,0,0,43,30.00,16.50,18.00,1543.9,boot
2342,64.364,27.389,36.5,20971,93388,0,20932,16787,0,0,43,30.00,16.50,18.00,1544.7,boot
2343,64.391,40.760,24.5,20951,93290,0,20912,16772,0,0,43,30.00,16.50,18.00,1545.4,boot
2344,64.432,30.519,32.8,20934,93215,0,20895,16759,0,0,43,30.00,16.50,18.00,1546.4,boot
2345,64.463,26.609,37.6,20927,93194,0,20888,16757,0,0,43,30.00,16.50,18.00,1547.1,boot
2346,64.489,29.090,34.4,20915,93153,0,20876,16749,0,0,43,30.00,16.50,18.00,1547.7,boot
2347,64.518,24.790,40.3,20901,93102,0,20862,16748,0,0,43,30.00,16.50,18.00,1548.4,boot
2348,64.543,35.987,27.8,20904,93119,0,20865,16753,0,0,43,30.00,16.50,18.00,1549.0,boot
2349,64.579,24.041,41.6,20880,93011,0,20841,16735,0,0,43,30.00,16.50,18.00,1549.9,boot
2350,64.603,23.870,41.9,20876,92978,0,20837,16733,0,0,43,30.00,16.50,18.00,1550.5,boot
2351,64.627,40.750,24.5,20874,92972,0,20835,16735,0,0,43,30.00,16.50,18.00,1551.0,boot
2352,64.668,38.214,26.2,20871,92941,0,20832,16734,0,0,43,30.00,16.50,18.00,1552.0,boot
2353,64.706,27.902,35.8,20882,93001,0,20843,16747,0,0,43,30.00,16.50,18.00,1552.9,boot
2354,64.734,38.243,26.1,20858,92888,0,20819,16727,0,0,43,30.00,16.50,18.00,1553.6,boot
2355,64.772,31.342,31.9,20876,92977,0,20837,16750,0,0,43,30.00,16.50,18.00,1554.5,boot
2356,64.804,27.282,36.7,20899,93090,0,20860,16773,0,0,43,30.00,16.50,18.00,1555.3,boot
2357,64.831,24.408,41.0,20897,93080,0,20858,16774,0,0,43,30.00,16.50,18.00,1555.9,boot
2358,64.855,25.133,39.8,20919,93184,0,20880,16794,0,0,43,30.00,16.50,18.00,1556.5,boot
2359,64.880,28.269,35.4,20920,93192,0,20881,16796,0,0,43,30.00,16.50,18.00,1557.1,boot
2360,64.909,28.736,34.8,20913,93157,0,20874,16789,0,0,43,30.00,16.50,18.00,1557.8,boot
2361,64.937,24.687,40.5,20883,93010,0,20844,16763,0,0,43,30.00,16.50,18.00,1558.5,boot
2362,64.962,24.506,40.8,20877,92971,0,20838,16751,0,0,43,30.00,16.50,18.00,1559.1,boot
2363,64.987,26.887,37.2,20884,93001,0,20845,16753,0,0,43,30.00,16.50,18.00,1559.7,boot
2364,65.014,30.019,33.3,20868,92927,0,20829,16743,0,0,43,30.00,16.50,18.00,1560.3,boot
2365,65.044,23.966,41.7,20806,92619,0,20767,16683,0,0,43,30.00,16.50,18.00,1561.0,boot
2366,65.068,23.438,42.7,20764,92410,0,20725,16642,0,0,43,30.00,16.50,18.00,1561.6,boot
2367,65.091,25.083,39.9,20719,92188,0,20680,16600,0,0,43,30.00,16.50,18.00,1562.2,boot
2368,65.116,28.846,34.7,20666,91927,0,20627,16551,0,0,43,30.00,16.50,18.00,1562.8,boot
2369,65.145,24.397,41.0,20611,91651,0,20572,16496,0,0,43,30.00,16.50,18.00,1563.5,boot
2370,65.169,23.902,41.8,20570,91447,0,20531,16456,0,0,43,30.00,16.50,18.00,1564.1,boot
2371,65.193,24.170,41.4,20533,91260,0,20494,16419,0,0,43,30.00,16.50,18.00,1564.6,boot
2372,65.218,24.359,41.1,20477,90983,0,20438,16366,0,0,43,30.00,16.50,18.00,1565.2,boot
2373,65.242,24.864,40.2,20427,90732,0,20388,16315,0,0,43,30.00,16.50,18.00,1565.8,boot
2374,65.267,27.493,36.4,20410,90645,0,20371,16298,0,0,43,30.00,16.50,18.00,1566.4,boot
2375,65.294,26.805,37.3,20337,90281,0,20298,16229,0,0,43,30.00,16.50,18.00,1567.1,boot
2376,65.321,46.813,21.4,20290,90042,0,20251,16184,0,0,43,30.00,16.50,18.00,1567.7,boot
2377,65.368,34.724,28.8,20197,89581,0,20158,16098,0,0,43,30.00,16.50,18.00,1568.8,boot
2378,65.403,30.901,32.4,20134,89258,0,20095,16036,0,0,43,30.00,16.50,18.00,1569.7,boot
2379,65.434,34.540,29.0,20078,88979,0,20039,15981,0,0,43,30.00,16.50,18.00,1570.4,boot
2380,65.468,24.105,41.5,20000,88605,0,19961,15910,0,0,43,30.00,16.50,18.00,1571.2,boot
2381,65.492,23.777,42.1,19960,88411,0,19921,15870,0,0,43,30.00,16.50,18.00,1571.8,boot
2382,65.516,24.019,41.6,19918,88185,0,19879,15824,0,0,43,30.00,16.50,18.00,1572.4,boot
2383,65.540,27.982,35.7,19871,87953,0,19832,15777,0,0,43,30.00,16.50,18.00,1573.0,boot
2384,65.568,23.985,41.7,19831,87752,0,19792,15736,0,0,43,30.00,16.50,18.00,1573.6,boot
2385,65.592,23.674,42.2,19794,87570,0,19755,15699,0,0,43,30.00,16.50,18.00,1574.2,boot
2386,65.616,23.537,42.5,19763,87416,0,19724,15669,0,0,43,30.00,16.50,18.00,1574.8,boot
2387,65.639,24.302,41.1,19758,87384,0,19719,15661,0,0,43,30.00,16.50,18.00,1575.3,boot
2388,65.664,28.240,35.4,19758,87369,0,19719,15655,0,0,43,30.00,16.50,18.00,1575.9,boot
2389,65.692,28.006,35.7,19753,87344,0,19714,15650,0,0,43,30.00,16.50,18.00,1576.6,boot
2390,65.720,26.405,37.9,19736,87255,0,19697,15632,0,0,43,30.00,16.50,18.00,1577.3,boot
2391,65.746,31.473,31.8,19727,87204,0,19688,15623,0,0,43,30.00,16.50,18.00,1577.9,boot
2392,65.778,31.715,31.5,19710,87112,0,19671,15605,0,0,43,30.00,16.50,18.00,1578.7,boot
2393,65.810,26.762,37.4,19686,86983,0,19647,15579,0,0,43,30.00,16.50,18.00,1579.4,boot
2394,65.836,26.393,37.9,19668,86872,0,19629,15555,0,0,43,30.00,16.50,18.00,1580.1,boot
2395,65.863,30.508,32.8,19646,86758,0,19607,15532,0,0,43,30.00,16.50,18.00,1580.7,boot
2396,65.893,28.355,35.3,19623,86616,0,19584,15501,0,0,43,30.00,16.50,18.00,1581.4,boot
2397,65.922,26.908,37.2,19599,86493,0,19560,15477,0,0,43,30.00,16.50,18.00,1582.1,boot
2398,65.949,31.329,31.9,19584,86414,0,19545,15461,0,0,43,30.00,16.50,18.00,1582.8,boot
2399,65.980,29.002,34.5,19536,86165,0,19497,15413,0,0,43,30.00,16.50,18.00,1583.5,boot
2400,66.009,42.742,23.4,19534,86146,0,19495,15411,0,0,43,30.00,16.50,18.00,1584.2,boot
2401,66.052,31.780,31.5,19496,85946,0,19457,15372,0,0,43,30.00,16.50,18.00,1585.2,boot
2402,66.084,26.660,37.5,19474,85832,0,19435,15349,0,0,43,30.00,16.50,18.00,1586.0,boot
2403,66.110,34.469,29.0,19457,85747,0,19418,15332,0,0,43,30.00,16.50,18.00,1586.6,boot
2404,66.145,26.716,37.4,19431,85611,0,19392,15306,0,0,43,30.00,16.50,18.00,1587.5,boot
2405,66.171,32.905,30.4,19440,85643,0,19401,15314,0,0,43,30.00,16.50,18.00,1588.1,boot
2406,66.204,30.956,32.3,19417,85540,0,19378,15297,0,0,43,30.00,16.50,18.00,1588.9,boot
2407,66.235,40.276,24.8,19435,85618,0,19396,15312,0,0,43,30.00,16.50,18.00,1589.6,boot
2408,66.276,29.952,33.4,19422,85550,0,19383,15299,0,0,43,30.00,16.50,18.00,1590.6,boot
2409,66.306,31.540,31.7,19406,85462,0,19367,15281,0,0,43,30.00,16.50,18.00,1591.3,boot
2410,66.337,40.304,24.8,19409,85471,0,19370,15281,0,0,43,30.00,16.50,18.00,1592.1,boot
2411,66.377,36.108,27.7,19434,85579,0,19395,15300,0,0,43,30.00,16.50,18.00,1593.1,boot
2412,66.414,126.888,7.9,19442,85615,0,19403,15305,0,0,43,30.00,16.50,18.00,1593.9,boot
2413,66.541,40.583,24.6,19533,86059,0,19494,15388,0,0,43,30.00,16.50,18.00,1597.0,boot
2414,66.581,32.508,30.8,19560,86200,0,19521,15416,0,0,43,30.00,16.50,18.00,1597.9,boot
2415,66.614,29.417,34.0,19568,86230,0,19529,15423,0,0,43,30.00,16.50,18.00,1598.7,boot
2416,66.643,30.538,32.7,19563,86209,0,19524,15416,0,0,43,30.00,16.50,18.00,1599.4,boot
2417,66.674,49.698,20.1,19563,86207,0,19524,15414,0,0,43,30.00,16.50,18.00,1600.2,boot
2418,66.723,30.327,33.0,19556,86155,0,19517,15405,0,0,43,30.00,16.50,18.00,1601.4,boot
2419,66.754,30.210,33.1,19554,86144,0,19515,15402,0,0,43,30.00,16.50,18.00,1602.1,boot
2420,66.784,55.947,17.9,19553,86131,0,19514,15397,0,0,43,30.00,16.50,18.00,1602.8,boot
2421,66.840,48.051,20.8,19573,86216,0,19534,15414,0,0,43,30.00,16.50,18.00,1604.2,boot
2422,66.888,32.732,30.6,19585,86262,0,19546,15424,0,0,43,30.00,16.50,18.00,1605.3,boot
2423,66.921,29.826,33.5,19607,86365,0,19568,15445,0,0,43,30.00,16.50,18.00,1606.1,boot
2424,66.951,29.809,33.5,19625,86446,0,19586,15463,0,0,43,30.00,16.50,18.00,1606.8,boot
2425,66.980,35.521,28.2,19645,86540,0,19606,15483,0,0,43,30.00,16.50,18.00,1607.5,boot
2426,67.016,54.828,18.2,19667,86647,0,19628,15505,0,0,43,30.00,16.50,18.00,1608.4,boot
2427,67.071,39.508,25.3,19693,86762,0,19654,15531,0,0,43,30.00,16.50,18.00,1609.7,boot
2428,67.110,43.234,23.1,19691,86767,0,19652,15535,0,0,43,30.00,16.50,18.00,1610.6,boot
2429,67.154,34.693,28.8,19711,86846,0,19672,15549,0,0,43,30.00,16.50,18.00,1611.7,boot
2430,67.188,32.662,30.6,19711,86837,0,19672,15549,0,0,43,30.00,16.50,18.00,1612.5,boot
2431,67.221,43.459,23.0,19675,86654,0,19636,15513,0,0,43,30.00,16.50,18.00,1613.3,boot
2432,67.264,43.581,22.9,19711,86831,0,19672,15549,0,0,43,30.00,16.50,18.00,1614.3,boot
2433,67.308,39.694,25.2,19705,86819,0,19666,15549,0,0,43,30.00,16.50,18.00,1615.4,boot
2434,67.348,46.309,21.6,19710,86820,0,19671,15548,0,0,43,30.00,16.50,18.00,1616.3,boot
2435,67.394,42.121,23.7,19715,86842,0,19676,15553,0,0,43,30.00,16.50,18.00,1617.5,boot
2436,67.436,39.037,25.6,19722,86877,0,19683,15560,0,0,43,30.00,16.50,18.00,1618.5,boot
2437,67.475,33.881,29.5,19722,86883,0,19683,15560,0,0,43,30.00,16.50,18.00,1619.4,boot
2438,67.509,35.418,28.2,19722,86907,0,19683,15566,0,0,43,30.00,16.50,18.00,1620.2,boot
2439,67.545,38.871,25.7,19710,86850,0,19671,15554,0,0,43,30.00,16.50,18.00,1621.1,boot
2440,67.584,37.347,26.8,19714,86861,0,19675,15558,0,0,43,30.00,16.50,18.00,1622.0,boot
2441,67.621,36.975,27.0,19714,86852,0,19675,15558,0,0,43,30.00,16.50,18.00,1622.9,boot
2442,67.658,48.486,20.6,19703,86788,0,19664,15547,0,0,43,30.00,16.50,18.00,1623.8,boot
2443,67.706,43.851,22.8,19721,86875,0,19682,15565,0,0,43,30.00,16.50,18.00,1625.0,boot
2444,67.750,46.386,21.6,19747,87011,0,19708,15591,0,0,43,30.00,16.50,18.00,1626.0,boot
2445,67.797,47.126,21.2,19726,86894,0,19687,15570,0,0,43,30.00,16.50,18.00,1627.1,boot
2446,67.844,48.310,20.7,19713,86817,0,19674,15557,0,0,43,30.00,16.50,18.00,1628.3,boot
2447,67.892,48.316,20.7,19700,86749,0,19661,15544,0,0,43,30.00,16.50,18.00,1629.4,boot
2448,67.940,49.352,20.3,19708,86792,0,19669,15552,0,0,43,30.00,16.50,18.00,1630.6,boot
2449,67.990,48.956,20.4,19712,86824,0,19673,15556,0,0,43,30.00,16.50,18.00,1631.8,boot
2450,68.039,49.166,20.3,19708,86808,0,19669,15550,0,0,43,30.00,16.50,18.00,1632.9,boot
2451,68.088,49.701,20.1,19713,86831,0,19674,15553,0,0,43,30.00,16.50,18.00,1634.1,boot
2452,68.138,49.513,20.2,19724,86882,0,19685,15560,0,0,43,30.00,16.50,18.00,1635.3,boot
2453,68.187,50.319,19.9,19723,86871,0,19684,15556,0,0,43,30.00,16.50,18.00,1636.5,boot
2454,68.238,50.298,19.9,19733,86903,0,19694,15556,0,0,43,30.00,16.50,18.00,1637.7,boot
2455,68.288,51.330,19.5,19743,86950,0,19704,15557,0,0,43,30.00,16.50,18.00,1638.9,boot
2456,68.339,52.526,19.0,19761,87039,0,19722,15565,0,0,43,30.00,16.50,18.00,1640.1,boot
2457,68.392,52.853,18.9,19774,87098,0,19735,15569,0,0,43,30.00,16.50,18.00,1641.4,boot
2458,68.445,54.006,18.5,19806,87253,0,19767,15592,0,0,43,30.00,16.50,18.00,1642.7,boot
2459,68.499,54.540,18.3,19855,87492,0,19816,15635,0,0,43,30.00,16.50,18.00,1644.0,boot
2460,68.553,55.261,18.1,19901,87707,0,19862,15667,0,0,43,30.00,16.50,18.00,1645.3,boot
2461,68.609,55.982,17.9,19962,87988,0,19923,15716,0,0,43,30.00,16.50,18.00,1646.6,boot
2462,68.665,55.479,18.0,20031,88326,0,19992,15776,0,0,43,30.00,16.50,18.00,1648.0,boot
2463,68.720,56.290,17.8,20091,88609,0,20052,15828,0,0,43,30.00,16.50,18.00,1649.3,boot
2464,68.777,57.222,17.5,20156,88933,0,20117,15886,0,0,43,30.00,16.50,18.00,1650.6,boot
2465,68.834,59.272,16.9,20235,89294,0,20196,15948,0,0,43,30.00,16.50,18.00,1652.0,boot
2466,68.893,59.343,16.9,20291,89563,0,20252,15987,0,0,43,30.00,16.50,18.00,1653.4,boot
2467,68.953,61.058,16.4,20367,89917,0,20328,16041,0,0,43,30.00,16.50,18.00,1654.9,boot
2468,69.014,69.442,14.4,20433,90196,0,20394,16082,0,0,43,30.00,16.50,18.00,1656.3,boot
2469,69.083,53.510,18.7,20494,90493,0,20455,16127,0,0,43,30.00,16.50,18.00,1658.0,boot
2470,69.137,61.677,16.2,20544,90749,0,20505,16168,0,0,43,30.00,16.50,18.00,1659.3,boot
2471,69.198,62.237,16.1,20612,91046,0,20573,16208,0,0,43,30.00,16.50,18.00,1660.8,boot
2472,69.261,62.718,15.9,20672,91286,0,20633,16217,0,0,43,30.00,16.50,18.00,1662.3,boot
2473,69.323,64.346,15.5,20666,91223,0,20627,16187,0,0,43,30.00,16.50,18.00,1663.8,boot
2474,69.388,67.341,14.8,20640,91044,0,20601,16131,0,0,43,30.00,16.50,18.00,1665.3,boot
2475,69.455,63.264,15.8,20564,90649,0,20525,16031,0,0,43,30.00,16.50,18.00,1666.9,boot
2476,69.518,64.846,15.4,20423,89956,0,20384,15887,0,0,43,30.00,16.50,18.00,1668.4,boot
2477,69.583,59.866,16.7,20366,89691,0,20327,15826,0,0,43,30.00,16.50,18.00,1670.0,boot
2478,69.643,60.790,16.5,20465,90184,0,20426,15907,0,0,43,30.00,16.50,18.00,1671.4,boot
2479,69.704,66.611,15.0,20573,90701,0,20534,15989,0,0,43,30.00,16.50,18.00,1672.9,boot
2480,69.771,67.847,14.7,20715,91400,0,20676,16105,0,0,43,30.00,16.50,18.00,1674.5,boot
2481,69.838,68.693,14.6,20833,91989,0,20794,16213,0,0,43,30.00,16.50,18.00,1676.1,boot
2482,69.907,69.109,14.5,20951,92554,0,20912,16318,0,0,43,30.00,16.50,18.00,1677.8,boot
2483,69.976,67.834,14.7,21058,93108,0,21019,16426,0,0,43,30.00,16.50,18.00,1679.4,boot
2484,70.044,64.754,15.4,21169,93679,0,21130,16540,0,0,43,30.00,16.50,18.00,1681.1,boot
2485,70.109,69.467,14.4,21276,94229,0,21237,16647,0,0,43,30.00,16.50,18.00,1682.6,boot
2486,70.179,68.561,14.6,21361,94676,0,21322,16734,0,0,43,30.00,16.50,18.00,1684.3,boot
2487,70.247,62.871,15.9,21409,94923,0,21370,16777,0,0,43,30.00,16.50,18.00,1685.9,boot
2488,70.310,64.073,15.6,21379,94798,0,21340,16756,0,0,43,30.00,16.50,18.00,1687.4,boot
2489,70.374,65.430,15.3,21405,94956,0,21366,16789,0,0,43,30.00,16.50,18.00,1689.0,boot
2490,70.440,70.441,14.2,21429,95080,0,21390,16815,0,0,43,30.00,16.50,18.00,1690.5,boot
2491,70.510,68.789,14.5,21465,95267,0,21426,16852,0,0,43,30.00,16.50,18.00,1692.2,boot
2492,70.579,67.957,14.7,21504,95484,0,21465,16892,0,0,43,30.00,16.50,18.00,1693.9,boot
2493,70.647,61.626,16.2,21523,95583,0,21484,16912,0,0,43,30.00,16.50,18.00,1695.5,boot
2494,70.708,61.029,16.4,21536,95657,0,21497,16929,0,0,43,30.00,16.50,18.00,1697.0,boot
2495,70.770,61.200,16.3,21525,95618,0,21486,16919,0,0,43,30.00,16.50,18.00,1698.5,boot
2496,70.831,67.464,14.8,21524,95628,0,21485,16918,0,0,43,30.00,16.50,18.00,1699.9,boot
2497,70.898,60.757,16.5,21515,95597,0,21476,16911,0,0,43,30.00,16.50,18.00,1701.6,boot
2498,70.959,60.867,16.4,21500,95527,0,21461,16898,0,0,43,30.00,16.50,18.00,1703.0,boot
2499,71.020,59.351,16.8,21486,95458,0,21447,16885,0,0,43,30.00,16.50,18.00,1704.5,boot
2500,71.079,63.406,15.8,21445,95258,0,21406,16848,0,0,43,30.00,16.50,18.00,1705.9,boot
2501,71.143,73.252,13.7,21411,95074,0,21372,16815,0,0,43,30.00,16.50,18.00,1707.4,boot
2502,71.216,54.485,18.4,21354,94789,0,21315,16759,0,0,43,30.00,16.50,18.00,1709.2,boot
2503,71.271,62.747,15.9,21345,94723,0,21306,16741,0,0,43,30.00,16.50,18.00,1710.5,boot
2504,71.333,64.003,15.6,21354,94768,0,21315,16746,0,0,43,30.00,16.50,18.00,1712.0,boot
2505,71.397,62.852,15.9,21353,94752,0,21314,16743,0,0,43,30.00,16.50,18.00,1713.5,boot
2506,71.460,63.645,15.7,21323,94605,0,21284,16713,0,0,43,30.00,16.50,18.00,1715.0,boot
2507,71.524,62.056,16.1,21254,94250,0,21215,16643,0,0,43,30.00,16.50,18.00,1716.6,boot
2508,71.586,61.310,16.3,21206,94028,0,21167,16600,0,0,43,30.00,16.50,18.00,1718.1,boot
2509,71.647,60.970,16.4,21162,93804,0,21123,16552,0,0,43,30.00,16.50,18.00,1719.5,boot
2510,71.708,54.399,18.4,21130,93664,0,21091,16522,0,0,43,30.00,16.50,18.00,1721.0,boot
2511,71.763,54.514,18.3,21104,93544,0,21065,16491,0,0,43,30.00,16.50,18.00,1722.3,boot
2512,71.817,59.608,16.8,21066,93366,0,21027,16450,0,0,43,30.00,16.50,18.00,1723.6,boot
2513,71.877,59.868,16.7,21031,93187,0,20992,16405,0,0,43,30.00,16.50,18.00,1725.0,boot
2514,71.937,59.976,16.7,20983,92965,0,20944,16354,0,0,43,30.00,16.50,18.00,1726.5,boot
2515,71.997,58.432,17.1,20945,92777,0,20906,16312,0,0,43,30.00,16.50,18.00,1727.9,boot
2516,72.055,57.183,17.5,20913,92605,0,20874,16274,0,0,43,30.00,16.50,18.00,1729.3,boot
2517,72.113,52.175,19.2,20887,92462,0,20848,16241,0,0,43,30.00,16.50,18.00,1730.7,boot
2518,72.165,50.823,19.7,20845,92249,0,20806,16196,0,0,43,30.00,16.50,18.00,1732.0,boot
2519,72.216,50.602,19.8,20788,91951,0,20749,16138,0,0,43,30.00,16.50,18.00,1733.2,boot
2520,72.266,52.793,18.9,20761,91794,0,20722,16107,0,0,43,30.00,16.50,18.00,1734.4,boot
2521,72.319,56.571,17.7,20738,91669,0,20699,16080,0,0,43,30.00,16.50,18.00,1735.7,boot
2522,72.376,54.562,18.3,20691,91431,0,20652,16030,0,0,43,30.00,16.50,18.00,1737.0,boot
2523,72.430,69.201,14.5,20658,91263,0,20619,15994,0,0,43,30.00,16.50,18.00,1738.3,boot
2524,72.500,103.592,9.7,20643,91179,0,20604,15976,0,0,43,30.00,16.50,18.00,1740.0,boot
2525,72.603,102.887,9.7,20520,90607,0,20481,15857,0,0,43,30.00,16.50,18.00,1742.5,boot
2526,72.706,68.327,14.6,20422,90123,0,20383,15762,0,0,43,30.00,16.50,18.00,1744.9,boot
2527,72.774,49.827,20.1,20374,89879,0,20335,15716,0,0,43,30.00,16.50,18.00,1746.6,boot
2528,72.824,46.689,21.4,20319,89618,0,20280,15669,0,0,43,30.00,16.50,18.00,1747.8,boot
2529,72.871,36.859,27.1,20262,89356,0,20223,15623,0,0,43,30.00,16.50,18.00,1748.9,boot
2530,72.908,36.742,27.2,20234,89225,0,20195,15601,0,0,43,30.00,16.50,18.00,1749.8,boot
2531,72.945,44.390,22.5,20202,89074,0,20163,15575,0,0,43,30.00,16.50,18.00,1750.7,boot
2532,72.989,42.238,23.7,20172,88910,0,20133,15546,0,0,43,30.00,16.50,18.00,1751.7,boot
2533,73.031,49.332,20.3,20144,88761,0,20105,15521,0,0,43,30.00,16.50,18.00,1752.8,boot
2534,73.081,52.650,19.0,20111,88587,0,20072,15494,0,0,43,30.00,16.50,18.00,1753.9,boot
2535,73.133,46.417,21.5,20068,88370,0,20029,15459,0,0,43,30.00,16.50,18.00,1755.2,boot
2536,73.180,49.913,20.0,20022,88148,0,19983,15425,0,0,43,30.00,16.50,18.00,1756.3,boot
2537,73.230,41.230,24.3,20005,88082,0,19966,15415,0,0,43,30.00,16.50,18.00,1757.5,boot
2538,73.271,53.082,18.8,19978,87959,0,19939,15394,0,0,43,30.00,16.50,18.00,1758.5,boot
2539,73.324,39.734,25.2,19944,87797,0,19905,15370,0,0,43,30.00,16.50,18.00,1759.8,boot
2540,73.364,42.772,23.4,19916,87664,0,19877,15349,0,0,43,30.00,16.50,18.00,1760.7,boot
2541,73.407,53.001,18.9,19871,87476,0,19832,15317,0,0,43,30.00,16.50,18.00,1761.8,boot
2542,73.460,47.529,21.0,19811,87196,0,19772,15269,0,0,43,30.00,16.50,18.00,1763.0,boot
2543,73.507,49.505,20.2,19754,86918,0,19715,15225,0,0,43,30.00,16.50,18.00,1764.2,boot
2544,73.557,34.860,28.7,19716,86744,0,19677,15209,0,0,43,30.00,16.50,18.00,1765.4,boot
2545,73.592,45.616,21.9,19685,86614,0,19646,15193,0,0,43,30.00,16.50,18.00,1766.2,boot
2546,73.637,42.830,23.3,19639,86395,0,19600,15162,0,0,43,30.00,16.50,18.00,1767.3,boot
2547,73.680,35.480,28.2,19616,86289,0,19577,15151,0,0,43,30.00,16.50,18.00,1768.3,boot
2548,73.716,60.247,16.6,19578,86110,0,19539,15124,0,0,43,30.00,16.50,18.00,1769.2,boot
2549,73.776,38.868,25.7,19528,85885,0,19489,15089,0,0,43,30.00,16.50,18.00,1770.6,boot
2550,73.815,51.453,19.4,19502,85763,0,19463,15074,0,0,43,30.00,16.50,18.00,1771.6,boot
2551,73.866,42.089,23.8,19462,85560,0,19423,15040,0,0,43,30.00,16.50,18.00,1772.8,boot
2552,73.909,45.890,21.8,19458,85508,0,19419,15028,0,0,43,30.00,16.50,18.00,1773.8,boot
2553,73.954,55.347,18.1,19411,85294,0,19372,14993,0,0,43,30.00,16.50,18.00,1774.9,boot
2554,74.010,37.351,26.8,19359,85072,0,19320,14981,0,0,43,30.00,16.50,18.00,1776.2,boot
2555,74.047,35.654,28.0,19343,85031,0,19304,14992,0,0,43,30.00,16.50,18.00,1777.1,boot
2556,74.083,44.466,22.5,19321,84963,0,19282,14994,0,0,43,30.00,16.50,18.00,1778.0,boot
2557,74.127,35.621,28.1,19316,84952,0,19277,15003,0,0,43,30.00,16.50,18.00,1779.1,boot
2558,74.163,57.072,17.5,19309,84943,0,19270,15015,0,0,43,30.00,16.50,18.00,1779.9,boot
2559,74.220,37.471,26.7,19308,84964,0,19269,15037,0,0,43,30.00,16.50,18.00,1781.3,boot
2560,74.258,34.754,28.8,19298,84945,0,19259,15049,0,0,43,30.00,16.50,18.00,1782.2,boot
2561,74.292,42.324,23.6,19286,84898,0,19247,15053,0,0,43,30.00,16.50,18.00,1783.0,boot
2562,74.335,37.142,26.9,19304,84997,0,19265,15086,0,0,43,30.00,16.50,18.00,1784.0,boot
2563,74.372,48.909,20.4,19304,85011,0,19265,15106,0,0,43,30.00,16.50,18.00,1784.9,boot
2564,74.421,43.515,23.0,19298,85005,0,19259,15125,0,0,43,30.00,16.50,18.00,1786.1,boot
2565,74.464,31.774,31.5,19303,85026,0,19264,15144,0,0,43,30.00,16.50,18.00,1787.1,boot
2566,74.496,33.513,29.8,19304,85047,0,19265,15161,0,0,43,30.00,16.50,18.00,1787.9,boot
2567,74.530,48.288,20.7,19311,85090,0,19272,15182,0,0,43,30.00,16.50,18.00,1788.7,boot
2568,74.578,55.389,18.1,19310,85083,0,19271,15191,0,0,43,30.00,16.50,18.00,1789.9,boot
2569,74.633,48.559,20.6,19310,85092,0,19271,15203,0,0,43,30.00,16.50,18.00,1791.2,boot
2570,74.682,35.728,28.0,19332,85194,0,19293,15226,0,0,43,30.00,16.50,18.00,1792.4,boot
2571,74.718,44.760,22.3,19320,85105,0,19281,15209,0,0,43,30.00,16.50,18.00,1793.2,boot
2572,74.762,29.876,33.5,19332,85155,0,19293,15220,0,0,43,30.00,16.50,18.00,1794.3,boot
2573,74.792,37.694,26.5,19351,85246,0,19312,15238,0,0,43,30.00,16.50,18.00,1795.0,boot
2574,74.830,30.584,32.7,19363,85315,0,19324,15247,0,0,43,30.00,16.50,18.00,1795.9,boot
2575,74.861,29.842,33.5,19373,85367,0,19334,15253,0,0,43,30.00,16.50,18.00,1796.7,boot
2576,74.891,30.831,32.4,19378,85395,0,19339,15258,0,0,43,30.00,16.50,18.00,1797.4,boot
2577,74.921,30.065,33.3,19390,85448,0,19351,15269,0,0,43,30.00,16.50,18.00,1798.1,boot
2578,74.951,36.292,27.6,19394,85451,0,19355,15268,0,0,43,30.00,16.50,18.00,1798.8,boot
2579,74.988,29.893,33.5,19406,85498,0,19367,15279,0,0,43,30.00,16.50,18.00,1799.7,boot
2580,75.018,35.076,28.5,19412,85519,0,19373,15285,0,0,43,30.00,16.50,18.00,1800.4,boot
2581,75.053,30.086,33.2,19428,85592,0,19389,15294,0,0,43,30.00,16.50,18.00,1801.3,boot
2582,75.083,31.692,31.6,19441,85654,0,19402,15307,0,0,43,30.00,16.50,18.00,1802.0,boot
2583,75.115,30.228,33.1,19452,85721,0,19413,15318,0,0,43,30.00,16.50,18.00,1802.8,boot
2584,75.145,29.742,33.6,19469,85782,0,19430,15326,0,0,43,30.00,16.50,18.00,1803.5,boot
2585,75.175,31.825,31.4,19473,85798,0,19434,15326,0,0,43,30.00,16.50,18.00,1804.2,boot
2586,75.207,33.117,30.2,19480,85823,0,19441,15329,0,0,43,30.00,16.50,18.00,1805.0,boot
2587,75.240,36.793,27.2,19478,85813,0,19439,15324,0,0,43,30.00,16.50,18.00,1805.8,boot
2588,75.276,32.748,30.5,19515,85986,0,19476,15358,0,0,43,30.00,16.50,18.00,1806.6,boot
2589,75.309,33.445,29.9,19531,86061,0,19492,15372,0,0,43,30.00,16.50,18.00,1807.4,boot
2590,75.343,32.117,31.1,19543,86114,0,19504,15380,0,0,43,30.00,16.50,18.00,1808.2,boot
2591,75.375,34.367,29.1,19546,86126,0,19507,15383,0,0,43,30.00,16.50,18.00,1809.0,boot
2592,75.409,31.750,31.5,19551,86148,0,19512,15385,0,0,43,30.00,16.50,18.00,1809.8,boot
2593,75.441,37.716,26.5,19564,86212,0,19525,15394,0,0,43,30.00,16.50,18.00,1810.6,boot
2594,75.479,30.271,33.0,19577,86267,0,19538,15403,0,0,43,30.00,16.50,18.00,1811.5,boot
2595,75.509,32.470,30.8,19595,86325,0,19556,15413,0,0,43,30.00,16.50,18.00,1812.2,boot
2596,75.542,30.664,32.6,19598,86328,0,19559,15413,0,0,43,30.00,16.50,18.00,1813.0,boot
2597,75.572,30.055,33.3,19611,86391,0,19572,15424,0,0,43,30.00,16.50,18.00,1813.7,boot
2598,75.602,32.409,30.9,19624,86451,0,19585,15432,0,0,43,30.00,16.50,18.00,1814.5,boot
2599,75.635,32.265,31.0,19637,86517,0,19598,15440,0,0,43,30.00,16.50,18.00,1815.2,boot
2600,75.667,36.612,27.3,19650,86592,0,19611,15451,0,0,43,30.00,16.50,18.00,1816.0,boot
2601,75.704,30.928,32.3,19664,86663,0,19625,15460,0,0,43,30.00,16.50,18.00,1816.9,boot
2602,75.735,34.524,29.0,19676,86723,0,19637,15469,0,0,43,30.00,16.50,18.00,1817.6,boot
2603,75.769,29.580,33.8,19689,86783,0,19650,15477,0,0,43,30.00,16.50,18.00,1818.5,boot
2604,75.799,30.202,33.1,19713,86900,0,19674,15498,0,0,43,30.00,16.50,18.00,1819.2,boot
2605,75.829,32.016,31.2,19714,86902,0,19675,15496,0,0,43,30.00,16.50,18.00,1819.9,boot
2606,75.861,31.468,31.8,19733,86997,0,19694,15512,0,0,43,30.00,16.50,18.00,1820.7,boot
2607,75.892,34.688,28.8,19739,87042,0,19700,15521,0,0,43,30.00,16.50,18.00,1821.4,boot
2608,75.927,29.083,34.4,19755,87117,0,19716,15532,0,0,43,30.00,16.50,18.00,1822.3,boot
2609,75.956,32.498,30.8,19770,87188,0,19731,15543,0,0,43,30.00,16.50,18.00,1823.0,boot
2610,75.989,49.007,20.4,19778,87225,0,19739,15548,0,0,43,30.00,16.50,18.00,1823.7,boot
2611,76.038,28.693,34.9,19801,87344,0,19762,15566,0,0,43,30.00,16.50,18.00,1824.9,boot
2612,76.067,29.215,34.2,19805,87364,0,19766,15567,0,0,43,30.00,16.50,18.00,1825.6,boot
2613,76.096,47.686,21.0,19832,87498,0,19793,15590,0,0,43,30.00,16.50,18.00,1826.3,boot
2614,76.143,25.682,38.9,19847,87580,0,19808,15600,0,0,43,30.00,16.50,18.00,1827.4,boot
2615,76.169,25.397,39.4,19868,87695,0,19829,15619,0,0,43,30.00,16.50,18.00,1828.1,boot
2616,76.195,32.069,31.2,19872,87733,0,19833,15626,0,0,43,30.00,16.50,18.00,1828.7,boot
2617,76.227,27.516,36.3,19879,87774,0,19840,15630,0,0,43,30.00,16.50,18.00,1829.4,boot
2618,76.254,26.218,38.1,19920,87985,0,19881,15671,0,0,43,30.00,16.50,18.00,1830.1,boot
2619,76.280,33.057,30.3,19906,87918,0,19867,15657,0,0,43,30.00,16.50,18.00,1830.7,boot
2620,76.313,34.453,29.0,19932,88046,0,19893,15675,0,0,43,30.00,16.50,18.00,1831.5,boot
2621,76.348,25.592,39.1,19942,88117,0,19903,15688,0,0,43,30.00,16.50,18.00,1832.4,boot
2622,76.374,27.384,36.5,19957,88196,0,19918,15701,0,0,43,30.00,16.50,18.00,1833.0,boot
2623,76.401,32.502,30.8,19979,88308,0,19940,15722,0,0,43,30.00,16.50,18.00,1833.6,boot
2624,76.433,39.279,25.5,19982,88316,0,19943,15724,0,0,43,30.00,16.50,18.00,1834.4,boot
2625,76.473,40.414,24.7,20025,88531,0,19986,15764,0,0,43,30.00,16.50,18.00,1835.3,boot
2626,76.513,27.401,36.5,20056,88673,0,20017,15791,0,0,43,30.00,16.50,18.00,1836.3,boot
2627,76.541,30.591,32.7,20061,88714,0,20022,15800,0,0,43,30.00,16.50,18.00,1837.0,boot
2628,76.571,25.772,38.8,20090,88850,0,20051,15829,0,0,43,30.00,16.50,18.00,1837.7,boot
2629,76.597,25.666,39.0,20105,88910,0,20066,15841,0,0,43,30.00,16.50,18.00,1838.3,boot
2630,76.623,27.743,36.0,20129,89023,0,20090,15864,0,0,43,30.00,16.50,18.00,1838.9,boot
2631,76.650,36.482,27.4,20141,89078,0,20102,15874,0,0,43,30.00,16.50,18.00,1839.6,boot
2632,76.687,26.361,37.9,20168,89200,0,20129,15900,0,0,43,30.00,16.50,18.00,1840.5,boot
2633,76.713,26.337,38.0,20190,89306,0,20151,15921,0,0,43,30.00,16.50,18.00,1841.1,boot
2634,76.740,43.271,23.1,20209,89397,0,20170,15939,0,0,43,30.00,16.50,18.00,1841.8,boot
2635,76.783,31.810,31.4,20242,89558,0,20203,15971,0,0,43,30.00,16.50,18.00,1842.8,boot
2636,76.815,26.026,38.4,20259,89645,0,20220,15987,0,0,43,30.00,16.50,18.00,1843.6,boot
2637,76.841,24.363,41.0,20284,89761,0,20245,16006,0,0,43,30.00,16.50,18.00,1844.2,boot
2638,76.865,25.743,38.8,20298,89833,0,20259,16019,0,0,43,30.00,16.50,18.00,1844.8,boot
2639,76.891,27.167,36.8,20321,89956,0,20282,16041,0,0,43,30.00,16.50,18.00,1845.4,boot
2640,76.918,24.407,41.0,20345,90078,0,20306,16064,0,0,43,30.00,16.50,18.00,1846.0,boot
2641,76.943,24.608,40.6,20355,90152,0,20316,16080,0,0,43,30.00,16.50,18.00,1846.6,boot
2642,76.967,26.209,38.2,20373,90245,0,20334,16098,0,0,43,30.00,16.50,18.00,1847.2,boot
2643,76.993,34.206,29.2,20388,90324,0,20349,16111,0,0,43,30.00,16.50,18.00,1847.8,boot
2644,77.028,51.198,19.5,20410,90439,0,20371,16132,0,0,43,30.00,16.50,18.00,1848.7,boot
2645,77.079,29.632,33.7,20458,90682,0,20419,16180,0,0,43,30.00,16.50,18.00,1849.9,boot
2646,77.109,25.482,39.2,20480,90798,0,20441,16202,0,0,43,30.00,16.50,18.00,1850.6,boot
2647,77.134,24.792,40.3,20499,90881,0,20460,16215,0,0,43,30.00,16.50,18.00,1851.2,boot
2648,77.159,25.223,39.6,20513,90956,0,20474,16228,0,0,43,30.00,16.50,18.00,1851.8,boot
2649,77.184,26.010,38.4,20533,91076,0,20494,16253,0,0,43,30.00,16.50,18.00,1852.4,boot
2650,77.210,28.537,35.0,20561,91216,0,20522,16281,0,0,43,30.00,16.50,18.00,1853.0,boot
2651,77.239,24.202,41.3,20548,91145,0,20509,16268,0,0,43,30.00,16.50,18.00,1853.7,boot
2652,77.263,23.632,42.3,20599,91406,0,20560,16319,0,0,43,30.00,16.50,18.00,1854.3,boot
2653,77.287,32.546,30.7,20600,91405,0,20561,16320,0,0,43,30.00,16.50,18.00,1854.9,boot
2654,77.319,29.850,33.5,20639,91597,0,20600,16359,0,0,43,30.00,16.50,18.00,1855.7,boot
2655,77.349,23.728,42.1,20660,91681,0,20621,16374,0,0,43,30.00,16.50,18.00,1856.4,boot
2656,77.373,29.681,33.7,20688,91818,0,20649,16402,0,0,43,30.00,16.50,18.00,1856.9,boot
2657,77.402,30.377,32.9,20705,91899,0,20666,16418,0,0,43,30.00,16.50,18.00,1857.7,boot
2658,77.433,31.174,32.1,20736,92048,0,20697,16449,0,0,43,30.00,16.50,18.00,1858.4,boot
2659,77.464,28.097,35.6,20763,92192,0,20724,16476,0,0,43,30.00,16.50,18.00,1859.1,boot
2660,77.492,26.987,37.1,20797,92361,0,20758,16509,0,0,43,30.00,16.50,18.00,1859.8,boot
2661,77.519,27.057,37.0,20815,92456,0,20776,16526,0,0,43,30.00,16.50,18.00,1860.5,boot
2662,77.546,37.845,26.4,20835,92542,0,20796,16541,0,0,43,30.00,16.50,18.00,1861.1,boot
2663,77.584,26.274,38.1,20867,92702,0,20828,16573,0,0,43,30.00,16.50,18.00,1862.0,boot
2664,77.610,26.867,37.2,20889,92809,0,20850,16595,0,0,43,30.00,16.50,18.00,1862.6,boot
2665,77.637,46.332,21.6,20911,92919,0,20872,16617,0,0,43,30.00,16.50,18.00,1863.3,boot
2666,77.684,30.057,33.3,20940,93079,0,20901,16646,0,0,43,30.00,16.50,18.00,1864.4,boot
2667,77.714,46.234,21.6,20960,93185,0,20921,16666,0,0,43,30.00,16.50,18.00,1865.1,boot
2668,77.760,33.422,29.9,21019,93489,0,20980,16725,0,0,43,30.00,16.50,18.00,1866.2,boot
2669,77.793,52.798,18.9,20964,93210,0,20925,16669,0,0,43,30.00,16.50,18.00,1867.0,boot
2670,77.846,39.560,25.3,21008,93442,0,20969,16713,0,0,43,30.00,16.50,18.00,1868.3,boot
2671,77.886,44.687,22.4,21021,93513,0,20982,16726,0,0,43,30.00,16.50,18.00,1869.3,boot
2672,77.930,32.080,31.2,21034,93567,0,20995,16740,0,0,43,30.00,16.50,18.00,1870.3,boot
2673,77.963,40.796,24.5,21042,93605,0,21003,16749,0,0,43,30.00,16.50,18.00,1871.1,boot
2674,78.003,29.112,34.3,21062,93694,0,21023,16764,0,0,43,30.00,16.50,18.00,1872.1,boot
2675,78.033,45.470,22.0,21067,93719,0,21028,16769,0,0,43,30.00,16.50,18.00,1872.8,boot
2676,78.078,33.805,29.6,21087,93840,0,21048,16795,0,0,43,30.00,16.50,18.00,1873.9,boot
2677,78.112,31.553,31.7,21101,93911,0,21062,16810,0,0,43,30.00,16.50,18.00,1874.7,boot
2678,78.143,25.964,38.5,21116,93977,0,21077,16825,0,0,43,30.00,16.50,18.00,1875.4,boot
2679,78.169,25.912,38.6,21131,94043,0,21092,16840,0,0,43,30.00,16.50,18.00,1876.1,boot
2680,78.195,29.279,34.2,21139,94091,0,21100,16850,0,0,43,30.00,16.50,18.00,1876.7,boot
2681,78.225,28.727,34.8,21157,94190,0,21118,16868,0,0,43,30.00,16.50,18.00,1877.4,boot
2682,78.253,25.508,39.2,21165,94234,0,21126,16877,0,0,43,30.00,16.50,18.00,1878.1,boot
2683,78.279,30.624,32.7,21177,94295,0,21138,16890,0,0,43,30.00,16.50,18.00,1878.7,boot
2684,78.310,26.471,37.8,21196,94401,0,21157,16911,0,0,43,30.00,16.50,18.00,1879.4,boot
2685,78.336,31.186,32.1,21217,94491,0,21178,16926,0,0,43,30.00,16.50,18.00,1880.1,boot
2686,78.367,26.179,38.2,21234,94580,0,21195,16944,0,0,43,30.00,16.50,18.00,1880.8,boot
2687,78.393,33.225,30.1,21248,94657,0,21209,16959,0,0,43,30.00,16.50,18.00,1881.4,boot
2688,78.427,27.365,36.5,21267,94760,0,21228,16980,0,0,43,30.00,16.50,18.00,1882.2,boot
2689,78.454,25.275,39.6,21274,94800,0,21235,16989,0,0,43,30.00,16.50,18.00,1882.9,boot
2690,78.479,30.302,33.0,21294,94905,0,21255,17011,0,0,43,30.00,16.50,18.00,1883.5,boot
2691,78.510,25.781,38.8,21295,94913,0,21256,17015,0,0,43,30.00,16.50,18.00,1884.2,boot
2692,78.535,27.205,36.8,21314,95012,0,21275,17035,0,0,43,30.00,16.50,18.00,1884.9,boot
2693,78.563,25.642,39.0,21336,95117,0,21297,17058,0,0,43,30.00,16.50,18.00,1885.5,boot
2694,78.588,25.576,39.1,21330,95089,0,21291,17054,0,0,43,30.00,16.50,18.00,1886.1,boot
2695,78.614,25.463,39.3,21336,95121,0,21297,17062,0,0,43,30.00,16.50,18.00,1886.7,boot
2696,78.639,50.380,19.8,21341,95145,0,21302,17069,0,0,43,30.00,16.50,18.00,1887.3,boot
2697,78.690,106.235,9.4,21345,95157,0,21306,17074,0,0,43,30.00,16.50,18.00,1888.6,boot
2698,78.796,36.589,27.3,21345,95153,0,21306,17070,0,0,43,30.00,16.50,18.00,1891.1,boot
2699,78.833,27.914,35.8,21319,95030,0,21280,17054,0,0,43,30.00,16.50,18.00,1892.0,boot
2700,78.861,28.264,35.4,21311,94996,0,21272,17052,0,0,43,30.00,16.50,18.00,1892.7,boot
2701,78.889,28.724,34.8,21305,94965,0,21266,17048,0,0,43,30.00,16.50,18.00,1893.3,boot
2702,78.918,31.475,31.8,21292,94895,0,21253,17036,0,0,43,30.00,16.50,18.00,1894.0,boot
2703,78.949,25.414,39.3,21289,94875,0,21250,17034,0,0,43,30.00,16.50,18.00,1894.8,boot
2704,78.975,25.556,39.1,21274,94799,0,21235,17021,0,0,43,30.00,16.50,18.00,1895.4,boot
2705,79.000,28.306,35.3,21266,94761,0,21227,17015,0,0,43,30.00,16.50,18.00,1896.0,boot
2706,79.028,25.348,39.5,21237,94614,0,21198,16987,0,0,43,30.00,16.50,18.00,1896.7,boot
2707,79.054,25.098,39.8,21216,94516,0,21177,16970,0,0,43,30.00,16.50,18.00,1897.3,boot
2708,79.079,26.971,37.1,21204,94456,0,21165,16961,0,0,43,30.00,16.50,18.00,1897.9,boot
2709,79.106,37.076,27.0,21179,94334,0,21140,16939,0,0,43,30.00,16.50,18.00,1898.5,boot
2710,79.143,29.837,33.5,21153,94208,0,21114,16917,0,0,43,30.00,16.50,18.00,1899.4,boot
2711,79.173,25.337,39.5,21122,94062,0,21083,16892,0,0,43,30.00,16.50,18.00,1900.1,boot
2712,79.198,26.972,37.1,21110,94005,0,21071,16880,0,0,43,30.00,16.50,18.00,1900.8,boot
2713,79.225,29.246,34.2,21092,93922,0,21053,16866,0,0,43,30.00,16.50,18.00,1901.4,boot
2714,79.254,25.790,38.8,21069,93807,0,21030,16846,0,0,43,30.00,16.50,18.00,1902.1,boot
2715,79.280,27.415,36.5,21049,93706,0,21010,16831,0,0,43,30.00,16.50,18.00,1902.7,boot
2716,79.308,33.246,30.1,21029,93608,0,20990,16816,0,0,43,30.00,16.50,18.00,1903.4,boot
2717,79.341,29.206,34.2,21012,93525,0,20973,16801,0,0,43,30.00,16.50,18.00,1904.2,boot
2718,79.370,31.350,31.9,20990,93414,0,20951,16784,0,0,43,30.00,16.50,18.00,1904.9,boot
2719,79.402,29.339,34.1,20971,93331,0,20932,16771,0,0,43,30.00,16.50,18.00,1905.6,boot
2720,79.431,33.232,30.1,20953,93244,0,20914,16756,0,0,43,30.00,16.50,18.00,1906.3,boot
2721,79.464,33.885,29.5,20947,93228,0,20908,16755,0,0,43,30.00,16.50,18.00,1907.1,boot
2722,79.498,25.628,39.0,20939,93203,0,20900,16753,0,0,43,30.00,16.50,18.00,1908.0,boot
2723,79.524,26.234,38.1,20919,93110,0,20880,16740,0,0,43,30.00,16.50,18.00,1908.6,boot
2724,79.550,25.575,39.1,20926,93163,0,20887,16753,0,0,43,30.00,16.50,18.00,1909.2,boot
2725,79.576,29.303,34.1,20901,93044,0,20862,16734,0,0,43,30.00,16.50,18.00,1909.8,boot
2726,79.605,23.515,42.5,20890,92983,0,20851,16726,0,0,43,30.00,16.50,18.00,1910.5,boot
2727,79.628,23.426,42.7,20891,92988,0,20852,16730,0,0,43,30.00,16.50,18.00,1911.1,boot
2728,79.652,24.759,40.4,20876,92937,0,20837,16727,0,0,43,30.00,16.50,18.00,1911.6,boot
2729,79.677,36.387,27.5,20862,92863,0,20823,16715,0,0,43,30.00,16.50,18.00,1912.2,boot
2730,79.713,24.736,40.4,20854,92850,0,20815,16716,0,0,43,30.00,16.50,18.00,1913.1,boot
2731,79.738,23.503,42.5,20873,92955,0,20834,16742,0,0,43,30.00,16.50,18.00,1913.7,boot
2732,79.761,27.674,36.1,20884,93005,0,20845,16754,0,0,43,30.00,16.50,18.00,1914.3,boot
2733,79.789,40.433,24.7,20903,93102,0,20864,16773,0,0,43,30.00,16.50,18.00,1914.9,boot
2734,79.830,28.473,35.1,20901,93089,0,20862,16775,0,0,43,30.00,16.50,18.00,1915.9,boot
2735,79.858,25.037,39.9,20916,93159,0,20877,16789,0,0,43,30.00,16.50,18.00,1916.6,boot
2736,79.883,25.727,38.9,20925,93205,0,20886,16797,0,0,43,30.00,16.50,18.00,1917.2,boot
2737,79.909,25.083,39.9,20917,93165,0,20878,16789,0,0,43,30.00,16.50,18.00,1917.8,boot
2738,79.934,24.508,40.8,20885,93026,0,20846,16767,0,0,43,30.00,16.50,18.00,1918.4,boot
2739,79.958,24.840,40.3,20875,92968,0,20836,16752,0,0,43,30.00,16.50,18.00,1919.0,boot
2740,79.983,25.418,39.3,20880,92987,0,20841,16751,0,0,43,30.00,16.50,18.00,1919.6,boot
2741,80.009,30.092,33.2,20875,92967,0,20836,16751,0,0,43,30.00,16.50,18.00,1920.2,boot
2742,80.039,23.142,43.2,20813,92659,0,20774,16691,0,0,43,30.00,16.50,18.00,1920.9,boot
2743,80.062,27.009,37.0,20773,92460,0,20734,16652,0,0,43,30.00,16.50,18.00,1921.5,boot
2744,80.089,32.717,30.6,20723,92214,0,20684,16606,0,0,43,30.00,16.50,18.00,1922.1,boot
2745,80.122,25.017,40.0,20654,91873,0,20615,16541,0,0,43,30.00,16.50,18.00,1922.9,boot
2746,80.147,25.718,38.9,20608,91642,0,20569,16495,0,0,43,30.00,16.50,18.00,1923.5,boot
2747,80.172,25.864,38.7,20565,91427,0,20526,16452,0,0,43,30.00,16.50,18.00,1924.1,boot
2748,80.198,24.709,40.5,20518,91191,0,20479,16406,0,0,43,30.00,16.50,18.00,1924.8,boot
2749,80.223,41.707,24.0,20471,90957,0,20432,16360,0,0,43,30.00,16.50,18.00,1925.4,boot
2750,80.265,24.964,40.1,20394,90572,0,20355,16285,0,0,43,30.00,16.50,18.00,1926.4,boot
2751,80.290,26.989,37.1,20345,90326,0,20306,16238,0,0,43,30.00,16.50,18.00,1927.0,boot
2752,80.317,26.066,38.4,20289,90060,0,20250,16190,0,0,43,30.00,16.50,18.00,1927.6,boot
2753,80.343,26.264,38.1,20239,89802,0,20200,16141,0,0,43,30.00,16.50,18.00,1928.2,boot
2754,80.369,31.882,31.4,20192,89562,0,20153,16095,0,0,43,30.00,16.50,18.00,1928.9,boot
2755,80.401,26.997,37.0,20134,89267,0,20095,16038,0,0,43,30.00,16.50,18.00,1929.6,boot
2756,80.428,32.267,31.0,20085,89020,0,20046,15990,0,0,43,30.00,16.50,18.00,1930.3,boot
2757,80.460,32.746,30.5,20007,88628,0,19968,15913,0,0,43,30.00,16.50,18.00,1931.0,boot
2758,80.493,26.608,37.6,19961,88404,0,19922,15867,0,0,43,30.00,16.50,18.00,1931.8,boot
2759,80.520,25.318,39.5,19906,88131,0,19867,15814,0,0,43,30.00,16.50,18.00,1932.5,boot
2760,80.545,24.358,41.1,19866,87933,0,19827,15773,0,0,43,30.00,16.50,18.00,1933.1,boot
2761,80.570,24.858,40.2,19826,87733,0,19787,15733,0,0,43,30.00,16.50,18.00,1933.7,boot
2762,80.594,23.813,42.0,19792,87566,0,19753,15699,0,0,43,30.00,16.50,18.00,1934.3,boot
2763,80.618,24.704,40.5,19762,87417,0,19723,15670,0,0,43,30.00,16.50,18.00,1934.8,boot
2764,80.643,28.162,35.5,19755,87375,0,19716,15660,0,0,43,30.00,16.50,18.00,1935.4,boot
2765,80.671,37.067,27.0,19756,87386,0,19717,15661,0,0,43,30.00,16.50,18.00,1936.1,boot
2766,80.708,24.838,40.3,19740,87299,0,19701,15644,0,0,43,30.00,16.50,18.00,1937.0,boot
2767,80.733,24.656,40.6,19727,87231,0,19688,15631,0,0,43,30.00,16.50,18.00,1937.6,boot
2768,80.758,37.467,26.7,19716,87170,0,19677,15620,0,0,43,30.00,16.50,18.00,1938.2,boot
2769,80.795,28.980,34.5,19688,86999,0,19649,15583,0,0,43,30.00,16.50,18.00,1939.1,boot
2770,80.824,29.194,34.3,19667,86894,0,19628,15562,0,0,43,30.00,16.50,18.00,1939.8,boot
2771,80.853,31.025,32.2,19645,86778,0,19606,15540,0,0,43,30.00,16.50,18.00,1940.5,boot
2772,80.884,26.408,37.9,19624,86648,0,19585,15510,0,0,43,30.00,16.50,18.00,1941.2,boot
2773,80.911,27.202,36.8,19596,86505,0,19557,15482,0,0,43,30.00,16.50,18.00,1941.9,boot
2774,80.938,25.394,39.4,19579,86416,0,19540,15464,0,0,43,30.00,16.50,18.00,1942.5,boot
2775,80.964,25.991,38.5,19568,86355,0,19529,15453,0,0,43,30.00,16.50,18.00,1943.1,boot
2776,80.990,29.470,33.9,19534,86179,0,19495,15419,0,0,43,30.00,16.50,18.00,1943.7,boot
2777,81.019,31.553,31.7,19517,86081,0,19478,15401,