frame,t,ms,fps,draws,uniforms,lookups,vao,tex,dcTerrain,dcObjects,dcHUD,camx,camy,camz,yaw,phase
1,0.000,15.549,64.3,16065,68816,58,16026,11951,0,0,43,30.00,16.50,18.00,0.0,boot
2,0.016,11.591,86.3,16078,68874,0,16039,11960,0,0,43,30.00,16.50,18.00,0.4,boot
3,0.027,8.975,111.4,16089,68920,0,16050,11965,0,0,43,30.00,16.50,18.00,0.7,boot
4,0.036,11.106,90.0,16096,68954,0,16057,11971,0,0,43,30.00,16.50,18.00,0.9,boot
5,0.047,9.050,110.5,16093,68942,0,16054,11968,0,0,43,30.00,16.50,18.00,1.1,boot
6,0.056,13.193,75.8,16096,68957,0,16057,11971,0,0,43,30.00,16.50,18.00,1.4,boot
7,0.070,16.150,61.9,16104,68994,0,16065,11979,0,0,43,30.00,16.50,18.00,1.7,boot
8,0.086,16.654,60.0,16111,69015,0,16072,11981,0,0,43,30.00,16.50,18.00,2.1,boot
9,0.102,16.204,61.7,16109,69026,0,16070,11985,0,0,43,30.00,16.50,18.00,2.5,boot
10,0.119,16.981,58.9,16119,69077,0,16080,11993,0,0,43,30.00,16.50,18.00,2.8,boot
11,0.136,17.873,56.0,16121,69085,0,16082,11993,0,0,43,30.00,16.50,18.00,3.3,boot
12,0.153,17.950,55.7,16134,69147,0,16095,12003,0,0,43,30.00,16.50,18.00,3.7,boot
13,0.171,15.571,64.2,16137,69161,0,16098,12005,0,0,43,30.00,16.50,18.00,4.1,boot
14,0.187,15.881,63.0,16139,69170,0,16100,12006,0,0,43,30.00,16.50,18.00,4.5,boot
15,0.203,16.850,59.3,16143,69180,0,16104,12006,0,0,43,30.00,16.50,18.00,4.9,boot
16,0.220,17.316,57.7,16162,69277,0,16123,12024,0,0,43,30.00,16.50,18.00,5.3,boot
17,0.237,16.881,59.2,16145,69193,0,16106,12008,0,0,43,30.00,16.50,18.00,5.7,boot
18,0.254,15.941,62.7,16191,69416,0,16152,12053,0,0,43,30.00,16.50,18.00,6.1,boot
19,0.270,16.955,59.0,16184,69376,0,16145,12044,0,0,43,30.00,16.50,18.00,6.5,boot
20,0.287,16.217,61.7,16158,69249,0,16119,12018,0,0,43,30.00,16.50,18.00,6.9,boot
21,0.303,16.989,58.9,16192,69412,0,16153,12048,0,0,43,30.00,16.50,18.00,7.3,boot
22,0.320,20.518,48.7,16185,69375,0,16146,12042,0,0,43,30.00,16.50,18.00,7.7,boot
23,0.341,19.827,50.4,16206,69472,0,16167,12058,0,0,43,30.00,16.50,18.00,8.2,boot
24,0.360,15.434,64.8,16210,69474,0,16171,12056,0,0,43,30.00,16.50,18.00,8.7,boot
25,0.376,16.279,61.4,16219,69516,0,16180,12065,0,0,43,30.00,16.50,18.00,9.0,boot
26,0.392,14.694,68.1,16221,69525,0,16182,12066,0,0,43,30.00,16.50,18.00,9.4,boot
27,0.407,16.089,62.2,16229,69563,0,16190,12072,0,0,43,30.00,16.50,18.00,9.8,boot
28,0.423,17.073,58.6,16235,69593,0,16196,12075,0,0,43,30.00,16.50,18.00,10.2,boot
29,0.440,17.802,56.2,16241,69622,0,16202,12080,0,0,43,30.00,16.50,18.00,10.6,boot
30,0.458,16.662,60.0,16247,69650,0,16208,12090,0,0,43,30.00,16.50,18.00,11.0,boot
31,0.475,15.565,64.2,16254,69677,0,16215,12089,0,0,43,30.00,16.50,18.00,11.4,boot
32,0.490,16.989,58.9,16253,69683,0,16214,12093,0,0,43,30.00,16.50,18.00,11.8,boot
33,0.507,16.887,59.2,16258,69700,0,16219,12096,0,0,43,30.00,16.50,18.00,12.2,boot
34,0.524,18.975,52.7,16263,69721,0,16224,12100,0,0,43,30.00,16.50,18.00,12.6,boot
35,0.543,21.176,47.2,16269,69744,0,16230,12105,0,0,43,30.00,16.50,18.00,13.0,boot
36,0.564,17.738,56.4,16282,69807,0,16243,12116,0,0,43,30.00,16.50,18.00,13.5,boot
37,0.582,17.136,58.4,16286,69825,0,16247,12118,0,0,43,30.00,16.50,18.00,14.0,boot
38,0.599,12.135,82.4,16290,69861,0,16251,12126,0,0,43,30.00,16.50,18.00,14.4,boot
39,0.611,13.395,74.7,16293,69871,0,16254,12127,0,0,43,30.00,16.50,18.00,14.7,boot
40,0.625,16.446,60.8,16304,69934,0,16265,12137,0,0,43,30.00,16.50,18.00,15.0,boot
41,0.641,16.823,59.4,16303,69933,0,16264,12134,0,0,43,30.00,16.50,18.00,15.4,boot
42,0.658,17.076,58.6,16314,69991,0,16275,12145,0,0,43,30.00,16.50,18.00,15.8,boot
43,0.675,19.514,51.2,16322,70033,0,16283,12149,0,0,43,30.00,16.50,18.00,16.2,boot
44,0.694,13.600,73.5,16333,70083,0,16294,12158,0,0,43,30.00,16.50,18.00,16.7,boot
45,0.708,17.182,58.2,16328,70064,0,16289,12150,0,0,43,30.00,16.50,18.00,17.0,boot
46,0.725,15.858,63.1,16342,70132,0,16303,12162,0,0,43,30.00,16.50,18.00,17.4,boot
47,0.741,17.190,58.2,16351,70175,0,16312,12169,0,0,43,30.00,16.50,18.00,17.8,boot
48,0.758,15.876,63.0,16358,70208,0,16319,12174,0,0,43,30.00,16.50,18.00,18.2,boot
49,0.774,17.265,57.9,16367,70252,0,16328,12182,0,0,43,30.00,16.50,18.00,18.6,boot
50,0.791,16.881,59.2,16382,70324,0,16343,12194,0,0,43,30.00,16.50,18.00,19.0,boot
51,0.808,17.525,57.1,16383,70329,0,16344,12195,0,0,43,30.00,16.50,18.00,19.4,boot
52,0.826,14.281,70.0,16396,70391,0,16357,12205,0,0,43,30.00,16.50,18.00,19.8,boot
53,0.840,16.509,60.6,16401,70413,0,16362,12207,0,0,43,30.00,16.50,18.00,20.2,boot
54,0.857,16.874,59.3,16410,70461,0,16371,12216,0,0,43,30.00,16.50,18.00,20.6,boot
55,0.874,17.572,56.9,16416,70488,0,16377,12219,0,0,43,30.00,16.50,18.00,21.0,boot
56,0.891,16.276,61.4,16427,70543,0,16388,12230,0,0,43,30.00,16.50,18.00,21.4,boot
57,0.908,17.426,57.4,16433,70569,0,16394,12232,0,0,43,30.00,16.50,18.00,21.8,boot
58,0.925,15.165,65.9,16451,70641,0,16412,12244,0,0,43,30.00,16.50,18.00,22.2,boot
59,0.940,16.531,60.5,16456,70662,0,16417,12245,0,0,43,30.00,16.50,18.00,22.6,boot
60,0.957,16.800,59.5,16464,70701,0,16425,12252,0,0,43,30.00,16.50,18.00,23.0,boot
61,0.973,16.871,59.3,16483,70794,0,16444,12269,0,0,43,30.00,16.50,18.00,23.4,boot
62,0.990,16.255,61.5,16481,70783,0,16442,12266,0,0,43,30.00,16.50,18.00,23.8,boot
63,1.007,16.439,60.8,16488,70823,0,16449,12272,0,0,43,30.00,16.50,18.00,24.2,boot
64,1.023,17.765,56.3,16499,70876,0,16460,12281,0,0,43,30.00,16.50,18.00,24.6,boot
65,1.041,17.037,58.7,16500,70882,0,16461,12280,0,0,43,30.00,16.50,18.00,25.0,boot
66,1.058,16.201,61.7,16518,70973,0,16479,12296,0,0,43,30.00,16.50,18.00,25.4,boot
67,1.074,17.438,57.3,16517,70966,0,16478,12293,0,0,43,30.00,16.50,18.00,25.8,boot
68,1.092,16.712,59.8,16537,71066,0,16498,12310,0,0,43,30.00,16.50,18.00,26.2,boot
69,1.108,16.841,59.4,16538,71076,0,16499,12310,0,0,43,30.00,16.50,18.00,26.6,boot
70,1.125,16.594,60.3,16540,71104,0,16501,12318,0,0,43,30.00,16.50,18.00,27.0,boot
71,1.142,16.624,60.2,16552,71166,0,16513,12326,0,0,43,30.00,16.50,18.00,27.4,boot
72,1.158,17.167,58.3,16568,71250,0,16529,12340,0,0,43,30.00,16.50,18.00,27.8,boot
73,1.175,15.925,62.8,16581,71303,0,16542,12347,0,0,43,30.00,16.50,18.00,28.2,boot
74,1.191,16.664,60.0,16586,71328,0,16547,12349,0,0,43,30.00,16.50,18.00,28.6,boot
75,1.208,15.861,63.0,16595,71378,0,16556,12357,0,0,43,30.00,16.50,18.00,29.0,boot
76,1.224,17.284,57.9,16605,71429,0,16566,12365,0,0,43,30.00,16.50,18.00,29.4,boot
77,1.241,16.838,59.4,16636,71587,0,16597,12396,0,0,43,30.00,16.50,18.00,29.8,boot
78,1.258,19.416,51.5,16638,71618,0,16599,12404,0,0,43,30.00,16.50,18.00,30.2,boot
79,1.278,40.684,24.6,16625,71556,0,16586,12391,0,0,43,30.00,16.50,18.00,30.7,boot
80,1.318,20.057,49.9,16654,71699,0,16615,12412,0,0,43,30.00,16.50,18.00,31.6,boot
81,1.338,8.752,114.3,16662,71742,0,16623,12417,0,0,43,30.00,16.50,18.00,32.1,boot
82,1.347,8.820,113.4,16666,71762,0,16627,12421,0,0,43,30.00,16.50,18.00,32.3,boot
83,1.356,9.629,103.9,16675,71806,0,16636,12429,0,0,43,30.00,16.50,18.00,32.5,boot
84,1.366,13.471,74.2,16685,71859,0,16646,12439,0,0,43,30.00,16.50,18.00,32.8,boot
85,1.379,17.883,55.9,16685,71861,0,16646,12438,0,0,43,30.00,16.50,18.00,33.1,boot
86,1.397,11.518,86.8,16703,71953,0,16664,12455,0,0,43,30.00,16.50,18.00,33.5,boot
87,1.408,19.709,50.7,16717,72005,0,16678,12463,0,0,43,30.00,16.50,18.00,33.8,boot
88,1.428,13.144,76.1,16728,72053,0,16689,12473,0,0,43,30.00,16.50,18.00,34.3,boot
89,1.441,15.918,62.8,16733,72074,0,16694,12477,0,0,43,30.00,16.50,18.00,34.6,boot
90,1.457,17.431,57.4,16748,72148,0,16709,12491,0,0,43,30.00,16.50,18.00,35.0,boot
91,1.475,16.125,62.0,16761,72215,0,16722,12503,0,0,43,30.00,16.50,18.00,35.4,boot
92,1.491,16.317,61.3,16773,72267,0,16734,12513,0,0,43,30.00,16.50,18.00,35.8,boot
93,1.507,16.919,59.1,16771,72256,0,16732,12510,0,0,43,30.00,16.50,18.00,36.2,boot
94,1.524,16.780,59.6,16817,72470,0,16778,12549,0,0,43,30.00,16.50,18.00,36.6,boot
95,1.541,18.053,55.4,16811,72435,0,16772,12541,0,0,43,30.00,16.50,18.00,37.0,boot
96,1.559,15.212,65.7,16824,72491,0,16785,12554,0,0,43,30.00,16.50,18.00,37.4,boot
97,1.574,17.037,58.7,16842,72577,0,16803,12571,0,0,43,30.00,16.50,18.00,37.8,boot
98,1.591,16.458,60.8,16850,72606,0,16811,12577,0,0,43,30.00,16.50,18.00,38.2,boot
99,1.608,16.244,61.6,16865,72675,0,16826,12592,0,0,43,30.00,16.50,18.00,38.6,boot
100,1.624,17.709,56.5,16882,72759,0,16843,12608,0,0,43,30.00,16.50,18.00,39.0,boot
101,1.642,16.166,61.9,16891,72799,0,16852,12615,0,0,43,30.00,16.50,18.00,39.4,boot
102,1.658,17.415,57.4,16906,72868,0,16867,12630,0,0,43,30.00,16.50,18.00,39.8,boot
103,1.675,17.290,57.8,16912,72894,0,16873,12635,0,0,43,30.00,16.50,18.00,40.2,boot
104,1.692,17.293,57.8,16932,72994,0,16893,12655,0,0,43,30.00,16.50,18.00,40.6,boot
105,1.710,14.087,71.0,16940,73028,0,16901,12663,0,0,43,30.00,16.50,18.00,41.0,boot
106,1.724,16.106,62.1,16951,73078,0,16912,12672,0,0,43,30.00,16.50,18.00,41.4,boot
107,1.740,17.096,58.5,16958,73131,0,16919,12685,0,0,43,30.00,16.50,18.00,41.8,boot
108,1.757,17.553,57.0,16971,73196,0,16932,12698,0,0,43,30.00,16.50,18.00,42.2,boot
109,1.775,16.226,61.6,16989,73282,0,16950,12715,0,0,43,30.00,16.50,18.00,42.6,boot
110,1.791,16.225,61.6,16996,73320,0,16957,12722,0,0,43,30.00,16.50,18.00,43.0,boot
111,1.807,17.401,57.5,17005,73367,0,16966,12730,0,0,43,30.00,16.50,18.00,43.4,boot
112,1.825,61.581,16.2,17026,73475,0,16987,12751,0,0,43,30.00,16.50,18.00,43.8,boot
113,1.886,10.553,94.8,17063,73670,0,17024,12786,0,0,43,30.00,16.50,18.00,45.3,boot
114,1.897,31.305,31.9,17069,73703,0,17030,12792,0,0,43,30.00,16.50,18.00,45.5,boot
115,1.928,9.905,101.0,17098,73853,0,17059,12820,0,0,43,30.00,16.50,18.00,46.3,boot
116,1.938,17.421,57.4,17101,73868,0,17062,12823,0,0,43,30.00,16.50,18.00,46.5,boot
117,1.955,16.561,60.4,17114,73939,0,17075,12836,0,0,43,30.00,16.50,18.00,46.9,boot
118,1.972,17.482,57.2,17117,73972,0,17078,12845,0,0,43,30.00,16.50,18.00,47.3,boot
119,1.989,15.668,63.8,17133,74054,0,17094,12860,0,0,43,30.00,16.50,18.00,47.7,boot
120,2.005,16.918,59.1,17142,74101,0,17103,12868,0,0,43,30.00,16.50,18.00,48.1,boot
121,2.022,16.445,60.8,17154,74163,0,17115,12879,0,0,43,30.00,16.50,18.00,48.5,boot
122,2.038,18.229,54.9,17171,74251,0,17132,12896,0,0,43,30.00,16.50,18.00,48.9,boot
123,2.057,15.781,63.4,17180,74299,0,17141,12905,0,0,43,30.00,16.50,18.00,49.4,boot
124,2.072,19.392,51.6,17196,74379,0,17157,12921,0,0,43,30.00,16.50,18.00,49.7,boot
125,2.092,20.928,47.8,17204,74422,0,17165,12929,0,0,43,30.00,16.50,18.00,50.2,boot
126,2.113,9.784,102.2,17218,74513,0,17179,12949,0,0,43,30.00,16.50,18.00,50.7,boot
127,2.123,16.086,62.2,17214,74496,0,17175,12945,0,0,43,30.00,16.50,18.00,50.9,boot
128,2.139,17.972,55.6,17236,74612,0,17197,12967,0,0,43,30.00,16.50,18.00,51.3,boot
129,2.157,18.616,53.7,17237,74616,0,17198,12967,0,0,43,30.00,16.50,18.00,51.8,boot
130,2.175,13.646,73.3,17263,74751,0,17224,12992,0,0,43,30.00,16.50,18.00,52.2,boot
131,2.189,19.376,51.6,17268,74776,0,17229,12997,0,0,43,30.00,16.50,18.00,52.5,boot
132,2.208,15.546,64.3,17286,74866,0,17247,13015,0,0,43,30.00,16.50,18.00,53.0,boot
133,2.224,18.528,54.0,17322,75043,0,17283,13051,0,0,43,30.00,16.50,18.00,53.4,boot
134,2.242,16.482,60.7,17273,74795,0,17234,13002,0,0,43,30.00,16.50,18.00,53.8,boot
135,2.259,15.660,63.9,17317,75021,0,17278,13046,0,0,43,30.00,16.50,18.00,54.2,boot
136,2.275,16.149,61.9,17335,75108,0,17296,13064,0,0,43,30.00,16.50,18.00,54.6,boot
137,2.291,16.558,60.4,17339,75125,0,17300,13068,0,0,43,30.00,16.50,18.00,55.0,boot
138,2.307,16.657,60.0,17361,75235,0,17322,13090,0,0,43,30.00,16.50,18.00,55.4,boot
139,2.324,16.751,59.7,17374,75294,0,17335,13103,0,0,43,30.00,16.50,18.00,55.8,boot
140,2.341,16.336,61.2,17386,75354,0,17347,13115,0,0,43,30.00,16.50,18.00,56.2,boot
141,2.357,19.247,52.0,17390,75374,0,17351,13119,0,0,43,30.00,16.50,18.00,56.6,boot
142,2.376,14.405,69.4,17411,75475,0,17372,13139,0,0,43,30.00,16.50,18.00,57.0,boot
143,2.391,16.686,59.9,17420,75517,0,17381,13148,0,0,43,30.00,16.50,18.00,57.4,boot
144,2.407,16.409,60.9,17431,75569,0,17392,13159,0,0,43,30.00,16.50,18.00,57.8,boot
145,2.424,17.248,58.0,17446,75635,0,17407,13174,0,0,43,30.00,16.50,18.00,58.2,boot
146,2.441,16.127,62.0,17464,75731,0,17425,13192,0,0,43,30.00,16.50,18.00,58.6,boot
147,2.457,16.896,59.2,17474,75787,0,17435,13202,0,0,43,30.00,16.50,18.00,59.0,boot
148,2.474,17.400,57.5,17487,75852,0,17448,13215,0,0,43,30.00,16.50,18.00,59.4,boot
149,2.492,23.604,42.4,17514,75989,0,17475,13241,0,0,43,30.00,16.50,18.00,59.8,boot
150,2.515,18.929,52.8,17526,76054,0,17487,13252,0,0,43,30.00,16.50,18.00,60.4,boot
151,2.534,16.410,60.9,17537,76112,0,17498,13263,0,0,43,30.00,16.50,18.00,60.8,boot
152,2.551,9.396,106.4,17546,76158,0,17507,13273,0,0,43,30.00,16.50,18.00,61.2,boot
153,2.560,14.266,70.1,17555,76206,0,17516,13282,0,0,43,30.00,16.50,18.00,61.4,boot
154,2.574,16.654,60.0,17562,76238,0,17523,13289,0,0,43,30.00,16.50,18.00,61.8,boot
155,2.591,21.779,45.9,17577,76310,0,17538,13304,0,0,43,30.00,16.50,18.00,62.2,boot
156,2.613,15.102,66.2,17598,76412,0,17559,13325,0,0,43,30.00,16.50,18.00,62.7,boot
157,2.628,13.791,72.5,17604,76442,0,17565,13331,0,0,43,30.00,16.50,18.00,63.1,boot
158,2.642,24.118,41.5,17624,76554,0,17585,13351,0,0,43,30.00,16.50,18.00,63.4,boot
159,2.666,18.580,53.8,17630,76584,0,17591,13357,0,0,43,30.00,16.50,18.00,64.0,boot
160,2.684,9.790,102.1,17647,76675,0,17608,13374,0,0,43,30.00,16.50,18.00,64.4,boot
161,2.694,15.129,66.1,17649,76685,0,17610,13376,0,0,43,30.00,16.50,18.00,64.7,boot
162,2.709,35.205,28.4,17655,76721,0,17616,13382,0,0,43,30.00,16.50,18.00,65.0,boot
163,2.744,12.863,77.7,17657,76734,0,17618,13384,0,0,43,30.00,16.50,18.00,65.9,boot
164,2.757,17.048,58.7,17724,77075,0,17685,13451,0,0,43,30.00,16.50,18.00,66.2,boot
165,2.774,16.375,61.1,17692,76914,0,17653,13418,0,0,43,30.00,16.50,18.00,66.6,boot
166,2.791,17.325,57.7,17665,76776,0,17626,13391,0,0,43,30.00,16.50,18.00,67.0,boot
167,2.808,16.118,62.0,17707,76989,0,17668,13433,0,0,43,30.00,16.50,18.00,67.4,boot
168,2.824,23.753,42.1,17695,76929,0,17656,13421,0,0,43,30.00,16.50,18.00,67.8,boot
169,2.848,16.359,61.1,17719,77025,0,17680,13433,0,0,43,30.00,16.50,18.00,68.4,boot
170,2.864,16.677,60.0,17721,77035,0,17682,13435,0,0,43,30.00,16.50,18.00,68.7,boot
171,2.881,13.833,72.3,17739,77110,0,17700,13447,0,0,43,30.00,16.50,18.00,69.1,boot
172,2.895,12.765,78.3,17735,77087,0,17696,13443,0,0,43,30.00,16.50,18.00,69.5,boot
173,2.908,21.043,47.5,17742,77122,0,17703,13450,0,0,43,30.00,16.50,18.00,69.8,boot
174,2.929,12.189,82.0,17749,77148,0,17710,13457,0,0,43,30.00,16.50,18.00,70.3,boot
175,2.941,17.001,58.8,17755,77179,0,17716,13464,0,0,43,30.00,16.50,18.00,70.6,boot
176,2.958,15.685,63.8,17752,77165,0,17713,13462,0,0,43,30.00,16.50,18.00,71.0,boot
177,2.974,18.144,55.1,17766,77233,0,17727,13477,0,0,43,30.00,16.50,18.00,71.4,boot
178,2.992,15.463,64.7,17773,77274,0,17734,13484,0,0,43,30.00,16.50,18.00,71.8,boot
179,3.007,17.069,58.6,17777,77294,0,17738,13488,0,0,43,30.00,16.50,18.00,72.2,boot
180,3.024,16.516,60.5,17786,77342,0,17747,13497,0,0,43,30.00,16.50,18.00,72.6,boot
181,3.041,22.240,45.0,17790,77359,0,17751,13501,0,0,43,30.00,16.50,18.00,73.0,boot
182,3.063,12.542,79.7,17796,77392,0,17757,13507,0,0,43,30.00,16.50,18.00,73.5,boot
183,3.076,15.769,63.4,17804,77432,0,17765,13515,0,0,43,30.00,16.50,18.00,73.8,boot
184,3.091,16.343,61.2,17807,77448,0,17768,13519,0,0,43,30.00,16.50,18.00,74.2,boot
185,3.108,17.505,57.1,17814,77483,0,17775,13526,0,0,43,30.00,16.50,18.00,74.6,boot
186,3.125,17.686,56.5,17823,77522,0,17784,13535,0,0,43,30.00,16.50,18.00,75.0,boot
187,3.143,16.479,60.7,17831,77559,0,17792,13543,0,0,43,30.00,16.50,18.00,75.4,boot
188,3.160,17.142,58.3,17838,77585,0,17799,13550,0,0,43,30.00,16.50,18.00,75.8,boot
189,3.177,16.156,61.9,17842,77607,0,17803,13556,0,0,43,30.00,16.50,18.00,76.2,boot
190,3.193,14.915,67.0,17847,77635,0,17808,13561,0,0,43,30.00,16.50,18.00,76.6,boot
191,3.208,17.520,57.1,17869,77751,0,17830,13583,0,0,43,30.00,16.50,18.00,77.0,boot
192,3.225,16.967,58.9,17871,77767,0,17832,13585,0,0,43,30.00,16.50,18.00,77.4,boot
193,3.242,14.755,67.8,17876,77793,0,17837,13591,0,0,43,30.00,16.50,18.00,77.8,boot
194,3.257,17.940,55.7,17881,77821,0,17842,13596,0,0,43,30.00,16.50,18.00,78.2,boot
195,3.275,16.371,61.1,17889,77862,0,17850,13605,0,0,43,30.00,16.50,18.00,78.6,boot
196,3.291,16.190,61.8,17894,77892,0,17855,13612,0,0,43,30.00,16.50,18.00,79.0,boot
197,3.308,16.384,61.0,17906,77958,0,17867,13624,0,0,43,30.00,16.50,18.00,79.4,boot
198,3.324,16.785,59.6,17913,77993,0,17874,13631,0,0,43,30.00,16.50,18.00,79.8,boot
199,3.341,16.633,60.1,17926,78061,0,17887,13644,0,0,43,30.00,16.50,18.00,80.2,boot
200,3.357,20.508,48.8,17933,78100,0,17894,13652,0,0,43,30.00,16.50,18.00,80.6,boot
201,3.378,13.235,75.6,17937,78121,0,17898,13657,0,0,43,30.00,16.50,18.00,81.1,boot
202,3.391,16.575,60.3,17949,78187,0,17910,13669,0,0,43,30.00,16.50,18.00,81.4,boot
203,3.408,17.670,56.6,17960,78249,0,17921,13681,0,0,43,30.00,16.50,18.00,81.8,boot
204,3.425,20.060,49.9,17965,78275,0,17926,13687,0,0,43,30.00,16.50,18.00,82.2,boot
205,3.445,12.443,80.4,17971,78307,0,17932,13695,0,0,43,30.00,16.50,18.00,82.7,boot
206,3.458,16.256,61.5,17975,78330,0,17936,13699,0,0,43,30.00,16.50,18.00,83.0,boot
207,3.474,16.957,59.0,17990,78410,0,17951,13716,0,0,43,30.00,16.50,18.00,83.4,boot
208,3.491,18.570,53.9,17981,78366,0,17942,13708,0,0,43,30.00,16.50,18.00,83.8,boot
209,3.510,14.682,68.1,17995,78438,0,17956,13724,0,0,43,30.00,16.50,18.00,84.2,boot
210,3.524,16.553,60.4,18007,78501,0,17968,13736,0,0,43,30.00,16.50,18.00,84.6,boot
211,3.541,18.903,52.9,18005,78513,0,17966,13741,0,0,43,30.00,16.50,18.00,85.0,boot
212,3.560,22.977,43.5,18011,78535,0,17972,13748,0,0,43,30.00,16.50,18.00,85.4,boot
213,3.583,17.591,56.8,18021,78587,0,17982,13760,0,0,43,30.00,16.50,18.00,86.0,boot
214,3.600,9.814,101.9,18028,78608,0,17989,13762,0,0,43,30.00,16.50,18.00,86.4,boot
215,3.610,15.358,65.1,18033,78634,0,17994,13768,0,0,43,30.00,16.50,18.00,86.6,boot
216,3.626,14.928,67.0,18034,78637,0,17995,13770,0,0,43,30.00,16.50,18.00,87.0,boot
217,3.641,16.917,59.1,18029,78610,0,17990,13766,0,0,43,30.00,16.50,18.00,87.4,boot
218,3.658,19.556,51.1,18029,78599,0,17990,13767,0,0,43,30.00,16.50,18.00,87.8,boot
219,3.677,14.407,69.4,18036,78637,0,17997,13774,0,0,43,30.00,16.50,18.00,88.2,boot
220,3.691,17.190,58.2,18041,78662,0,18002,13779,0,0,43,30.00,16.50,18.00,88.6,boot
221,3.709,16.726,59.8,18044,78678,0,18005,13783,0,0,43,30.00,16.50,18.00,89.0,boot
222,3.725,16.360,61.1,18030,78608,0,17991,13769,0,0,43,30.00,16.50,18.00,89.4,boot
223,3.742,16.096,62.1,18012,78519,0,17973,13752,0,0,43,30.00,16.50,18.00,89.8,boot
224,3.758,17.016,58.8,18009,78504,0,17970,13749,0,0,43,30.00,16.50,18.00,90.2,boot
225,3.775,15.945,62.7,18024,78585,0,17985,13764,0,0,43,30.00,16.50,18.00,90.6,boot
226,3.791,16.966,58.9,18035,78640,0,17996,13775,0,0,43,30.00,16.50,18.00,91.0,boot
227,3.808,17.171,58.2,18025,78599,0,17986,13768,0,0,43,30.00,16.50,18.00,91.4,boot
228,3.825,18.474,54.1,18005,78502,0,17966,13754,0,0,43,30.00,16.50,18.00,91.8,boot
229,3.844,14.237,70.2,17995,78455,0,17956,13747,0,0,43,30.00,16.50,18.00,92.2,boot
230,3.858,16.085,62.2,17995,78461,0,17956,13750,0,0,43,30.00,16.50,18.00,92.6,boot
231,3.874,17.358,57.6,17989,78430,0,17950,13746,0,0,43,30.00,16.50,18.00,93.0,boot
232,3.891,15.976,62.6,17981,78386,0,17942,13740,0,0,43,30.00,16.50,18.00,93.4,boot
233,3.907,16.985,58.9,17975,78353,0,17936,13734,0,0,43,30.00,16.50,18.00,93.8,boot
234,3.924,16.586,60.3,17971,78330,0,17932,13730,0,0,43,30.00,16.50,18.00,94.2,boot
235,3.941,17.548,57.0,17960,78290,0,17921,13725,0,0,43,30.00,16.50,18.00,94.6,boot
236,3.958,16.266,61.5,17948,78229,0,17909,13715,0,0,43,30.00,16.50,18.00,95.0,boot
237,3.975,16.636,60.1,17942,78200,0,17903,13710,0,0,43,30.00,16.50,18.00,95.4,boot
238,3.991,16.380,61.0,17926,78121,0,17887,13695,0,0,43,30.00,16.50,18.00,95.8,boot
239,4.008,16.550,60.4,17924,78112,0,17885,13694,0,0,43,30.00,16.50,18.00,96.2,boot
240,4.024,16.690,59.9,17915,78068,0,17876,13686,0,0,43,30.00,16.50,18.00,96.6,boot
241,4.041,18.322,54.6,17893,77960,0,17854,13666,0,0,43,30.00,16.50,18.00,97.0,boot
242,4.059,15.825,63.2,17879,77892,0,17840,13654,0,0,43,30.00,16.50,18.00,97.4,boot
243,4.075,17.597,56.8,17868,77837,0,17829,13646,0,0,43,30.00,16.50,18.00,97.8,boot
244,4.093,15.962,62.6,17855,77773,0,17816,13634,0,0,43,30.00,16.50,18.00,98.2,boot
245,4.109,16.702,59.9,17847,77735,0,17808,13628,0,0,43,30.00,16.50,18.00,98.6,boot
246,4.125,16.530,60.5,17830,77652,0,17791,13613,0,0,43,30.00,16.50,18.00,99.0,boot
247,4.142,16.526,60.5,17817,77589,0,17778,13602,0,0,43,30.00,16.50,18.00,99.4,boot
248,4.158,19.551,51.1,17801,77516,0,17762,13590,0,0,43,30.00,16.50,18.00,99.8,boot
249,4.178,14.172,70.6,17783,77431,0,17744,13574,0,0,43,30.00,16.50,18.00,100.3,boot
250,4.192,17.015,58.8,17778,77406,0,17739,13569,0,0,43,30.00,16.50,18.00,100.6,boot
251,4.209,14.775,67.7,17764,77342,0,17725,13558,0,0,43,30.00,16.50,18.00,101.0,boot
252,4.224,17.421,57.4,17753,77288,0,17714,13548,0,0,43,30.00,16.50,18.00,101.4,boot
253,4.241,16.763,59.7,17737,77210,0,17698,13534,0,0,43,30.00,16.50,18.00,101.8,boot
254,4.258,18.132,55.2,17719,77118,0,17680,13517,0,0,43,30.00,16.50,18.00,102.2,boot
255,4.276,15.709,63.7,17720,77128,0,17681,13523,0,0,43,30.00,16.50,18.00,102.6,boot
256,4.292,15.558,64.3,17696,77000,0,17657,13500,0,0,43,30.00,16.50,18.00,103.0,boot
257,4.308,16.451,60.8,17680,76924,0,17641,13488,0,0,43,30.00,16.50,18.00,103.4,boot
258,4.324,16.652,60.1,17665,76850,0,17626,13474,0,0,43,30.00,16.50,18.00,103.8,boot
259,4.341,16.464,60.7,17663,76841,0,17624,13473,0,0,43,30.00,16.50,18.00,104.2,boot
260,4.357,19.251,51.9,17640,76728,0,17601,13455,0,0,43,30.00,16.50,18.00,104.6,boot
261,4.376,15.073,66.3,17635,76701,0,17596,13451,0,0,43,30.00,16.50,18.00,105.0,boot
262,4.392,16.698,59.9,17620,76630,0,17581,13440,0,0,43,30.00,16.50,18.00,105.4,boot
263,4.408,15.928,62.8,17613,76602,0,17574,13434,0,0,43,30.00,16.50,18.00,105.8,boot
264,4.424,16.394,61.0,17603,76552,0,17564,13427,0,0,43,30.00,16.50,18.00,106.2,boot
265,4.441,18.370,54.4,17599,76541,0,17560,13426,0,0,43,30.00,16.50,18.00,106.6,boot
266,4.459,14.972,66.8,17597,76539,0,17558,13426,0,0,43,30.00,16.50,18.00,107.0,boot
267,4.474,16.725,59.8,17578,76455,0,17539,13409,0,0,43,30.00,16.50,18.00,107.4,boot
268,4.491,18.111,55.2,17583,76488,0,17544,13416,0,0,43,30.00,16.50,18.00,107.8,boot
269,4.509,15.962,62.6,17569,76416,0,17530,13406,0,0,43,30.00,16.50,18.00,108.2,boot
270,4.525,16.144,61.9,17556,76356,0,17517,13398,0,0,43,30.00,16.50,18.00,108.6,boot
271,4.541,17.631,56.7,17565,76400,0,17526,13406,0,0,43,30.00,16.50,18.00,109.0,boot
272,4.559,15.966,62.6,17558,76367,0,17519,13401,0,0,43,30.00,16.50,18.00,109.4,boot
273,4.575,16.837,59.4,17550,76332,0,17511,13398,0,0,43,30.00,16.50,18.00,109.8,boot
274,4.591,31.739,31.5,17548,76320,0,17509,13397,0,0,43,30.00,16.50,18.00,110.2,boot
275,4.623,15.272,65.5,17539,76277,0,17500,13393,0,0,43,30.00,16.50,18.00,111.0,boot
276,4.638,14.385,69.5,17538,76271,0,17499,13394,0,0,43,30.00,16.50,18.00,111.3,boot
277,4.653,22.075,45.3,17535,76257,0,17496,13395,0,0,43,30.00,16.50,18.00,111.7,boot
278,4.675,16.026,62.4,17540,76263,0,17501,13396,0,0,43,30.00,16.50,18.00,112.2,boot
279,4.691,18.138,55.1,17543,76266,0,17504,13396,0,0,43,30.00,16.50,18.00,112.6,boot
280,4.709,14.201,70.4,17565,76375,0,17526,13417,0,0,43,30.00,16.50,18.00,113.0,boot
281,4.723,17.433,57.4,17531,76212,0,17492,13387,0,0,43,30.00,16.50,18.00,113.4,boot
282,4.741,19.188,52.1,17573,76426,0,17534,13433,0,0,43,30.00,16.50,18.00,113.8,boot
283,4.760,21.973,45.5,17589,76517,0,17550,13455,0,0,43,30.00,16.50,18.00,114.2,boot
284,4.782,10.442,95.8,17596,76555,0,17557,13462,0,0,43,30.00,16.50,18.00,114.8,boot
285,4.792,14.057,71.1,17617,76660,0,17578,13483,0,0,43,30.00,16.50,18.00,115.0,boot
286,4.806,17.856,56.0,17610,76618,0,17571,13476,0,0,43,30.00,16.50,18.00,115.4,boot
287,4.824,17.573,56.9,17631,76723,0,17592,13498,0,0,43,30.00,16.50,18.00,115.8,boot
288,4.842,14.085,71.0,17637,76753,0,17598,13507,0,0,43,30.00,16.50,18.00,116.2,boot
289,4.856,16.830,59.4,17661,76871,0,17622,13529,0,0,43,30.00,16.50,18.00,116.5,boot
290,4.873,16.511,60.6,17674,76942,0,17635,13545,0,0,43,30.00,16.50,18.00,116.9,boot
291,4.889,16.926,59.1,17688,77008,0,17649,13556,0,0,43,30.00,16.50,18.00,117.3,boot
292,4.906,17.151,58.3,17695,77043,0,17656,13563,0,0,43,30.00,16.50,18.00,117.7,boot
293,4.923,17.100,58.5,17680,76976,0,17641,13556,0,0,43,30.00,16.50,18.00,118.2,boot
294,4.941,17.430,57.4,17682,76984,0,17643,13556,0,0,43,30.00,16.50,18.00,118.6,boot
295,4.958,16.983,58.9,17690,77014,0,17651,13558,0,0,43,30.00,16.50,18.00,119.0,boot
296,4.975,16.145,61.9,17706,77092,0,17667,13572,0,0,43,30.00,16.50,18.00,119.4,boot
297,4.991,16.129,62.0,17715,77132,0,17676,13576,0,0,43,30.00,16.50,18.00,119.8,boot
298,5.007,16.239,61.6,17714,77133,0,17675,13581,0,0,43,30.00,16.50,18.00,120.2,boot
299,5.023,17.409,57.4,17692,77025,0,17653,13561,0,0,43,30.00,16.50,18.00,120.6,boot
300,5.041,23.208,43.1,17682,76975,0,17643,13551,0,0,43,30.00,16.50,18.00,121.0,boot
301,5.064,12.171,82.2,17645,76821,0,17606,13525,0,0,43,30.00,16.50,18.00,121.5,boot
302,5.076,16.126,62.0,17630,76749,0,17591,13513,0,0,43,30.00,16.50,18.00,121.8,boot
303,5.092,15.857,63.1,17603,76616,0,17564,13488,0,0,43,30.00,16.50,18.00,122.2,boot
304,5.108,16.649,60.1,17578,76493,0,17539,13465,0,0,43,30.00,16.50,18.00,122.6,boot
305,5.125,16.695,59.9,17565,76429,0,17526,13453,0,0,43,30.00,16.50,18.00,123.0,boot
306,5.142,16.338,61.2,17536,76285,0,17497,13425,0,0,43,30.00,16.50,18.00,123.4,boot
307,5.158,18.473,54.1,17529,76249,0,17490,13418,0,0,43,30.00,16.50,18.00,123.8,boot
308,5.177,16.654,60.0,17507,76138,0,17468,13395,0,0,43,30.00,16.50,18.00,124.2,boot
309,5.193,15.980,62.6,17492,76062,0,17453,13381,0,0,43,30.00,16.50,18.00,124.6,boot
310,5.209,15.320,65.3,17470,75935,0,17431,13354,0,0,43,30.00,16.50,18.00,125.0,boot
311,5.224,16.747,59.7,17456,75866,0,17417,13341,0,0,43,30.00,16.50,18.00,125.4,boot
312,5.241,16.983,58.9,17428,75726,0,17389,13313,0,0,43,30.00,16.50,18.00,125.8,boot
313,5.258,16.883,59.2,17385,75527,0,17346,13276,0,0,43,30.00,16.50,18.00,126.2,boot
314,5.275,17.222,58.1,17398,75611,0,17359,13296,0,0,43,30.00,16.50,18.00,126.6,boot
315,5.292,15.231,65.7,17362,75434,0,17323,13263,0,0,43,30.00,16.50,18.00,127.0,boot
316,5.308,16.637,60.1,17348,75360,0,17309,13248,0,0,43,30.00,16.50,18.00,127.4,boot
317,5.324,16.501,60.6,17321,75225,0,17282,13224,0,0,43,30.00,16.50,18.00,127.8,boot
318,5.341,17.097,58.5,17301,75116,0,17262,13204,0,0,43,30.00,16.50,18.00,128.2,boot
319,5.358,16.567,60.4,17287,75046,0,17248,13190,0,0,43,30.00,16.50,18.00,128.6,boot
320,5.374,16.385,61.0,17262,74917,0,17223,13167,0,0,43,30.00,16.50,18.00,129.0,boot
321,5.391,17.000,58.8,17250,74853,0,17211,13154,0,0,43,30.00,16.50,18.00,129.4,boot
322,5.408,16.537,60.5,17226,74728,0,17187,13131,0,0,43,30.00,16.50,18.00,129.8,boot
323,5.424,15.984,62.6,17209,74644,0,17170,13115,0,0,43,30.00,16.50,18.00,130.2,boot
324,5.440,16.821,59.4,17188,74539,0,17149,13094,0,0,43,30.00,16.50,18.00,130.6,boot
325,5.457,16.428,60.9,17160,74397,0,17121,13067,0,0,43,30.00,16.50,18.00,131.0,boot
326,5.474,17.628,56.7,17150,74350,0,17111,13057,0,0,43,30.00,16.50,18.00,131.4,boot
327,5.491,16.040,62.3,17126,74233,0,17087,13033,0,0,43,30.00,16.50,18.00,131.8,boot
328,5.507,16.724,59.8,17106,74135,0,17067,13015,0,0,43,30.00,16.50,18.00,132.2,boot
329,5.524,17.252,58.0,17086,74035,0,17047,12995,0,0,43,30.00,16.50,18.00,132.6,boot
330,5.541,15.998,62.5,17063,73923,0,17024,12972,0,0,43,30.00,16.50,18.00,133.0,boot
331,5.557,18.426,54.3,17051,73862,0,17012,12959,0,0,43,30.00,16.50,18.00,133.4,boot
332,5.576,15.551,64.3,17038,73797,0,16999,12946,0,0,43,30.00,16.50,18.00,133.8,boot
333,5.591,16.776,59.6,17024,73730,0,16985,12932,0,0,43,30.00,16.50,18.00,134.2,boot
334,5.608,17.701,56.5,17009,73655,0,16970,12917,0,0,43,30.00,16.50,18.00,134.6,boot
335,5.626,15.521,64.4,17007,73645,0,16968,12915,0,0,43,30.00,16.50,18.00,135.0,boot
336,5.641,16.658,60.0,17022,73717,0,16983,12930,0,0,43,30.00,16.50,18.00,135.4,boot
337,5.658,17.780,56.2,17025,73732,0,16986,12933,0,0,43,30.00,16.50,18.00,135.8,boot
338,5.676,16.714,59.8,17036,73793,0,16997,12944,0,0,43,30.00,16.50,18.00,136.2,boot
339,5.693,17.062,58.6,17044,73827,0,17005,12950,0,0,43,30.00,16.50,18.00,136.6,boot
340,5.710,14.560,68.7,17045,73828,0,17006,12950,0,0,43,30.00,16.50,18.00,137.0,boot
341,5.724,17.988,55.6,17055,73875,0,17016,12960,0,0,43,30.00,16.50,18.00,137.4,boot
342,5.742,15.038,66.5,17057,73882,0,17018,12962,0,0,43,30.00,16.50,18.00,137.8,boot
343,5.757,17.788,56.2,17059,73889,0,17020,12964,0,0,43,30.00,16.50,18.00,138.2,boot
344,5.775,15.975,62.6,17053,73855,0,17014,12957,0,0,43,30.00,16.50,18.00,138.6,boot
345,5.791,16.474,60.7,17058,73871,0,17019,12960,0,0,43,30.00,16.50,18.00,139.0,boot
346,5.807,17.608,56.8,17052,73859,0,17013,12960,0,0,43,30.00,16.50,18.00,139.4,boot
347,5.825,16.701,59.9,17045,73824,0,17006,12953,0,0,43,30.00,16.50,18.00,139.8,boot
348,5.842,15.464,64.7,17035,73771,0,16996,12943,0,0,43,30.00,16.50,18.00,140.2,boot
349,5.857,16.680,60.0,17033,73776,0,16994,12947,0,0,43,30.00,16.50,18.00,140.6,boot
350,5.874,16.849,59.4,17026,73737,0,16987,12939,0,0,43,30.00,16.50,18.00,141.0,boot
351,5.891,16.461,60.8,17024,73724,0,16985,12937,0,0,43,30.00,16.50,18.00,141.4,boot
352,5.907,16.772,59.6,17018,73694,0,16979,12931,0,0,43,30.00,16.50,18.00,141.8,boot
353,5.924,17.112,58.4,17024,73702,0,16985,12930,0,0,43,30.00,16.50,18.00,142.2,boot
354,5.941,17.898,55.9,17029,73724,0,16990,12935,0,0,43,30.00,16.50,18.00,142.6,boot
355,5.959,15.613,64.0,17030,73726,0,16991,12934,0,0,43,30.00,16.50,18.00,143.0,boot
356,5.975,16.890,59.2,17016,73647,0,16977,12920,0,0,43,30.00,16.50,18.00,143.4,boot
357,5.992,16.863,59.3,17018,73657,0,16979,12922,0,0,43,30.00,16.50,18.00,143.8,boot
358,6.008,16.002,62.5,17018,73648,0,16979,12922,0,0,43,30.00,16.50,18.00,144.2,boot
359,6.025,16.835,59.4,17016,73634,0,16977,12919,0,0,43,30.00,16.50,18.00,144.6,boot
360,6.041,23.282,43.0,17012,73611,0,16973,12915,0,0,43,30.00,16.50,18.00,145.0,boot
361,6.065,12.959,77.2,17015,73620,0,16976,12918,0,0,43,30.00,16.50,18.00,145.6,boot
362,6.078,23.132,43.2,17006,73574,0,16967,12908,0,0,43,30.00,16.50,18.00,145.9,boot
363,6.101,12.762,78.4,17014,73614,0,16975,12916,0,0,43,30.00,16.50,18.00,146.4,boot
364,6.114,11.947,83.7,17010,73594,0,16971,12912,0,0,43,30.00,16.50,18.00,146.7,boot
365,6.125,16.611,60.2,17007,73582,0,16968,12909,0,0,43,30.00,16.50,18.00,147.0,boot
366,6.142,16.449,60.8,17010,73588,0,16971,12912,0,0,43,30.00,16.50,18.00,147.4,boot
367,6.159,17.559,57.0,17030,73681,0,16991,12931,0,0,43,30.00,16.50,18.00,147.8,boot
368,6.176,18.342,54.5,17046,73755,0,17007,12947,0,0,43,30.00,16.50,18.00,148.2,boot
369,6.194,14.209,70.4,17043,73737,0,17004,12944,0,0,43,30.00,16.50,18.00,148.7,boot
370,6.209,16.306,61.3,17044,73732,0,17005,12944,0,0,43,30.00,16.50,18.00,149.0,boot
371,6.225,16.274,61.4,17069,73854,0,17030,12969,0,0,43,30.00,16.50,18.00,149.4,boot
372,6.241,17.191,58.2,17082,73917,0,17043,12980,0,0,43,30.00,16.50,18.00,149.8,boot
373,6.258,16.320,61.3,17078,73894,0,17039,12976,0,0,43,30.00,16.50,18.00,150.2,boot
374,6.275,17.703,56.5,17096,73984,0,17057,12994,0,0,43,30.00,16.50,18.00,150.6,boot
375,6.293,16.106,62.1,17087,73932,0,17048,12984,0,0,43,30.00,16.50,18.00,151.0,boot
376,6.309,16.734,59.8,17098,73986,0,17059,12994,0,0,43,30.00,16.50,18.00,151.4,boot
377,6.325,15.297,65.4,17111,74050,0,17072,13006,0,0,43,30.00,16.50,18.00,151.8,boot
378,6.341,16.837,59.4,17118,74077,0,17079,13011,0,0,43,30.00,16.50,18.00,152.2,boot
379,6.358,16.734,59.8,17146,74213,0,17107,13036,0,0,43,30.00,16.50,18.00,152.6,boot
380,6.374,16.426,60.9,17172,74337,0,17133,13062,0,0,43,30.00,16.50,18.00,153.0,boot
381,6.391,17.040,58.7,17188,74413,0,17149,13075,0,0,43,30.00,16.50,18.00,153.4,boot
382,6.408,17.415,57.4,17203,74487,0,17164,13089,0,0,43,30.00,16.50,18.00,153.8,boot
383,6.425,15.887,62.9,17212,74533,0,17173,13096,0,0,43,30.00,16.50,18.00,154.2,boot
384,6.441,16.070,62.2,17225,74621,0,17186,13114,0,0,43,30.00,16.50,18.00,154.6,boot
385,6.457,17.025,58.7,17252,74753,0,17213,13141,0,0,43,30.00,16.50,18.00,155.0,boot
386,6.474,18.184,55.0,17282,74904,0,17243,13167,0,0,43,30.00,16.50,18.00,155.4,boot
387,6.492,16.459,60.8,17302,75003,0,17263,13186,0,0,43,30.00,16.50,18.00,155.8,boot
388,6.509,16.471,60.7,17312,75052,0,17273,13195,0,0,43,30.00,16.50,18.00,156.2,boot
389,6.525,20.184,49.5,17344,75203,0,17305,13227,0,0,43,30.00,16.50,18.00,156.6,boot
390,6.546,21.355,46.8,17358,75265,0,17319,13239,0,0,43,30.00,16.50,18.00,157.1,boot
391,6.567,18.066,55.4,17373,75333,0,17334,13253,0,0,43,30.00,16.50,18.00,157.6,boot
392,6.585,9.735,102.7,17404,75484,0,17365,13281,0,0,43,30.00,16.50,18.00,158.0,boot
393,6.595,14.249,70.2,17414,75533,0,17375,13290,0,0,43,30.00,16.50,18.00,158.3,boot
394,6.609,16.517,60.5,17418,75547,0,17379,13294,0,0,43,30.00,16.50,18.00,158.6,boot
395,6.625,21.876,45.7,17426,75586,0,17387,13301,0,0,43,30.00,16.50,18.00,159.0,boot
396,6.647,12.066,82.9,17430,75611,0,17391,13304,0,0,43,30.00,16.50,18.00,159.5,boot
397,6.659,16.524,60.5,17428,75594,0,17389,13301,0,0,43,30.00,16.50,18.00,159.8,boot
398,6.676,16.065,62.2,17431,75629,0,17392,13309,0,0,43,30.00,16.50,18.00,160.2,boot
399,6.692,17.188,58.2,17436,75647,0,17397,13313,0,0,43,30.00,16.50,18.00,160.6,boot
400,6.709,16.005,62.5,17435,75635,0,17396,13311,0,0,43,30.00,16.50,18.00,161.0,boot
401,6.725,17.879,55.9,17443,75672,0,17404,13319,0,0,43,30.00,16.50,18.00,161.4,boot
402,6.743,15.678,63.8,17449,75683,0,17410,13318,0,0,43,30.00,16.50,18.00,161.8,boot
403,6.759,16.802,59.5,17451,75696,0,17412,13320,0,0,43,30.00,16.50,18.00,162.2,boot
404,6.776,16.639,60.1,17447,75671,0,17408,13312,0,0,43,30.00,16.50,18.00,162.6,boot
405,6.792,16.527,60.5,17454,75697,0,17415,13319,0,0,43,30.00,16.50,18.00,163.0,boot
406,6.809,15.943,62.7,17465,75750,0,17426,13328,0,0,43,30.00,16.50,18.00,163.4,boot
407,6.825,17.323,57.7,17467,75756,0,17428,13329,0,0,43,30.00,16.50,18.00,163.8,boot
408,6.842,15.810,63.3,17485,75840,0,17446,13347,0,0,43,30.00,16.50,18.00,164.2,boot
409,6.858,17.702,56.5,17489,75856,0,17450,13350,0,0,43,30.00,16.50,18.00,164.6,boot
410,6.876,15.506,64.5,17496,75888,0,17457,13357,0,0,43,30.00,16.50,18.00,165.0,boot
411,6.891,17.503,57.1,17507,75933,0,17468,13367,0,0,43,30.00,16.50,18.00,165.4,boot
412,6.909,17.282,57.9,17525,76001,0,17486,13378,0,0,43,30.00,16.50,18.00,165.8,boot
413,6.926,16.144,61.9,17539,76071,0,17500,13392,0,0,43,30.00,16.50,18.00,166.2,boot
414,6.942,17.888,55.9,17552,76127,0,17513,13405,0,0,43,30.00,16.50,18.00,166.6,boot
415,6.960,17.097,58.5,17566,76197,0,17527,13419,0,0,43,30.00,16.50,18.00,167.0,boot
416,6.977,17.292,57.8,17577,76249,0,17538,13430,0,0,43,30.00,16.50,18.00,167.5,boot
417,6.994,14.394,69.5,17593,76323,0,17554,13446,0,0,43,30.00,16.50,18.00,167.9,boot
418,7.009,15.967,62.6,17601,76363,0,17562,13454,0,0,43,30.00,16.50,18.00,168.2,boot
419,7.025,16.842,59.4,17620,76452,0,17581,13473,0,0,43,30.00,16.50,18.00,168.6,boot
420,7.042,17.696,56.5,17626,76479,0,17587,13479,0,0,43,30.00,16.50,18.00,169.0,boot
421,7.059,22.678,44.1,17635,76518,0,17596,13488,0,0,43,30.00,16.50,18.00,169.4,boot
422,7.082,14.930,67.0,17643,76558,0,17604,13496,0,0,43,30.00,16.50,18.00,170.0,boot
423,7.097,13.473,74.2,17650,76596,0,17611,13503,0,0,43,30.00,16.50,18.00,170.3,boot
424,7.110,15.565,64.2,17652,76582,0,17613,13499,0,0,43,30.00,16.50,18.00,170.7,boot
425,7.126,16.837,59.4,17663,76640,0,17624,13510,0,0,43,30.00,16.50,18.00,171.0,boot
426,7.143,16.888,59.2,17664,76642,0,17625,13511,0,0,43,30.00,16.50,18.00,171.4,boot
427,7.160,17.988,55.6,17667,76654,0,17628,13514,0,0,43,30.00,16.50,18.00,171.8,boot
428,7.178,18.465,54.2,17659,76611,0,17620,13506,0,0,43,30.00,16.50,18.00,172.3,boot
429,7.196,17.507,57.1,17671,76665,0,17632,13518,0,0,43,30.00,16.50,18.00,172.7,boot
430,7.214,17.878,55.9,17662,76620,0,17623,13509,0,0,43,30.00,16.50,18.00,173.1,boot
431,7.232,18.437,54.2,17646,76534,0,17607,13493,0,0,43,30.00,16.50,18.00,173.6,boot
432,7.250,17.694,56.5,17697,76786,0,17658,13544,0,0,43,30.00,16.50,18.00,174.0,boot
433,7.268,17.755,56.3,17665,76629,0,17626,13512,0,0,43,30.00,16.50,18.00,174.4,boot
434,7.286,18.250,54.8,17672,76661,0,17633,13519,0,0,43,30.00,16.50,18.00,174.9,boot
435,7.304,19.113,52.3,17662,76614,0,17623,13509,0,0,43,30.00,16.50,18.00,175.3,boot
436,7.323,17.755,56.3,17669,76649,0,17630,13516,0,0,43,30.00,16.50,18.00,175.8,boot
437,7.341,17.941,55.7,17659,76611,0,17620,13512,0,0,43,30.00,16.50,18.00,176.2,boot
438,7.359,18.248,54.8,17661,76639,0,17622,13520,0,0,43,30.00,16.50,18.00,176.6,boot
439,7.377,17.669,56.6,17664,76633,0,17625,13517,0,0,43,30.00,16.50,18.00,177.0,boot
440,7.395,18.115,55.2,17659,76608,0,17620,13512,0,0,43,30.00,16.50,18.00,177.5,boot
441,7.413,18.318,54.6,17667,76645,0,17628,13520,0,0,43,30.00,16.50,18.00,177.9,boot
442,7.431,18.759,53.3,17668,76650,0,17629,13521,0,0,43,30.00,16.50,18.00,178.3,boot
443,7.450,18.341,54.5,17665,76641,0,17626,13518,0,0,43,30.00,16.50,18.00,178.8,boot
444,7.468,18.348,54.5,17667,76651,0,17628,13520,0,0,43,30.00,16.50,18.00,179.2,boot
445,7.487,18.090,55.3,17670,76672,0,17631,13523,0,0,43,30.00,16.50,18.00,179.7,boot
446,7.505,18.680,53.5,17681,76712,0,17642,13528,0,0,43,30.00,16.50,18.00,180.1,boot
447,7.524,18.832,53.1,17674,76674,0,17635,13521,0,0,43,30.00,16.50,18.00,180.6,boot
448,7.543,45.962,21.8,17673,76675,0,17634,13520,0,0,43,30.00,16.50,18.00,181.0,boot
449,7.588,12.233,81.7,17668,76656,0,17629,13521,0,0,43,30.00,16.50,18.00,182.1,boot
450,7.601,24.043,41.6,17670,76660,0,17631,13523,0,0,43,30.00,16.50,18.00,182.4,boot
451,7.625,13.588,73.6,17666,76637,0,17627,13519,0,0,43,30.00,16.50,18.00,183.0,boot
452,7.638,19.399,51.5,17671,76659,0,17632,13524,0,0,43,30.00,16.50,18.00,183.3,boot
453,7.658,19.179,52.1,17655,76576,0,17616,13508,0,0,43,30.00,16.50,18.00,183.8,boot
454,7.677,18.827,53.1,17664,76618,0,17625,13517,0,0,43,30.00,16.50,18.00,184.2,boot
455,7.696,19.360,51.7,17659,76596,0,17620,13512,0,0,43,30.00,16.50,18.00,184.7,boot
456,7.715,19.320,51.8,17665,76623,0,17626,13518,0,0,43,30.00,16.50,18.00,185.2,boot
457,7.735,20.061,49.8,17659,76593,0,17620,13512,0,0,43,30.00,16.50,18.00,185.6,boot
458,7.755,20.527,48.7,17679,76699,0,17640,13532,0,0,43,30.00,16.50,18.00,186.1,boot
459,7.775,19.738,50.7,17624,76421,0,17585,13477,0,0,43,30.00,16.50,18.00,186.6,boot
460,7.795,19.955,50.1,17677,76677,0,17638,13530,0,0,43,30.00,16.50,18.00,187.1,boot
461,7.815,20.034,49.9,17651,76544,0,17612,13504,0,0,43,30.00,16.50,18.00,187.6,boot
462,7.835,20.349,49.1,17666,76613,0,17627,13519,0,0,43,30.00,16.50,18.00,188.0,boot
463,7.855,20.259,49.4,17655,76552,0,17616,13508,0,0,43,30.00,16.50,18.00,188.5,boot
464,7.876,20.127,49.7,17657,76562,0,17618,13510,0,0,43,30.00,16.50,18.00,189.0,boot
465,7.896,20.093,49.8,17657,76559,0,17618,13510,0,0,43,30.00,16.50,18.00,189.5,boot
466,7.916,19.966,50.1,17661,76585,0,17622,13514,0,0,43,30.00,16.50,18.00,190.0,boot
467,7.936,20.444,48.9,17658,76570,0,17619,13511,0,0,43,30.00,16.50,18.00,190.5,boot
468,7.956,21.490,46.5,17658,76576,0,17619,13511,0,0,43,30.00,16.50,18.00,191.0,boot
469,7.978,19.907,50.2,17662,76602,0,17623,13515,0,0,43,30.00,16.50,18.00,191.5,boot
470,7.998,20.402,49.0,17659,76587,0,17620,13512,0,0,43,30.00,16.50,18.00,191.9,boot
471,8.018,20.551,48.7,17667,76628,0,17628,13518,0,0,43,30.00,16.50,18.00,192.4,boot
472,8.039,20.723,48.3,17659,76591,0,17620,13510,0,0,43,30.00,16.50,18.00,192.9,boot
473,8.060,21.022,47.6,17663,76609,0,17624,13512,0,0,43,30.00,16.50,18.00,193.4,boot
474,8.081,20.941,47.8,17670,76647,0,17631,13519,0,0,43,30.00,16.50,18.00,193.9,boot
475,8.102,20.977,47.7,17668,76633,0,17629,13516,0,0,43,30.00,16.50,18.00,194.4,boot
476,8.123,21.040,47.5,17680,76661,0,17641,13516,0,0,43,30.00,16.50,18.00,194.9,boot
477,8.144,20.965,47.7,17682,76669,0,17643,13516,0,0,43,30.00,16.50,18.00,195.4,boot
478,8.165,21.034,47.5,17677,76639,0,17638,13509,0,0,43,30.00,16.50,18.00,196.0,boot
479,8.186,22.016,45.4,17690,76704,0,17651,13522,0,0,43,30.00,16.50,18.00,196.5,boot
480,8.208,22.475,44.5,17678,76634,0,17639,13506,0,0,43,30.00,16.50,18.00,197.0,boot
481,8.230,21.688,46.1,17690,76690,0,17651,13514,0,0,43,30.00,16.50,18.00,197.5,boot
482,8.252,22.905,43.7,17696,76713,0,17657,13515,0,0,43,30.00,16.50,18.00,198.0,boot
483,8.275,21.314,46.9,17708,76765,0,17669,13522,0,0,43,30.00,16.50,18.00,198.6,boot
484,8.296,21.902,45.7,17705,76754,0,17666,13517,0,0,43,30.00,16.50,18.00,199.1,boot
485,8.318,22.381,44.7,17718,76812,0,17679,13523,0,0,43,30.00,16.50,18.00,199.6,boot
486,8.341,22.415,44.6,17723,76826,0,17684,13520,0,0,43,30.00,16.50,18.00,200.2,boot
487,8.363,21.906,45.6,17735,76880,0,17696,13529,0,0,43,30.00,16.50,18.00,200.7,boot
488,8.385,22.345,44.8,17739,76901,0,17700,13528,0,0,43,30.00,16.50,18.00,201.2,boot
489,8.407,22.825,43.8,17753,76975,0,17714,13540,0,0,43,30.00,16.50,18.00,201.8,boot
490,8.430,22.478,44.5,17766,77035,0,17727,13548,0,0,43,30.00,16.50,18.00,202.3,boot
491,8.453,22.379,44.7,17793,77168,0,17754,13572,0,0,43,30.00,16.50,18.00,202.9,boot
492,8.475,22.809,43.8,17807,77240,0,17768,13583,0,0,43,30.00,16.50,18.00,203.4,boot
493,8.498,22.787,43.9,17823,77321,0,17784,13596,0,0,43,30.00,16.50,18.00,204.0,boot
494,8.521,23.207,43.1,17847,77436,0,17808,13613,0,0,43,30.00,16.50,18.00,204.5,boot
495,8.544,23.279,43.0,17860,77500,0,17821,13622,0,0,43,30.00,16.50,18.00,205.1,boot
496,8.567,23.024,43.4,17878,77615,0,17839,13641,0,0,43,30.00,16.50,18.00,205.6,boot
497,8.590,23.455,42.6,17891,77683,0,17852,13651,0,0,43,30.00,16.50,18.00,206.2,boot
498,8.614,23.079,43.3,17913,77799,0,17874,13673,0,0,43,30.00,16.50,18.00,206.7,boot
499,8.637,23.590,42.4,17945,77972,0,17906,13700,0,0,43,30.00,16.50,18.00,207.3,boot
500,8.661,24.386,41.0,17962,78089,0,17923,13720,0,0,43,30.00,16.50,18.00,207.9,boot
501,8.685,24.223,41.3,17985,78187,0,17946,13732,0,0,43,30.00,16.50,18.00,208.4,boot
502,8.709,24.335,41.1,17993,78239,0,17954,13740,0,0,43,30.00,16.50,18.00,209.0,boot
503,8.734,24.261,41.2,18038,78470,0,17999,13779,0,0,43,30.00,16.50,18.00,209.6,boot
504,8.758,24.446,40.9,18057,78583,0,18018,13798,0,0,43,30.00,16.50,18.00,210.2,boot
505,8.782,24.679,40.5,18080,78716,0,18041,13818,0,0,43,30.00,16.50,18.00,210.8,boot
506,8.807,24.934,40.1,18103,78827,0,18064,13836,0,0,43,30.00,16.50,18.00,211.4,boot
507,8.832,24.993,40.0,18133,78984,0,18094,13861,0,0,43,30.00,16.50,18.00,212.0,boot
508,8.857,24.987,40.0,18152,79084,0,18113,13873,0,0,43,30.00,16.50,18.00,212.6,boot
509,8.882,24.934,40.1,18172,79185,0,18133,13885,0,0,43,30.00,16.50,18.00,213.2,boot
510,8.907,24.888,40.2,18194,79292,0,18155,13901,0,0,43,30.00,16.50,18.00,213.8,boot
511,8.932,25.551,39.1,18226,79449,0,18187,13924,0,0,43,30.00,16.50,18.00,214.4,boot
512,8.958,25.110,39.8,18250,79569,0,18211,13937,0,0,43,30.00,16.50,18.00,215.0,boot
513,8.983,25.513,39.2,18275,79681,0,18236,13955,0,0,43,30.00,16.50,18.00,215.6,boot
514,9.008,25.793,38.8,18296,79789,0,18257,13970,0,0,43,30.00,16.50,18.00,216.2,boot
515,9.034,25.855,38.7,18323,79913,0,18284,13984,0,0,43,30.00,16.50,18.00,216.8,boot
516,9.060,25.846,38.7,18339,79991,0,18300,13992,0,0,43,30.00,16.50,18.00,217.4,boot
517,9.086,26.213,38.1,18356,80086,0,18317,14007,0,0,43,30.00,16.50,18.00,218.1,boot
518,9.112,26.333,38.0,18389,80254,0,18350,14034,0,0,43,30.00,16.50,18.00,218.7,boot
519,9.138,26.427,37.8,18427,80414,0,18388,14057,0,0,43,30.00,16.50,18.00,219.3,boot
520,9.165,26.574,37.6,18447,80508,0,18408,14068,0,0,43,30.00,16.50,18.00,220.0,boot
521,9.191,26.550,37.7,18470,80606,0,18431,14080,0,0,43,30.00,16.50,18.00,220.6,boot
522,9.218,27.247,36.7,18504,80758,0,18465,14090,0,0,43,30.00,16.50,18.00,221.2,boot
523,9.245,26.700,37.5,18534,80885,0,18495,14097,0,0,43,30.00,16.50,18.00,221.9,boot
524,9.272,27.096,36.9,18546,80935,0,18507,14093,0,0,43,30.00,16.50,18.00,222.5,boot
525,9.299,26.721,37.4,18551,80952,0,18512,14087,0,0,43,30.00,16.50,18.00,223.2,boot
526,9.326,26.701,37.5,18546,80921,0,18507,14073,0,0,43,30.00,16.50,18.00,223.8,boot
527,9.353,27.358,36.6,18540,80879,0,18501,14050,0,0,43,30.00,16.50,18.00,224.5,boot
528,9.380,26.669,37.5,18528,80806,0,18489,14028,0,0,43,30.00,16.50,18.00,225.1,boot
529,9.407,27.333,36.6,18505,80684,0,18466,13992,0,0,43,30.00,16.50,18.00,225.8,boot
530,9.434,27.473,36.4,18471,80549,0,18432,13951,0,0,43,30.00,16.50,18.00,226.4,boot
531,9.462,27.278,36.7,18426,80328,0,18387,13896,0,0,43,30.00,16.50,18.00,227.1,boot
532,9.489,27.583,36.3,18368,80046,0,18329,13831,0,0,43,30.00,16.50,18.00,227.7,boot
533,9.516,27.355,36.6,18299,79718,0,18260,13761,0,0,43,30.00,16.50,18.00,228.4,boot
534,9.544,28.679,34.9,18242,79447,0,18203,13699,0,0,43,30.00,16.50,18.00,229.1,boot
535,9.573,27.033,37.0,18209,79306,0,18170,13669,0,0,43,30.00,16.50,18.00,229.7,boot
536,9.600,27.415,36.5,18210,79333,0,18171,13664,0,0,43,30.00,16.50,18.00,230.4,boot
537,9.627,27.792,36.0,18248,79536,0,18209,13691,0,0,43,30.00,16.50,18.00,231.0,boot
538,9.655,28.225,35.4,18283,79756,0,18244,13717,0,0,43,30.00,16.50,18.00,231.7,boot
539,9.683,29.000,34.5,18322,79963,0,18283,13744,0,0,43,30.00,16.50,18.00,232.4,boot
540,9.712,28.317,35.3,18357,80165,0,18318,13770,0,0,43,30.00,16.50,18.00,233.1,boot
541,9.741,28.404,35.2,18369,80245,0,18330,13772,0,0,43,30.00,16.50,18.00,233.8,boot
542,9.769,28.938,34.6,18438,80602,0,18399,13829,0,0,43,30.00,16.50,18.00,234.5,boot
543,9.798,28.933,34.6,18473,80801,0,18434,13858,0,0,43,30.00,16.50,18.00,235.2,boot
544,9.827,28.942,34.6,18502,80969,0,18463,13883,0,0,43,30.00,16.50,18.00,235.8,boot
545,9.856,29.667,33.7,18528,81173,0,18489,13908,0,0,43,30.00,16.50,18.00,236.5,boot
546,9.886,29.071,34.4,18555,81335,0,18516,13935,0,0,43,30.00,16.50,18.00,237.3,boot
547,9.915,28.842,34.7,18589,81531,0,18550,13968,0,0,43,30.00,16.50,18.00,238.0,boot
548,9.944,28.718,34.8,18605,81633,0,18566,13985,0,0,43,30.00,16.50,18.00,238.6,boot
549,9.972,28.594,35.0,18640,81839,0,18601,14021,0,0,43,30.00,16.50,18.00,239.3,boot
550,10.001,29.202,34.2,18660,81966,0,18621,14041,0,0,43,30.00,16.50,18.00,240.0,boot
551,10.030,29.036,34.4,18688,82137,0,18649,14072,0,0,43,30.00,16.50,18.00,240.7,boot
552,10.059,29.276,34.2,18716,82364,0,18677,14100,0,0,43,30.00,16.50,18.00,241.4,boot
553,10.089,29.259,34.2,18754,82590,0,18715,14138,0,0,43,30.00,16.50,18.00,242.1,boot
554,10.118,29.438,34.0,18771,82715,0,18732,14156,0,0,43,30.00,16.50,18.00,242.8,boot
555,10.147,28.834,34.7,18795,82868,0,18756,14181,0,0,43,30.00,16.50,18.00,243.5,boot
556,10.176,29.727,33.6,18797,82935,0,18758,14189,0,0,43,30.00,16.50,18.00,244.2,boot
557,10.206,29.627,33.8,18789,82938,0,18750,14188,0,0,43,30.00,16.50,18.00,244.9,boot
558,10.236,29.756,33.6,18764,82843,0,18725,14163,0,0,43,30.00,16.50,18.00,245.7,boot
559,10.265,29.683,33.7,18744,82854,0,18705,14145,0,0,43,30.00,16.50,18.00,246.4,boot
560,10.295,29.981,33.4,18753,82942,0,18714,14155,0,0,43,30.00,16.50,18.00,247.1,boot
561,10.325,29.642,33.7,18715,82758,0,18676,14117,0,0,43,30.00,16.50,18.00,247.8,boot
562,10.355,29.466,33.9,18713,82788,0,18674,14116,0,0,43,30.00,16.50,18.00,248.5,boot
563,10.384,28.913,34.6,18702,82769,0,18663,14105,0,0,43,30.00,16.50,18.00,249.2,boot
564,10.413,28.841,34.7,18699,82784,0,18660,14102,0,0,43,30.00,16.50,18.00,249.9,boot
565,10.442,29.813,33.5,18685,82751,0,18646,14090,0,0,43,30.00,16.50,18.00,250.6,boot
566,10.472,28.573,35.0,18686,82846,0,18647,14085,0,0,43,30.00,16.50,18.00,251.3,boot
567,10.500,29.185,34.3,18692,82910,0,18653,14092,0,0,43,30.00,16.50,18.00,252.0,boot
568,10.530,28.457,35.1,18692,82931,0,18653,14086,0,0,43,30.00,16.50,18.00,252.7,boot
569,10.558,29.087,34.4,18691,82956,0,18652,14085,0,0,43,30.00,16.50,18.00,253.4,boot
570,10.587,28.691,34.9,18686,82968,0,18647,14081,0,0,43,30.00,16.50,18.00,254.1,boot
571,10.616,28.616,34.9,18672,82934,0,18633,14069,0,0,43,30.00,16.50,18.00,254.8,boot
572,10.645,28.462,35.1,18661,82913,0,18622,14059,0,0,43,30.00,16.50,18.00,255.5,boot
573,10.673,28.688,34.9,18645,82953,0,18606,14045,0,0,43,30.00,16.50,18.00,256.2,boot
574,10.702,28.442,35.2,18645,82992,0,18606,14045,0,0,43,30.00,16.50,18.00,256.8,boot
575,10.730,28.558,35.0,18611,82853,0,18572,14012,0,0,43,30.00,16.50,18.00,257.5,boot
576,10.759,28.581,35.0,18593,82796,0,18554,13994,0,0,43,30.00,16.50,18.00,258.2,boot
577,10.787,28.819,34.7,18578,82754,0,18539,13979,0,0,43,30.00,16.50,18.00,258.9,boot
578,10.816,28.948,34.5,18560,82700,0,18521,13961,0,0,43,30.00,16.50,18.00,259.6,boot
579,10.845,28.029,35.7,18539,82624,0,18500,13939,0,0,43,30.00,16.50,18.00,260.3,boot
580,10.873,28.486,35.1,18516,82641,0,18477,13919,0,0,43,30.00,16.50,18.00,261.0,boot
581,10.902,28.332,35.3,18490,82548,0,18451,13894,0,0,43,30.00,16.50,18.00,261.6,boot
582,10.930,27.435,36.4,18460,82429,0,18421,13865,0,0,43,30.00,16.50,18.00,262.3,boot
583,10.958,27.175,36.8,18440,82365,0,18401,13845,0,0,43,30.00,16.50,18.00,263.0,boot
584,10.985,27.654,36.2,18409,82259,0,18370,13821,0,0,43,30.00,16.50,18.00,263.6,boot
585,11.013,27.224,36.7,18391,82185,0,18352,13798,0,0,43,30.00,16.50,18.00,264.3,boot
586,11.040,27.726,36.1,18355,82062,0,18316,13770,0,0,43,30.00,16.50,18.00,265.0,boot
587,11.068,26.863,37.2,18316,81874,0,18277,13726,0,0,43,30.00,16.50,18.00,265.6,boot
588,11.094,32.550,30.7,18283,81866,0,18244,13700,0,0,43,30.00,16.50,18.00,266.3,boot
589,11.127,26.837,37.3,18247,81719,0,18208,13666,0,0,43,30.00,16.50,18.00,267.0,boot
590,11.154,25.868,38.7,18211,81560,0,18172,13630,0,0,43,30.00,16.50,18.00,267.7,boot
591,11.180,29.695,33.7,18182,81445,0,18143,13600,0,0,43,30.00,16.50,18.00,268.3,boot
592,11.209,30.828,32.4,18155,81346,0,18116,13573,0,0,43,30.00,16.50,18.00,269.0,boot
593,11.240,31.171,32.1,18108,81146,0,18069,13528,0,0,43,30.00,16.50,18.00,269.8,boot
594,11.271,32.091,31.2,18101,81148,0,18062,13518,0,0,43,30.00,16.50,18.00,270.5,boot
595,11.304,32.127,31.1,18109,81358,0,18070,13525,0,0,43,30.00,16.50,18.00,271.3,boot
596,11.336,32.071,31.2,18088,81290,0,18049,13505,0,0,43,30.00,16.50,18.00,272.1,boot
597,11.368,33.369,30.0,18081,81275,0,18042,13497,0,0,43,30.00,16.50,18.00,272.8,boot
598,11.401,33.121,30.2,18065,81242,0,18026,13480,0,0,43,30.00,16.50,18.00,273.6,boot
599,11.434,33.551,29.8,18044,81186,0,18005,13461,0,0,43,30.00,16.50,18.00,274.4,boot
600,11.468,33.293,30.0,18009,81049,0,17970,13428,0,0,43,30.00,16.50,18.00,275.2,boot
601,11.501,34.129,29.3,17962,80832,0,17923,13381,0,0,43,30.00,16.50,18.00,276.0,boot
602,11.536,33.796,29.6,17912,80763,0,17873,13331,0,0,43,30.00,16.50,18.00,276.9,boot
603,11.569,33.763,29.6,17891,80677,0,17852,13308,0,0,43,30.00,16.50,18.00,277.7,boot
604,11.603,33.826,29.6,17862,80547,0,17823,13276,0,0,43,30.00,16.50,18.00,278.5,boot
605,11.637,33.537,29.8,17828,80392,0,17789,13242,0,0,43,30.00,16.50,18.00,279.3,boot
606,11.671,33.779,29.6,17809,80303,0,17770,13220,0,0,43,30.00,16.50,18.00,280.1,boot
607,11.704,35.020,28.6,17784,80180,0,17745,13194,0,0,43,30.00,16.50,18.00,280.9,boot
608,11.739,35.289,28.3,17765,80258,0,17726,13171,0,0,43,30.00,16.50,18.00,281.7,boot
609,11.775,35.214,28.4,17751,80195,0,17712,13155,0,0,43,30.00,16.50,18.00,282.6,boot
610,11.810,35.890,27.9,17717,80032,0,17678,13119,0,0,43,30.00,16.50,18.00,283.4,boot
611,11.846,35.039,28.5,17693,79915,0,17654,13092,0,0,43,30.00,16.50,18.00,284.3,boot
612,11.881,35.058,28.5,17661,79767,0,17622,13057,0,0,43,30.00,16.50,18.00,285.1,boot
613,11.916,34.726,28.8,17627,79629,0,17588,13028,0,0,43,30.00,16.50,18.00,286.0,boot
614,11.951,34.271,29.2,17603,79672,0,17564,13002,0,0,43,30.00,16.50,18.00,286.8,boot
615,11.985,34.139,29.3,17580,79558,0,17541,12977,0,0,43,30.00,16.50,18.00,287.6,boot
616,12.019,33.600,29.8,17564,79473,0,17525,12959,0,0,43,30.00,16.50,18.00,288.5,boot
617,12.053,33.770,29.6,17544,79365,0,17505,12934,0,0,43,30.00,16.50,18.00,289.3,boot
618,12.087,33.223,30.1,17516,79246,0,17477,12912,0,0,43,30.00,16.50,18.00,290.1,boot
619,12.120,34.192,29.2,17499,79165,0,17460,12893,0,0,43,30.00,16.50,18.00,290.9,boot
620,12.154,35.423,28.2,17476,79211,0,17437,12869,0,0,43,30.00,16.50,18.00,291.7,boot
621,12.190,34.350,29.1,17469,79157,0,17430,12855,0,0,43,30.00,16.50,18.00,292.6,boot
622,12.224,34.822,28.7,17436,78978,0,17397,12820,0,0,43,30.00,16.50,18.00,293.4,boot
623,12.259,34.452,29.0,17395,78753,0,17356,12777,0,0,43,30.00,16.50,18.00,294.2,boot
624,12.293,35.479,28.2,17379,78671,0,17340,12759,0,0,43,30.00,16.50,18.00,295.0,boot
625,12.329,34.099,29.3,17361,78572,0,17322,12738,0,0,43,30.00,16.50,18.00,295.9,boot
626,12.363,34.346,29.1,17339,78635,0,17300,12718,0,0,43,30.00,16.50,18.00,296.7,boot
627,12.397,34.129,29.3,17315,78513,0,17276,12692,0,0,43,30.00,16.50,18.00,297.5,boot
628,12.431,33.170,30.1,17288,78376,0,17249,12663,0,0,43,30.00,16.50,18.00,298.4,boot
629,12.465,31.271,32.0,17261,78234,0,17222,12635,0,0,43,30.00,16.50,18.00,299.2,boot
630,12.496,32.148,31.1,17252,78189,0,17213,12626,0,0,43,30.00,16.50,18.00,299.9,boot
631,12.528,32.923,30.4,17220,78026,0,17181,12591,0,0,43,30.00,16.50,18.00,300.7,boot
632,12.561,32.494,30.8,17207,77954,0,17168,12571,0,0,43,30.00,16.50,18.00,301.5,boot
633,12.594,33.311,30.0,17173,77972,0,17134,12539,0,0,43,30.00,16.50,18.00,302.2,boot
634,12.627,31.859,31.4,17148,77847,0,17109,12514,0,0,43,30.00,16.50,18.00,303.0,boot
635,12.659,30.206,33.1,17123,77726,0,17084,12490,0,0,43,30.00,16.50,18.00,303.8,boot
636,12.689,30.620,32.7,17101,77620,0,17062,12469,0,0,43,30.00,16.50,18.00,304.5,boot
637,12.720,30.468,32.8,17077,77476,0,17038,12439,0,0,43,30.00,16.50,18.00,305.3,boot
638,12.750,30.075,33.3,17031,77243,0,16992,12393,0,0,43,30.00,16.50,18.00,306.0,boot
639,12.780,29.561,33.8,17045,77317,0,17006,12411,0,0,43,30.00,16.50,18.00,306.7,boot
640,12.810,31.925,31.3,16992,77217,0,16953,12364,0,0,43,30.00,16.50,18.00,307.4,boot
641,12.842,31.550,31.7,16962,77073,0,16923,12337,0,0,43,30.00,16.50,18.00,308.2,boot
642,12.873,30.892,32.4,16933,76933,0,16894,12313,0,0,43,30.00,16.50,18.00,309.0,boot
643,12.904,30.489,32.8,16915,76854,0,16876,12300,0,0,43,30.00,16.50,18.00,309.7,boot
644,12.935,30.336,33.0,16878,76674,0,16839,12268,0,0,43,30.00,16.50,18.00,310.4,boot
645,12.965,28.265,35.4,16857,76575,0,16818,12253,0,0,43,30.00,16.50,18.00,311.2,boot
646,12.993,28.036,35.7,16833,76455,0,16794,12232,0,0,43,30.00,16.50,18.00,311.8,boot
647,13.022,27.873,35.9,16811,76506,0,16772,12215,0,0,43,30.00,16.50,18.00,312.5,boot
648,13.049,29.216,34.2,16802,76448,0,16763,12205,0,0,43,30.00,16.50,18.00,313.2,boot
649,13.079,29.166,34.3,16780,76332,0,16741,12189,0,0,43,30.00,16.50,18.00,313.9,boot
650,13.108,28.999,34.5,16759,76228,0,16720,12173,0,0,43,30.00,16.50,18.00,314.6,boot
651,13.137,29.669,33.7,16738,76110,0,16699,12157,0,0,43,30.00,16.50,18.00,315.3,boot
652,13.167,29.960,33.4,16714,75987,0,16675,12143,0,0,43,30.00,16.50,18.00,316.0,boot
653,13.197,26.782,37.3,16693,75873,0,16654,12125,0,0,43,30.00,16.50,18.00,316.7,boot
654,13.223,28.518,35.1,16684,75978,0,16645,12122,0,0,43,30.00,16.50,18.00,317.4,boot
655,13.252,28.189,35.5,16669,75913,0,16630,12117,0,0,43,30.00,16.50,18.00,318.0,boot
656,13.280,28.040,35.7,16657,75824,0,16618,12106,0,0,43,30.00,16.50,18.00,318.7,boot
657,13.308,27.905,35.8,16643,75737,0,16604,12101,0,0,43,30.00,16.50,18.00,319.4,boot
658,13.336,27.446,36.4,16622,75602,0,16583,12080,0,0,43,30.00,16.50,18.00,320.1,boot
659,13.364,27.413,36.5,16605,75496,0,16566,12069,0,0,43,30.00,16.50,18.00,320.7,boot
660,13.391,25.255,39.6,16588,75385,0,16549,12056,0,0,43,30.00,16.50,18.00,321.4,boot
661,13.416,26.743,37.4,16564,75251,0,16525,12040,0,0,43,30.00,16.50,18.00,322.0,boot
662,13.443,26.062,38.4,16531,75206,0,16492,12013,0,0,43,30.00,16.50,18.00,322.6,boot
663,13.469,22.764,43.9,16511,75079,0,16472,11996,0,0,43,30.00,16.50,18.00,323.3,boot
664,13.492,25.880,38.6,16471,74851,0,16432,11964,0,0,43,30.00,16.50,18.00,323.8,boot
665,13.518,25.400,39.4,16450,74727,0,16411,11951,0,0,43,30.00,16.50,18.00,324.4,boot
666,13.543,25.619,39.0,16428,74610,0,16389,11949,0,0,43,30.00,16.50,18.00,325.0,boot
667,13.569,25.905,38.6,16415,74521,0,16376,11942,0,0,43,30.00,16.50,18.00,325.7,boot
668,13.595,25.400,39.4,16400,74410,0,16361,11929,0,0,43,30.00,16.50,18.00,326.3,boot
669,13.620,25.148,39.8,16373,74252,0,16334,11913,0,0,43,30.00,16.50,18.00,326.9,boot
670,13.645,26.159,38.2,16356,74277,0,16317,11907,0,0,43,30.00,16.50,18.00,327.5,boot
671,13.672,23.971,41.7,16337,74145,0,16298,11896,0,0,43,30.00,16.50,18.00,328.1,boot
672,13.696,65.214,15.3,16315,74012,0,16276,11884,0,0,43,30.00,16.50,18.00,328.7,boot
673,13.761,61.664,16.2,16296,73835,0,16257,11878,0,0,43,30.00,16.50,18.00,330.3,boot
674,13.823,26.664,37.5,16233,73449,0,16194,11828,0,0,43,30.00,16.50,18.00,331.7,boot
675,13.849,25.020,40.0,16208,73421,0,16169,11813,0,0,43,30.00,16.50,18.00,332.4,boot
676,13.874,21.348,46.8,16198,73334,0,16159,11805,0,0,43,30.00,16.50,18.00,333.0,boot
677,13.896,21.394,46.7,16180,73213,0,16141,11789,0,0,43,30.00,16.50,18.00,333.5,boot
678,13.917,20.392,49.0,16167,73116,0,16128,11777,0,0,43,30.00,16.50,18.00,334.0,boot
679,13.937,20.339,49.2,16154,73038,0,16115,11769,0,0,43,30.00,16.50,18.00,334.5,boot
680,13.958,20.430,48.9,16130,72907,0,16091,11755,0,0,43,30.00,16.50,18.00,335.0,boot
681,13.978,23.859,41.9,16116,72827,0,16077,11755,0,0,43,30.00,16.50,18.00,335.5,boot
682,14.002,38.623,25.9,16089,72667,0,16050,11742,0,0,43,30.00,16.50,18.00,336.0,boot
683,14.041,21.213,47.1,16059,72493,0,16020,11738,0,0,43,30.00,16.50,18.00,337.0,boot
684,14.062,24.784,40.3,16051,72565,0,16012,11737,0,0,43,30.00,16.50,18.00,337.5,boot
685,14.087,21.750,46.0,16034,72456,0,15995,11735,0,0,43,30.00,16.50,18.00,338.1,boot
686,14.109,20.697,48.3,16027,72421,0,15988,11740,0,0,43,30.00,16.50,18.00,338.6,boot
687,14.129,23.255,43.0,16018,72355,0,15979,11737,0,0,43,30.00,16.50,18.00,339.1,boot
688,14.152,21.350,46.8,16004,72274,0,15965,11736,0,0,43,30.00,16.50,18.00,339.7,boot
689,14.174,25.092,39.9,16011,72301,0,15972,11752,0,0,43,30.00,16.50,18.00,340.2,boot
690,14.199,22.429,44.6,16007,72270,0,15968,11758,0,0,43,30.00,16.50,18.00,340.8,boot
691,14.221,22.362,44.7,16003,72224,0,15964,11764,0,0,43,30.00,16.50,18.00,341.3,boot
692,14.244,21.498,46.5,15998,72174,0,15959,11767,0,0,43,30.00,16.50,18.00,341.9,boot
693,14.265,26.498,37.7,15993,72253,0,15954,11773,0,0,43,30.00,16.50,18.00,342.4,boot
694,14.292,20.969,47.7,15973,72128,0,15934,11764,0,0,43,30.00,16.50,18.00,343.0,boot
695,14.313,20.291,49.3,15985,72166,0,15946,11784,0,0,43,30.00,16.50,18.00,343.5,boot
696,14.333,20.581,48.6,15984,72142,0,15945,11788,0,0,43,30.00,16.50,18.00,344.0,boot
697,14.354,21.003,47.6,15980,72106,0,15941,11795,0,0,43,30.00,16.50,18.00,344.5,boot
698,14.375,20.246,49.4,15979,72086,0,15940,11806,0,0,43,30.00,16.50,18.00,345.0,boot
699,14.395,20.170,49.6,15977,72053,0,15938,11808,0,0,43,30.00,16.50,18.00,345.5,boot
700,14.415,20.353,49.1,15976,72035,0,15937,11819,0,0,43,30.00,16.50,18.00,346.0,boot
701,14.436,20.212,49.5,15967,71980,0,15928,11821,0,0,43,30.00,16.50,18.00,346.5,boot
702,14.456,22.260,44.9,15966,71954,0,15927,11829,0,0,43,30.00,16.50,18.00,346.9,boot
703,14.478,24.818,40.3,15965,72049,0,15926,11838,0,0,43,30.00,16.50,18.00,347.5,boot
704,14.503,21.253,47.1,15961,72012,0,15922,11847,0,0,43,30.00,16.50,18.00,348.1,boot
705,14.524,22.372,44.7,15967,72020,0,15928,11858,0,0,43,30.00,16.50,18.00,348.6,boot
706,14.546,22.579,44.3,15967,71995,0,15928,11869,0,0,43,30.00,16.50,18.00,349.1,boot
707,14.569,26.964,37.1,15960,71938,0,15921,11867,0,0,43,30.00,16.50,18.00,349.7,boot
708,14.596,22.442,44.6,15968,71931,0,15929,11876,0,0,43,30.00,16.50,18.00,350.3,boot
709,14.619,20.511,48.8,15965,71892,0,15926,11876,0,0,43,30.00,16.50,18.00,350.8,boot
710,14.639,20.078,49.8,15970,71876,0,15931,11882,0,0,43,30.00,16.50,18.00,351.3,boot
711,14.659,18.954,52.8,15976,71873,0,15937,11888,0,0,43,30.00,16.50,18.00,351.8,boot
712,14.678,31.651,31.6,15975,71971,0,15936,11888,0,0,43,30.00,16.50,18.00,352.3,boot
713,14.710,23.794,42.0,15973,71881,0,15934,11887,0,0,43,30.00,16.50,18.00,353.0,boot
714,14.734,20.148,49.6,16016,72096,0,15977,11930,0,0,43,30.00,16.50,18.00,353.6,boot
715,14.754,19.791,50.5,15998,71902,0,15959,11904,0,0,43,30.00,16.50,18.00,354.1,boot
716,14.774,22.747,44.0,16013,71977,0,15974,11919,0,0,43,30.00,16.50,18.00,354.6,boot
717,14.796,20.681,48.4,16000,71852,0,15961,11906,0,0,43,30.00,16.50,18.00,355.1,boot
718,14.817,20.041,49.9,16023,71939,0,15984,11928,0,0,43,30.00,16.50,18.00,355.6,boot
719,14.837,19.922,50.2,16027,71928,0,15988,11931,0,0,43,30.00,16.50,18.00,356.1,boot
720,14.857,19.916,50.2,16029,71907,0,15990,11929,0,0,43,30.00,16.50,18.00,356.6,boot
721,14.877,20.296,49.3,16036,71913,0,15997,11934,0,0,43,30.00,16.50,18.00,357.0,boot
722,14.897,23.435,42.7,16044,72014,0,16005,11937,0,0,43,30.00,16.50,18.00,357.5,boot
723,14.921,19.948,50.1,16054,72033,0,16015,11946,0,0,43,30.00,16.50,18.00,358.1,boot
724,14.941,19.512,51.3,16059,72013,0,16020,11948,0,0,43,30.00,16.50,18.00,358.6,boot
725,14.960,20.205,49.5,16071,72039,0,16032,11956,0,0,43,30.00,16.50,18.00,359.0,boot
726,14.980,20.864,47.9,16067,71978,0,16028,11953,0,0,43,30.00,16.50,18.00,359.5,boot
727,15.001,19.661,50.9,16073,71952,0,16034,11954,0,0,43,30.00,16.50,18.00,360.0,boot
728,15.021,29.357,34.1,16085,71973,0,16046,11963,0,0,43,30.00,16.50,18.00,360.5,boot
729,15.050,19.495,51.3,16102,72011,0,16063,11975,0,0,43,30.00,16.50,18.00,361.2,boot
730,15.070,25.779,38.8,16111,72013,0,16072,11983,0,0,43,30.00,16.50,18.00,361.7,boot
731,15.096,18.614,53.7,16115,71995,0,16076,11988,0,0,43,30.00,16.50,18.00,362.3,boot
732,15.114,21.545,46.4,16124,72148,0,16085,12003,0,0,43,30.00,16.50,18.00,362.7,boot
733,15.136,18.718,53.4,16122,72090,0,16083,11998,0,0,43,30.00,16.50,18.00,363.3,boot
734,15.155,19.352,51.7,16138,72131,0,16099,12011,0,0,43,30.00,16.50,18.00,363.7,boot
735,15.174,19.465,51.4,16137,72092,0,16098,12009,0,0,43,30.00,16.50,18.00,364.2,boot
736,15.193,18.785,53.2,16142,72073,0,16103,12012,0,0,43,30.00,16.50,18.00,364.6,boot
737,15.212,18.978,52.7,16151,72089,0,16112,12019,0,0,43,30.00,16.50,18.00,365.1,boot
738,15.231,18.509,54.0,16156,72079,0,16117,12022,0,0,43,30.00,16.50,18.00,365.5,boot
739,15.250,22.388,44.7,16171,72120,0,16132,12036,0,0,43,30.00,16.50,18.00,366.0,boot
740,15.272,18.064,55.4,16182,72127,0,16143,12044,0,0,43,30.00,16.50,18.00,366.5,boot
741,15.290,18.839,53.1,16148,71965,0,16109,12024,0,0,43,30.00,16.50,18.00,367.0,boot
742,15.309,19.165,52.2,16177,72094,0,16138,12055,0,0,43,30.00,16.50,18.00,367.4,boot
743,15.328,21.481,46.6,16169,72126,0,16130,12047,0,0,43,30.00,16.50,18.00,367.9,boot
744,15.350,18.073,55.3,16193,72204,0,16154,12068,0,0,43,30.00,16.50,18.00,368.4,boot
745,15.368,27.180,36.8,16190,72155,0,16151,12064,0,0,43,30.00,16.50,18.00,368.8,boot
746,15.395,18.219,54.9,16202,72160,0,16163,12075,0,0,43,30.00,16.50,18.00,369.5,boot
747,15.413,18.477,54.1,16210,72166,0,16171,12079,0,0,43,30.00,16.50,18.00,369.9,boot
748,15.432,18.420,54.3,16218,72170,0,16179,12084,0,0,43,30.00,16.50,18.00,370.4,boot
749,15.450,17.366,57.6,16225,72174,0,16186,12096,0,0,43,30.00,16.50,18.00,370.8,boot
750,15.468,17.838,56.1,16227,72147,0,16188,12094,0,0,43,30.00,16.50,18.00,371.2,boot
751,15.485,17.579,56.9,16236,72151,0,16197,12098,0,0,43,30.00,16.50,18.00,371.6,boot
752,15.503,17.566,56.9,16241,72142,0,16202,12102,0,0,43,30.00,16.50,18.00,372.1,boot
753,15.521,17.734,56.4,16247,72134,0,16208,12106,0,0,43,30.00,16.50,18.00,372.5,boot
754,15.538,23.375,42.8,16248,72213,0,16209,12106,0,0,43,30.00,16.50,18.00,372.9,boot
755,15.562,18.474,54.1,16267,72267,0,16228,12123,0,0,43,30.00,16.50,18.00,373.5,boot
756,15.580,18.116,55.2,16273,72266,0,16234,12128,0,0,43,30.00,16.50,18.00,373.9,boot
757,15.598,24.686,40.5,16284,72291,0,16245,12136,0,0,43,30.00,16.50,18.00,374.4,boot
758,15.623,22.662,44.1,16293,72291,0,16254,12142,0,0,43,30.00,16.50,18.00,375.0,boot
759,15.646,17.898,55.9,16300,72291,0,16261,12147,0,0,43,30.00,16.50,18.00,375.5,boot
760,15.664,17.696,56.5,16310,72294,0,16271,12149,0,0,43,30.00,16.50,18.00,375.9,boot
761,15.681,23.824,42.0,16320,72315,0,16281,12157,0,0,43,30.00,16.50,18.00,376.4,boot
762,15.705,29.492,33.9,16336,72346,0,16297,12169,0,0,43,30.00,16.50,18.00,376.9,boot
763,15.735,21.332,46.9,16346,72348,0,16307,12176,0,0,43,30.00,16.50,18.00,377.6,boot
764,15.756,29.210,34.2,16360,72474,0,16321,12186,0,0,43,30.00,16.50,18.00,378.1,boot
765,15.785,16.646,60.1,16366,72443,0,16327,12191,0,0,43,30.00,16.50,18.00,378.8,boot
766,15.802,19.909,50.2,16379,72478,0,16340,12201,0,0,43,30.00,16.50,18.00,379.2,boot
767,15.822,16.698,59.9,16389,72486,0,16350,12208,0,0,43,30.00,16.50,18.00,379.7,boot
768,15.838,16.460,60.8,16396,72486,0,16357,12213,0,0,43,30.00,16.50,18.00,380.1,boot
769,15.855,16.248,61.5,16407,72513,0,16368,12223,0,0,43,30.00,16.50,18.00,380.5,boot
770,15.871,17.542,57.0,16413,72517,0,16374,12227,0,0,43,30.00,16.50,18.00,380.9,boot
771,15.889,16.900,59.2,16419,72513,0,16380,12232,0,0,43,30.00,16.50,18.00,381.3,boot
772,15.906,16.338,61.2,16433,72544,0,16394,12243,0,0,43,30.00,16.50,18.00,381.7,boot
773,15.922,16.614,60.2,16444,72547,0,16405,12247,0,0,43,30.00,16.50,18.00,382.1,boot
774,15.939,16.901,59.2,16450,72546,0,16411,12249,0,0,43,30.00,16.50,18.00,382.5,boot
775,15.956,16.435,60.8,16462,72584,0,16423,12260,0,0,43,30.00,16.50,18.00,382.9,boot
776,15.972,20.365,49.1,16474,72687,0,16435,12270,0,0,43,30.00,16.50,18.00,383.3,boot
777,15.992,16.743,59.7,16470,72618,0,16431,12265,0,0,43,30.00,16.50,18.00,383.8,boot
778,16.009,16.652,60.1,16486,72691,0,16447,12280,0,0,43,30.00,16.50,18.00,384.2,boot
779,16.026,18.162,55.1,16495,72697,0,16456,12286,0,0,43,30.00,16.50,18.00,384.6,boot
780,16.044,16.488,60.6,16502,72703,0,16463,12291,0,0,43,30.00,16.50,18.00,385.1,boot
781,16.060,16.597,60.3,16512,72719,0,16473,12300,0,0,43,30.00,16.50,18.00,385.5,boot
782,16.077,18.450,54.2,16515,72698,0,16476,12300,0,0,43,30.00,16.50,18.00,385.9,boot
783,16.096,16.347,61.2,16530,72741,0,16491,12313,0,0,43,30.00,16.50,18.00,386.3,boot
784,16.112,16.638,60.1,16539,72761,0,16500,12321,0,0,43,30.00,16.50,18.00,386.7,boot
785,16.129,16.780,59.6,16545,72767,0,16506,12327,0,0,43,30.00,16.50,18.00,387.1,boot
786,16.145,23.896,41.8,16554,72775,0,16515,12332,0,0,43,30.00,16.50,18.00,387.5,boot
787,16.169,18.136,55.1,16571,72825,0,16532,12347,0,0,43,30.00,16.50,18.00,388.1,boot
788,16.187,19.929,50.2,16582,72933,0,16543,12357,0,0,43,30.00,16.50,18.00,388.5,boot
789,16.207,16.896,59.2,16593,72961,0,16554,12365,0,0,43,30.00,16.50,18.00,389.0,boot
790,16.224,16.768,59.6,16600,72955,0,16561,12370,0,0,43,30.00,16.50,18.00,389.4,boot
791,16.241,22.296,44.9,16629,73073,0,16590,12399,0,0,43,30.00,16.50,18.00,389.8,boot
792,16.263,18.650,53.6,16631,73047,0,16592,12401,0,0,43,30.00,16.50,18.00,390.3,boot
793,16.282,17.467,57.3,16625,72987,0,16586,12395,0,0,43,30.00,16.50,18.00,390.8,boot
794,16.299,18.269,54.7,16633,72996,0,16594,12399,0,0,43,30.00,16.50,18.00,391.2,boot
795,16.318,16.406,61.0,16651,73040,0,16612,12413,0,0,43,30.00,16.50,18.00,391.6,boot
796,16.334,16.410,60.9,16662,73069,0,16623,12422,0,0,43,30.00,16.50,18.00,392.0,boot
797,16.351,15.876,63.0,16672,73091,0,16633,12431,0,0,43,30.00,16.50,18.00,392.4,boot
798,16.366,19.057,52.5,16686,73136,0,16647,12444,0,0,43,30.00,16.50,18.00,392.8,boot
799,16.386,20.072,49.8,16693,73142,0,16654,12449,0,0,43,30.00,16.50,18.00,393.3,boot
800,16.406,19.049,52.5,16703,73237,0,16664,12459,0,0,43,30.00,16.50,18.00,393.7,boot
801,16.425,15.946,62.7,16719,73283,0,16680,12474,0,0,43,30.00,16.50,18.00,394.2,boot
802,16.441,16.070,62.2,16730,73307,0,16691,12484,0,0,43,30.00,16.50,18.00,394.6,boot
803,16.457,15.757,63.5,16742,73339,0,16703,12495,0,0,43,30.00,16.50,18.00,395.0,boot
804,16.472,23.308,42.9,16756,73393,0,16717,12508,0,0,43,30.00,16.50,18.00,395.3,boot
805,16.496,15.828,63.2,16770,73407,0,16731,12520,0,0,43,30.00,16.50,18.00,395.9,boot
806,16.512,16.147,61.9,16771,73389,0,16732,12519,0,0,43,30.00,16.50,18.00,396.3,boot
807,16.528,16.865,59.3,16801,73515,0,16762,12549,0,0,43,30.00,16.50,18.00,396.7,boot
808,16.545,16.676,60.0,16804,73501,0,16765,12550,0,0,43,30.00,16.50,18.00,397.1,boot
809,16.561,15.972,62.6,16819,73549,0,16780,12565,0,0,43,30.00,16.50,18.00,397.5,boot
810,16.577,23.744,42.1,16820,73534,0,16781,12570,0,0,43,30.00,16.50,18.00,397.9,boot
811,16.601,15.587,64.2,16840,73591,0,16801,12589,0,0,43,30.00,16.50,18.00,398.4,boot
812,16.617,18.535,54.0,16850,73703,0,16811,12598,0,0,43,30.00,16.50,18.00,398.8,boot
813,16.635,15.532,64.4,16869,73766,0,16830,12615,0,0,43,30.00,16.50,18.00,399.2,boot
814,16.651,15.163,66.0,16871,73743,0,16832,12617,0,0,43,30.00,16.50,18.00,399.6,boot
815,16.666,15.284,65.4,16888,73803,0,16849,12633,0,0,43,30.00,16.50,18.00,400.0,boot
816,16.681,15.142,66.0,16906,73851,0,16867,12645,0,0,43,30.00,16.50,18.00,400.3,boot
817,16.696,16.406,61.0,16918,73884,0,16879,12657,0,0,43,30.00,16.50,18.00,400.7,boot
818,16.713,21.375,46.8,16930,73913,0,16891,12668,0,0,43,30.00,16.50,18.00,401.1,boot
819,16.734,15.252,65.6,16955,73986,0,16916,12686,0,0,43,30.00,16.50,18.00,401.6,boot
820,16.749,15.662,63.8,16967,74022,0,16928,12698,0,0,43,30.00,16.50,18.00,402.0,boot
821,16.765,15.350,65.1,16975,74038,0,16936,12706,0,0,43,30.00,16.50,18.00,402.4,boot
822,16.780,15.161,66.0,16990,74091,0,16951,12720,0,0,43,30.00,16.50,18.00,402.7,boot
823,16.796,17.977,55.6,16989,74056,0,16950,12719,0,0,43,30.00,16.50,18.00,403.1,boot
824,16.814,18.479,54.1,17006,74113,0,16967,12735,0,0,43,30.00,16.50,18.00,403.5,boot
825,16.832,17.327,57.7,17030,74287,0,16991,12759,0,0,43,30.00,16.50,18.00,404.0,boot
826,16.849,14.705,68.0,17037,74297,0,16998,12765,0,0,43,30.00,16.50,18.00,404.4,boot
827,16.864,14.691,68.1,17044,74305,0,17005,12772,0,0,43,30.00,16.50,18.00,404.7,boot
828,16.879,18.027,55.5,17056,74347,0,17017,12784,0,0,43,30.00,16.50,18.00,405.1,boot
829,16.897,15.363,65.1,17068,74373,0,17029,12795,0,0,43,30.00,16.50,18.00,405.5,boot
830,16.912,15.259,65.5,17082,74425,0,17043,12809,0,0,43,30.00,16.50,18.00,405.9,boot
831,16.928,15.352,65.1,17094,74460,0,17055,12820,0,0,43,30.00,16.50,18.00,406.3,boot
832,16.943,16.614,60.2,17106,74496,0,17067,12832,0,0,43,30.00,16.50,18.00,406.6,boot
833,16.960,15.237,65.6,17109,74487,0,17070,12835,0,0,43,30.00,16.50,18.00,407.0,boot
834,16.975,15.882,63.0,17121,74520,0,17082,12847,0,0,43,30.00,16.50,18.00,407.4,boot
835,16.991,15.310,65.3,17133,74558,0,17094,12858,0,0,43,30.00,16.50,18.00,407.8,boot
836,17.006,15.278,65.5,17144,74585,0,17105,12868,0,0,43,30.00,16.50,18.00,408.1,boot
837,17.021,19.156,52.2,17156,74626,0,17117,12879,0,0,43,30.00,16.50,18.00,408.5,boot
838,17.041,18.089,55.3,17180,74785,0,17141,12903,0,0,43,30.00,16.50,18.00,409.0,boot
839,17.059,14.817,67.5,17180,74758,0,17141,12903,0,0,43,30.00,16.50,18.00,409.4,boot
840,17.073,19.823,50.4,17199,74829,0,17160,12922,0,0,43,30.00,16.50,18.00,409.8,boot
841,17.093,16.768,59.6,17208,74853,0,17169,12931,0,0,43,30.00,16.50,18.00,410.2,boot
842,17.110,25.677,38.9,17217,74889,0,17178,12946,0,0,43,30.00,16.50,18.00,410.6,boot
843,17.136,15.714,63.6,17227,74936,0,17188,12962,0,0,43,30.00,16.50,18.00,411.3,boot
844,17.151,15.814,63.2,17238,74970,0,17199,12973,0,0,43,30.00,16.50,18.00,411.6,boot
845,17.167,22.018,45.4,17246,74997,0,17207,12980,0,0,43,30.00,16.50,18.00,412.0,boot
846,17.189,17.046,58.7,17265,75049,0,17226,12998,0,0,43,30.00,16.50,18.00,412.5,boot
847,17.206,16.125,62.0,17279,75119,0,17240,13012,0,0,43,30.00,16.50,18.00,413.0,boot
848,17.223,15.666,63.8,17312,75269,0,17273,13045,0,0,43,30.00,16.50,18.00,413.3,boot
849,17.238,15.140,66.1,17282,75071,0,17243,13015,0,0,43,30.00,16.50,18.00,413.7,boot
850,17.253,18.105,55.2,17292,75193,0,17253,13031,0,0,43,30.00,16.50,18.00,414.1,boot
851,17.271,24.347,41.1,17321,75317,0,17282,13060,0,0,43,30.00,16.50,18.00,414.5,boot
852,17.296,26.827,37.3,17334,75346,0,17295,13073,0,0,43,30.00,16.50,18.00,415.1,boot
853,17.323,14.843,67.4,17361,75457,0,17322,13100,0,0,43,30.00,16.50,18.00,415.7,boot
854,17.338,14.502,69.0,17369,75482,0,17330,13108,0,0,43,30.00,16.50,18.00,416.1,boot
855,17.352,15.333,65.2,17374,75495,0,17335,13113,0,0,43,30.00,16.50,18.00,416.4,boot
856,17.367,15.101,66.2,17386,75543,0,17347,13125,0,0,43,30.00,16.50,18.00,416.8,boot
857,17.382,14.899,67.1,17400,75597,0,17361,13138,0,0,43,30.00,16.50,18.00,417.2,boot
858,17.397,13.939,71.7,17415,75663,0,17376,13153,0,0,43,30.00,16.50,18.00,417.5,boot
859,17.411,14.703,68.0,17420,75670,0,17381,13158,0,0,43,30.00,16.50,18.00,417.9,boot
860,17.426,14.984,66.7,17444,75766,0,17405,13176,0,0,43,30.00,16.50,18.00,418.2,boot
861,17.441,14.787,67.6,17459,75835,0,17420,13191,0,0,43,30.00,16.50,18.00,418.6,boot
862,17.456,16.459,60.8,17466,75900,0,17427,13198,0,0,43,30.00,16.50,18.00,418.9,boot
863,17.472,14.199,70.4,17481,75966,0,17442,13213,0,0,43,30.00,16.50,18.00,419.3,boot
864,17.487,18.680,53.5,17499,76047,0,17460,13231,0,0,43,30.00,16.50,18.00,419.7,boot
865,17.505,18.738,53.4,17521,76152,0,17482,13251,0,0,43,30.00,16.50,18.00,420.1,boot
866,17.524,14.399,69.4,17521,76134,0,17482,13251,0,0,43,30.00,16.50,18.00,420.6,boot
867,17.538,16.072,62.2,17534,76197,0,17495,13265,0,0,43,30.00,16.50,18.00,420.9,boot
868,17.554,14.611,68.4,17543,76233,0,17504,13274,0,0,43,30.00,16.50,18.00,421.3,boot
869,17.569,14.906,67.1,17552,76269,0,17513,13283,0,0,43,30.00,16.50,18.00,421.7,boot
870,17.584,15.983,62.6,17568,76340,0,17529,13299,0,0,43,30.00,16.50,18.00,422.0,boot
871,17.600,17.675,56.6,17580,76391,0,17541,13311,0,0,43,30.00,16.50,18.00,422.4,boot
872,17.618,15.251,65.6,17593,76441,0,17554,13324,0,0,43,30.00,16.50,18.00,422.8,boot
873,17.633,14.514,68.9,17607,76505,0,17568,13338,0,0,43,30.00,16.50,18.00,423.2,boot
874,17.647,15.885,63.0,17622,76586,0,17583,13353,0,0,43,30.00,16.50,18.00,423.5,boot
875,17.663,16.783,59.6,17625,76616,0,17586,13356,0,0,43,30.00,16.50,18.00,423.9,boot
876,17.680,16.639,60.1,17633,76653,0,17594,13364,0,0,43,30.00,16.50,18.00,424.3,boot
877,17.697,16.753,59.7,17644,76711,0,17605,13375,0,0,43,30.00,16.50,18.00,424.7,boot
878,17.714,20.021,49.9,17658,76775,0,17619,13389,0,0,43,30.00,16.50,18.00,425.1,boot
879,17.734,17.615,56.8,17647,76711,0,17608,13378,0,0,43,30.00,16.50,18.00,425.6,boot
880,17.751,14.051,71.2,17681,76884,0,17642,13412,0,0,43,30.00,16.50,18.00,426.0,boot
881,17.765,29.915,33.4,17705,77004,0,17666,13436,0,0,43,30.00,16.50,18.00,426.4,boot
882,17.795,16.547,60.4,17674,76836,0,17635,13404,0,0,43,30.00,16.50,18.00,427.1,boot
883,17.812,16.677,60.0,17701,76974,0,17662,13431,0,0,43,30.00,16.50,18.00,427.5,boot
884,17.828,19.144,52.2,17686,76899,0,17647,13416,0,0,43,30.00,16.50,18.00,427.9,boot
885,17.848,19.775,50.6,17705,77003,0,17666,13435,0,0,43,30.00,16.50,18.00,428.3,boot
886,17.867,17.171,58.2,17708,77024,0,17669,13438,0,0,43,30.00,16.50,18.00,428.8,boot
887,17.885,13.573,73.7,17720,77087,0,17681,13450,0,0,43,30.00,16.50,18.00,429.2,boot
888,17.898,13.412,74.6,17711,77039,0,17672,13441,0,0,43,30.00,16.50,18.00,429.6,boot
889,17.912,15.671,63.8,17721,77092,0,17682,13451,0,0,43,30.00,16.50,18.00,429.9,boot
890,17.927,16.553,60.4,17729,77129,0,17690,13459,0,0,43,30.00,16.50,18.00,430.3,boot
891,17.944,17.227,58.0,17734,77155,0,17695,13465,0,0,43,30.00,16.50,18.00,430.7,boot
892,17.961,20.241,49.4,17735,77167,0,17696,13467,0,0,43,30.00,16.50,18.00,431.1,boot
893,17.981,15.458,64.7,17744,77216,0,17705,13477,0,0,43,30.00,16.50,18.00,431.6,boot
894,17.997,13.909,71.9,17753,77273,0,17714,13486,0,0,43,30.00,16.50,18.00,431.9,boot
895,18.011,16.705,59.9,17755,77283,0,17716,13488,0,0,43,30.00,16.50,18.00,432.3,boot
896,18.027,17.992,55.6,17771,77369,0,17732,13504,0,0,43,30.00,16.50,18.00,432.7,boot
897,18.045,23.507,42.5,17767,77355,0,17728,13500,0,0,43,30.00,16.50,18.00,433.1,boot
898,18.069,17.119,58.4,17779,77451,0,17740,13512,0,0,43,30.00,16.50,18.00,433.7,boot
899,18.086,14.603,68.5,17782,77470,0,17743,13516,0,0,43,30.00,16.50,18.00,434.1,boot
900,18.101,13.520,74.0,17793,77534,0,17754,13527,0,0,43,30.00,16.50,18.00,434.4,boot
901,18.114,14.043,71.2,17789,77520,0,17750,13523,0,0,43,30.00,16.50,18.00,434.7,boot
902,18.128,18.096,55.3,17801,77580,0,17762,13535,0,0,43,30.00,16.50,18.00,435.1,boot
903,18.146,17.164,58.3,17811,77633,0,17772,13545,0,0,43,30.00,16.50,18.00,435.5,boot
904,18.164,16.736,59.8,17817,77666,0,17778,13551,0,0,43,30.00,16.50,18.00,435.9,boot
905,18.180,26.877,37.2,17823,77701,0,17784,13559,0,0,43,30.00,16.50,18.00,436.3,boot
906,18.207,14.394,69.5,17843,77825,0,17804,13579,0,0,43,30.00,16.50,18.00,437.0,boot
907,18.222,13.821,72.4,17835,77797,0,17796,13571,0,0,43,30.00,16.50,18.00,437.3,boot
908,18.235,14.200,70.4,17845,77853,0,17806,13581,0,0,43,30.00,16.50,18.00,437.7,boot
909,18.250,13.970,71.6,17855,77913,0,17816,13592,0,0,43,30.00,16.50,18.00,438.0,boot
910,18.264,18.909,52.9,17861,77949,0,17822,13598,0,0,43,30.00,16.50,18.00,438.3,boot
911,18.283,17.249,58.0,17869,78042,0,17830,13608,0,0,43,30.00,16.50,18.00,438.8,boot
912,18.300,13.933,71.8,17874,78074,0,17835,13614,0,0,43,30.00,16.50,18.00,439.2,boot
913,18.314,16.515,60.6,17882,78126,0,17843,13622,0,0,43,30.00,16.50,18.00,439.5,boot
914,18.330,16.303,61.3,17895,78203,0,17856,13635,0,0,43,30.00,16.50,18.00,439.9,boot
915,18.347,16.451,60.8,17900,78238,0,17861,13641,0,0,43,30.00,16.50,18.00,440.3,boot
916,18.363,22.095,45.3,17909,78292,0,17870,13650,0,0,43,30.00,16.50,18.00,440.7,boot
917,18.385,14.635,68.3,17925,78391,0,17886,13667,0,0,43,30.00,16.50,18.00,441.2,boot
918,18.400,14.049,71.2,17930,78429,0,17891,13673,0,0,43,30.00,16.50,18.00,441.6,boot
919,18.414,15.577,64.2,17940,78485,0,17901,13683,0,0,43,30.00,16.50,18.00,441.9,boot
920,18.429,17.285,57.9,17945,78517,0,17906,13689,0,0,43,30.00,16.50,18.00,442.3,boot
921,18.447,16.352,61.2,17946,78536,0,17907,13692,0,0,43,30.00,16.50,18.00,442.7,boot
922,18.463,16.773,59.6,17954,78583,0,17915,13701,0,0,43,30.00,16.50,18.00,443.1,boot
923,18.480,16.815,59.5,17973,78691,0,17934,13721,0,0,43,30.00,16.50,18.00,443.5,boot
924,18.497,18.532,54.0,17968,78724,0,17929,13717,0,0,43,30.00,16.50,18.00,443.9,boot
925,18.515,15.465,64.7,17972,78755,0,17933,13723,0,0,43,30.00,16.50,18.00,444.4,boot
926,18.531,18.971,52.7,17987,78837,0,17948,13739,0,0,43,30.00,16.50,18.00,444.7,boot
927,18.550,14.766,67.7,17995,78890,0,17956,13748,0,0,43,30.00,16.50,18.00,445.2,boot
928,18.565,15.883,63.0,18013,78965,0,17974,13760,0,0,43,30.00,16.50,18.00,445.5,boot
929,18.580,16.566,60.4,18008,78951,0,17969,13757,0,0,43,30.00,16.50,18.00,445.9,boot
930,18.597,16.594,60.3,18010,78968,0,17971,13760,0,0,43,30.00,16.50,18.00,446.3,boot
931,18.614,16.906,59.2,18014,78998,0,17975,13765,0,0,43,30.00,16.50,18.00,446.7,boot
932,18.631,15.562,64.3,18008,78990,0,17969,13766,0,0,43,30.00,16.50,18.00,447.1,boot
933,18.646,16.961,59.0,18009,78994,0,17970,13769,0,0,43,30.00,16.50,18.00,447.5,boot
934,18.663,16.414,60.9,18006,78982,0,17967,13766,0,0,43,30.00,16.50,18.00,447.9,boot
935,18.679,18.582,53.8,18007,78999,0,17968,13767,0,0,43,30.00,16.50,18.00,448.3,boot
936,18.698,17.780,56.2,18020,79133,0,17981,13780,0,0,43,30.00,16.50,18.00,448.8,boot
937,18.716,15.941,62.7,18018,79133,0,17979,13779,0,0,43,30.00,16.50,18.00,449.2,boot
938,18.732,32.201,31.1,17993,79015,0,17954,13755,0,0,43,30.00,16.50,18.00,449.6,boot
939,18.764,16.145,61.9,17987,78997,0,17948,13749,0,0,43,30.00,16.50,18.00,450.3,boot
940,18.780,16.647,60.1,18006,79101,0,17967,13768,0,0,43,30.00,16.50,18.00,450.7,boot
941,18.797,16.941,59.0,18012,79143,0,17973,13774,0,0,43,30.00,16.50,18.00,451.1,boot
942,18.814,17.156,58.3,17996,79071,0,17957,13763,0,0,43,30.00,16.50,18.00,451.5,boot
943,18.831,15.552,64.3,17979,78997,0,17940,13751,0,0,43,30.00,16.50,18.00,451.9,boot
944,18.846,16.582,60.3,17971,78967,0,17932,13747,0,0,43,30.00,16.50,18.00,452.3,boot
945,18.863,17.159,58.3,17969,78962,0,17930,13747,0,0,43,30.00,16.50,18.00,452.7,boot
946,18.880,16.080,62.2,17965,78944,0,17926,13745,0,0,43,30.00,16.50,18.00,453.1,boot
947,18.896,16.964,58.9,17957,78911,0,17918,13738,0,0,43,30.00,16.50,18.00,453.5,boot
948,18.913,16.988,58.9,17959,78981,0,17920,13734,0,0,43,30.00,16.50,18.00,453.9,boot
949,18.930,16.211,61.7,17957,78977,0,17918,13732,0,0,43,30.00,16.50,18.00,454.3,boot
950,18.947,16.406,61.0,17951,78948,0,17912,13727,0,0,43,30.00,16.50,18.00,454.7,boot
951,18.963,17.167,58.3,17937,78883,0,17898,13715,0,0,43,30.00,16.50,18.00,455.1,boot
952,18.980,16.646,60.1,17932,78865,0,17893,13711,0,0,43,30.00,16.50,18.00,455.5,boot
953,18.997,15.974,62.6,17918,78805,0,17879,13698,0,0,43,30.00,16.50,18.00,455.9,boot
954,19.013,16.427,60.9,17904,78742,0,17865,13685,0,0,43,30.00,16.50,18.00,456.3,boot
955,19.029,18.011,55.5,17894,78689,0,17855,13675,0,0,43,30.00,16.50,18.00,456.7,boot
956,19.047,22.788,43.9,17879,78623,0,17840,13663,0,0,43,30.00,16.50,18.00,457.1,boot
957,19.070,17.865,56.0,17863,78551,0,17824,13649,0,0,43,30.00,16.50,18.00,457.7,boot
958,19.088,14.165,70.6,17850,78473,0,17811,13632,0,0,43,30.00,16.50,18.00,458.1,boot
959,19.102,14.104,70.9,17841,78437,0,17802,13626,0,0,43,30.00,16.50,18.00,458.4,boot
960,19.116,16.674,60.0,17834,78485,0,17795,13621,0,0,43,30.00,16.50,18.00,458.8,boot
961,19.133,13.907,71.9,17819,78417,0,17780,13607,0,0,43,30.00,16.50,18.00,459.2,boot
962,19.147,16.228,61.6,17805,78354,0,17766,13594,0,0,43,30.00,16.50,18.00,459.5,boot
963,19.163,16.404,61.0,17789,78284,0,17750,13582,0,0,43,30.00,16.50,18.00,459.9,boot
964,19.179,16.255,61.5,17778,78237,0,17739,13573,0,0,43,30.00,16.50,18.00,460.3,boot
965,19.196,20.026,49.9,17769,78198,0,17730,13564,0,0,43,30.00,16.50,18.00,460.7,boot
966,19.216,16.126,62.0,17754,78136,0,17715,13553,0,0,43,30.00,16.50,18.00,461.2,boot
967,19.232,14.405,69.4,17738,78062,0,17699,13537,0,0,43,30.00,16.50,18.00,461.6,boot
968,19.246,17.105,58.5,17727,78006,0,17688,13528,0,0,43,30.00,16.50,18.00,461.9,boot
969,19.263,16.061,62.3,17715,77953,0,17676,13520,0,0,43,30.00,16.50,18.00,462.3,boot
970,19.279,21.951,45.6,17698,77867,0,17659,13505,0,0,43,30.00,16.50,18.00,462.7,boot
971,19.301,14.520,68.9,17686,77812,0,17647,13495,0,0,43,30.00,16.50,18.00,463.2,boot
972,19.316,14.497,69.0,17674,77758,0,17635,13486,0,0,43,30.00,16.50,18.00,463.6,boot
973,19.331,16.751,59.7,17656,77768,0,17617,13469,0,0,43,30.00,16.50,18.00,463.9,boot
974,19.347,14.810,67.5,17646,77726,0,17607,13464,0,0,43,30.00,16.50,18.00,464.3,boot
975,19.362,16.307,61.3,17638,77687,0,17599,13457,0,0,43,30.00,16.50,18.00,464.7,boot
976,19.378,16.671,60.0,17631,77653,0,17592,13451,0,0,43,30.00,16.50,18.00,465.1,boot
977,19.395,20.381,49.1,17608,77546,0,17569,13433,0,0,43,30.00,16.50,18.00,465.5,boot
978,19.416,17.451,57.3,17605,77536,0,17566,13432,0,0,43,30.00,16.50,18.00,466.0,boot
979,19.433,13.786,72.5,17592,77476,0,17553,13421,0,0,43,30.00,16.50,18.00,466.4,boot
980,19.447,15.731,63.6,17592,77487,0,17553,13423,0,0,43,30.00,16.50,18.00,466.7,boot
981,19.463,16.740,59.7,17594,77484,0,17555,13421,0,0,43,30.00,16.50,18.00,467.1,boot
982,19.479,16.328,61.2,17592,77490,0,17553,13423,0,0,43,30.00,16.50,18.00,467.5,boot
983,19.496,17.331,57.7,17582,77441,0,17543,13414,0,0,43,30.00,16.50,18.00,467.9,boot
984,19.513,20.434,48.9,17571,77391,0,17532,13408,0,0,43,30.00,16.50,18.00,468.3,boot
985,19.533,17.475,57.2,17557,77431,0,17518,13396,0,0,43,30.00,16.50,18.00,468.8,boot
986,19.551,14.584,68.6,17569,77498,0,17530,13409,0,0,43,30.00,16.50,18.00,469.2,boot
987,19.565,13.771,72.6,17549,77401,0,17510,13392,0,0,43,30.00,16.50,18.00,469.6,boot
988,19.579,16.258,61.5,17544,77403,0,17505,13396,0,0,43,30.00,16.50,18.00,469.9,boot
989,19.596,17.779,56.2,17545,77400,0,17506,13398,0,0,43,30.00,16.50,18.00,470.3,boot
990,19.613,16.655,60.0,17531,77331,0,17492,13388,0,0,43,30.00,16.50,18.00,470.7,boot
991,19.630,16.257,61.5,17532,77331,0,17493,13390,0,0,43,30.00,16.50,18.00,471.1,boot
992,19.646,18.139,55.1,17529,77325,0,17490,13393,0,0,43,30.00,16.50,18.00,471.5,boot
993,19.664,16.646,60.1,17537,77361,0,17498,13403,0,0,43,30.00,16.50,18.00,471.9,boot
994,19.681,16.545,60.4,17526,77306,0,17487,13392,0,0,43,30.00,16.50,18.00,472.3,boot
995,19.698,19.271,51.9,17536,77362,0,17497,13405,0,0,43,30.00,16.50,18.00,472.7,boot
996,19.717,14.622,68.4,17519,77278,0,17480,13389,0,0,43,30.00,16.50,18.00,473.2,boot
997,19.732,55.975,17.9,17529,77336,0,17490,13401,0,0,43,30.00,16.50,18.00,473.6,boot
998,19.788,32.100,31.2,17600,77808,0,17561,13476,0,0,43,30.00,16.50,18.00,474.9,boot
999,19.820,25.710,38.9,17614,77871,0,17575,13490,0,0,43,30.00,16.50,18.00,475.7,boot
1000,19.845,19.727,50.7,17629,77945,0,17590,13508,0,0,43,30.00,16.50,18.00,476.3,boot
1001,19.865,14.404,69.4,17655,78077,0,17616,13536,0,0,43,30.00,16.50,18.00,476.8,boot
1002,19.879,14.730,67.9,17670,78154,0,17631,13550,0,0,43,30.00,16.50,18.00,477.1,boot
1003,19.894,14.651,68.3,17683,78215,0,17644,13560,0,0,43,30.00,16.50,18.00,477.5,boot
1004,19.909,14.811,67.5,17679,78197,0,17640,13558,0,0,43,30.00,16.50,18.00,477.8,boot
1005,19.924,14.706,68.0,17670,78158,0,17631,13555,0,0,43,30.00,16.50,18.00,478.2,boot
1006,19.938,14.777,67.7,17671,78163,0,17632,13556,0,0,43,30.00,16.50,18.00,478.5,boot
1007,19.953,16.155,61.9,17678,78190,0,17639,13556,0,0,43,30.00,16.50,18.00,478.9,boot
1008,19.969,20.937,47.8,17692,78255,0,17653,13568,0,0,43,30.00,16.50,18.00,479.3,boot
1009,19.990,17.883,55.9,17705,78441,0,17666,13576,0,0,43,30.00,16.50,18.00,479.8,boot
1010,20.008,15.217,65.7,17704,78442,0,17665,13581,0,0,43,30.00,16.50,18.00,480.2,boot
1011,20.023,14.868,67.3,17682,78334,0,17643,13561,0,0,43,30.00,16.50,18.00,480.6,boot
1012,20.038,15.297,65.4,17672,78284,0,17633,13551,0,0,43,30.00,16.50,18.00,480.9,boot
1013,20.054,14.848,67.3,17658,78216,0,17619,13539,0,0,43,30.00,16.50,18.00,481.3,boot
1014,20.068,16.869,59.3,17640,78126,0,17601,13521,0,0,43,30.00,16.50,18.00,481.6,boot
1015,20.085,18.325,54.6,17620,78029,0,17581,13504,0,0,43,30.00,16.50,18.00,482.0,boot
1016,20.104,15.597,64.1,17587,77865,0,17548,13472,0,0,43,30.00,16.50,18.00,482.5,boot
1017,20.119,15.182,65.9,17569,77778,0,17530,13457,0,0,43,30.00,16.50,18.00,482.9,boot
1018,20.134,15.055,66.4,17553,77681,0,17514,13436,0,0,43,30.00,16.50,18.00,483.2,boot
1019,20.150,14.927,67.0,17543,77629,0,17504,13425,0,0,43,30.00,16.50,18.00,483.6,boot
1020,20.164,22.092,45.3,17526,77545,0,17487,13409,0,0,43,30.00,16.50,18.00,483.9,boot
1021,20.187,16.899,59.2,17506,77441,0,17467,13387,0,0,43,30.00,16.50,18.00,484.5,boot
1022,20.204,17.913,55.8,17480,77437,0,17441,13364,0,0,43,30.00,16.50,18.00,484.9,boot
1023,20.221,16.274,61.4,17459,77332,0,17420,13343,0,0,43,30.00,16.50,18.00,485.3,boot
1024,20.238,15.218,65.7,17434,77226,0,17395,13325,0,0,43,30.00,16.50,18.00,485.7,boot
1025,20.253,15.241,65.6,17398,77044,0,17359,13289,0,0,43,30.00,16.50,18.00,486.1,boot
1026,20.268,14.761,67.7,17416,77134,0,17377,13307,0,0,43,30.00,16.50,18.00,486.4,boot
1027,20.283,16.074,62.2,17384,76976,0,17345,13277,0,0,43,30.00,16.50,18.00,486.8,boot
1028,20.299,17.264,57.9,17348,76816,0,17309,13249,0,0,43,30.00,16.50,18.00,487.2,boot
1029,20.316,18.198,55.0,17333,76735,0,17294,13234,0,0,43,30.00,16.50,18.00,487.6,boot
1030,20.335,15.467,64.7,17306,76596,0,17267,13209,0,0,43,30.00,16.50,18.00,488.0,boot
1031,20.350,14.967,66.8,17296,76543,0,17257,13199,0,0,43,30.00,16.50,18.00,488.4,boot
1032,20.365,15.625,64.0,17278,76447,0,17239,13181,0,0,43,30.00,16.50,18.00,488.8,boot
1033,20.381,15.481,64.6,17260,76356,0,17221,13165,0,0,43,30.00,16.50,18.00,489.1,boot
1034,20.396,19.676,50.8,17240,76253,0,17201,13145,0,0,43,30.00,16.50,18.00,489.5,boot
1035,20.416,18.038,55.4,17217,76259,0,17178,13123,0,0,43,30.00,16.50,18.00,490.0,boot
1036,20.434,15.015,66.6,17198,76164,0,17159,13104,0,0,43,30.00,16.50,18.00,490.4,boot
1037,20.449,14.686,68.1,17167,76009,0,17128,13073,0,0,43,30.00,16.50,18.00,490.8,boot
1038,20.464,15.657,63.9,17155,75950,0,17116,13062,0,0,43,30.00,16.50,18.00,491.1,boot
1039,20.479,16.923,59.1,17143,75893,0,17104,13050,0,0,43,30.00,16.50,18.00,491.5,boot
1040,20.496,17.973,55.6,17121,75783,0,17082,13028,0,0,43,30.00,16.50,18.00,491.9,boot
1041,20.514,21.422,46.7,17095,75655,0,17056,13004,0,0,43,30.00,16.50,18.00,492.3,boot
1042,20.536,16.341,61.2,17072,75543,0,17033,12981,0,0,43,30.00,16.50,18.00,492.9,boot
1043,20.552,17.992,55.6,17057,75467,0,17018,12965,0,0,43,30.00,16.50,18.00,493.2,boot
1044,20.570,15.672,63.8,17041,75387,0,17002,12949,0,0,43,30.00,16.50,18.00,493.7,boot
1045,20.586,15.414,64.9,17035,75342,0,16996,12937,0,0,43,30.00,16.50,18.00,494.1,boot
1046,20.601,16.136,62.0,17023,75282,0,16984,12925,0,0,43,30.00,16.50,18.00,494.4,boot
1047,20.617,19.362,51.6,17012,75354,0,16973,12915,0,0,43,30.00,16.50,18.00,494.8,boot
1048,20.637,16.090,62.2,17019,75385,0,16980,12921,0,0,43,30.00,16.50,18.00,495.3,boot
1049,20.653,15.844,63.1,17028,75430,0,16989,12930,0,0,43,30.00,16.50,18.00,495.7,boot
1050,20.669,15.434,64.8,17044,75516,0,17005,12946,0,0,43,30.00,16.50,18.00,496.0,boot
1051,20.684,15.221,65.7,17045,75518,0,17006,12945,0,0,43,30.00,16.50,18.00,496.4,boot
1052,20.699,16.888,59.2,17050,75540,0,17011,12950,0,0,43,30.00,16.50,18.00,496.8,boot
1053,20.716,16.600,60.2,17054,75556,0,17015,12953,0,0,43,30.00,16.50,18.00,497.2,boot
1054,20.733,17.678,56.6,17059,75578,0,17020,12958,0,0,43,30.00,16.50,18.00,497.6,boot
1055,20.750,15.740,63.5,17064,75600,0,17025,12963,0,0,43,30.00,16.50,18.00,498.0,boot
1056,20.766,16.377,61.1,17065,75581,0,17026,12958,0,0,43,30.00,16.50,18.00,498.4,boot
1057,20.783,18.902,52.9,17069,75597,0,17030,12961,0,0,43,30.00,16.50,18.00,498.8,boot
1058,20.802,17.512,57.1,17068,75589,0,17029,12958,0,0,43,30.00,16.50,18.00,499.2,boot
1059,20.819,20.791,48.1,17064,75704,0,17025,12954,0,0,43,30.00,16.50,18.00,499.7,boot
1060,20.840,18.701,53.5,17055,75656,0,17016,12945,0,0,43,30.00,16.50,18.00,500.2,boot
1061,20.859,24.105,41.5,17058,75668,0,17019,12948,0,0,43,30.00,16.50,18.00,500.6,boot
1062,20.883,17.157,58.3,17053,75639,0,17014,12942,0,0,43,30.00,16.50,18.00,501.2,boot
1063,20.900,16.287,61.4,17044,75591,0,17005,12933,0,0,43,30.00,16.50,18.00,501.6,boot
1064,20.916,16.475,60.7,17043,75586,0,17004,12932,0,0,43,30.00,16.50,18.00,502.0,boot
1065,20.933,16.563,60.4,17046,75597,0,17007,12934,0,0,43,30.00,16.50,18.00,502.4,boot
1066,20.949,23.044,43.4,17049,75609,0,17010,12937,0,0,43,30.00,16.50,18.00,502.8,boot
1067,20.972,20.338,49.2,17045,75580,0,17006,12931,0,0,43,30.00,16.50,18.00,503.3,boot
1068,20.993,16.364,61.1,17038,75539,0,16999,12924,0,0,43,30.00,16.50,18.00,503.8,boot
1069,21.009,16.348,61.2,17038,75533,0,16999,12924,0,0,43,30.00,16.50,18.00,504.2,boot
1070,21.025,20.865,47.9,17034,75659,0,16995,12919,0,0,43,30.00,16.50,18.00,504.6,boot
1071,21.046,17.224,58.1,17034,75653,0,16995,12919,0,0,43,30.00,16.50,18.00,505.1,boot
1072,21.063,18.082,55.3,17027,75618,0,16988,12912,0,0,43,30.00,16.50,18.00,505.5,boot
1073,21.082,18.669,53.6,17027,75614,0,16988,12911,0,0,43,30.00,16.50,18.00,506.0,boot
1074,21.100,21.134,47.3,17033,75644,0,16994,12917,0,0,43,30.00,16.50,18.00,506.4,boot
1075,21.121,17.527,57.1,17026,75612,0,16987,12910,0,0,43,30.00,16.50,18.00,506.9,boot
1076,21.139,17.705,56.5,17026,75606,0,16987,12910,0,0,43,30.00,16.50,18.00,507.3,boot
1077,21.157,27.030,37.0,17047,75701,0,17008,12930,0,0,43,30.00,16.50,18.00,507.8,boot
1078,21.184,22.921,43.6,17062,75770,0,17023,12945,0,0,43,30.00,16.50,18.00,508.4,boot
1079,21.207,18.395,54.4,17056,75748,0,17017,12944,0,0,43,30.00,16.50,18.00,509.0,boot
1080,21.225,18.630,53.7,17081,75867,0,17042,12969,0,0,43,30.00,16.50,18.00,509.4,boot
1081,21.244,21.402,46.7,17098,76100,0,17059,12984,0,0,43,30.00,16.50,18.00,509.8,boot
1082,21.265,18.344,54.5,17104,76127,0,17065,12990,0,0,43,30.00,16.50,18.00,510.4,boot
1083,21.283,20.163,49.6,17100,76104,0,17061,12986,0,0,43,30.00,16.50,18.00,510.8,boot
1084,21.304,19.100,52.4,17106,76129,0,17067,12990,0,0,43,30.00,16.50,18.00,511.3,boot
1085,21.323,25.997,38.5,17115,76173,0,17076,12998,0,0,43,30.00,16.50,18.00,511.7,boot
1086,21.349,18.172,55.0,17147,76325,0,17108,13028,0,0,43,30.00,16.50,18.00,512.4,boot
1087,21.367,17.864,56.0,17167,76415,0,17128,13045,0,0,43,30.00,16.50,18.00,512.8,boot
1088,21.385,17.890,55.9,17191,76534,0,17152,13068,0,0,43,30.00,16.50,18.00,513.2,boot
1089,21.403,18.582,53.8,17217,76642,0,17178,13085,0,0,43,30.00,16.50,18.00,513.7,boot
1090,21.421,18.064,55.4,17228,76698,0,17189,13094,0,0,43,30.00,16.50,18.00,514.1,boot
1091,21.439,19.113,52.3,17251,76818,0,17212,13116,0,0,43,30.00,16.50,18.00,514.5,boot
1092,21.459,22.347,44.7,17277,77095,0,17238,13142,0,0,43,30.00,16.50,18.00,515.0,boot
1093,21.481,18.843,53.1,17314,77281,0,17275,13175,0,0,43,30.00,16.50,18.00,515.5,boot
1094,21.500,19.202,52.1,17331,77365,0,17292,13191,0,0,43,30.00,16.50,18.00,516.0,boot
1095,21.519,20.275,49.3,17363,77521,0,17324,13222,0,0,43,30.00,16.50,18.00,516.5,boot
1096,21.539,28.035,35.7,17369,77538,0,17330,13227,0,0,43,30.00,16.50,18.00,516.9,boot
1097,21.567,19.503,51.3,17397,77670,0,17358,13253,0,0,43,30.00,16.50,18.00,517.6,boot
1098,21.587,20.399,49.0,17429,77825,0,17390,13281,0,0,43,30.00,16.50,18.00,518.1,boot
1099,21.607,19.830,50.4,17440,77874,0,17401,13292,0,0,43,30.00,16.50,18.00,518.6,boot
1100,21.627,25.417,39.3,17448,77913,0,17409,13299,0,0,43,30.00,16.50,18.00,519.0,boot
1101,21.652,20.616,48.5,17453,77943,0,17414,13303,0,0,43,30.00,16.50,18.00,519.7,boot
1102,21.673,23.111,43.3,17458,78110,0,17419,13306,0,0,43,30.00,16.50,18.00,520.2,boot
1103,21.696,19.382,51.6,17458,78103,0,17419,13305,0,0,43,30.00,16.50,18.00,520.7,boot
1104,21.716,19.817,50.5,17470,78156,0,17431,13316,0,0,43,30.00,16.50,18.00,521.2,boot
1105,21.735,25.514,39.2,17470,78156,0,17431,13316,0,0,43,30.00,16.50,18.00,521.7,boot
1106,21.761,20.483,48.8,17474,78169,0,17435,13319,0,0,43,30.00,16.50,18.00,522.3,boot
1107,21.781,22.549,44.3,17474,78164,0,17435,13315,0,0,43,30.00,16.50,18.00,522.8,boot
1108,21.804,20.651,48.4,17482,78194,0,17443,13322,0,0,43,30.00,16.50,18.00,523.3,boot
1109,21.825,20.463,48.9,17488,78213,0,17449,13326,0,0,43,30.00,16.50,18.00,523.8,boot
1110,21.845,25.181,39.7,17506,78293,0,17467,13343,0,0,43,30.00,16.50,18.00,524.3,boot
1111,21.870,54.884,18.2,17511,78303,0,17472,13348,0,0,43,30.00,16.50,18.00,524.9,boot
1112,21.925,22.698,44.1,17553,78598,0,17514,13388,0,0,43,30.00,16.50,18.00,526.2,boot
1113,21.948,21.209,47.1,17571,78664,0,17532,13406,0,0,43,30.00,16.50,18.00,526.8,boot
1114,21.969,21.758,46.0,17580,78712,0,17541,13421,0,0,43,30.00,16.50,18.00,527.3,boot
1115,21.991,19.596,51.0,17598,78772,0,17559,13439,0,0,43,30.00,16.50,18.00,527.8,boot
1116,22.011,20.621,48.5,17613,78832,0,17574,13454,0,0,43,30.00,16.50,18.00,528.3,boot
1117,22.031,20.926,47.8,17626,78870,0,17587,13467,0,0,43,30.00,16.50,18.00,528.7,boot
1118,22.052,20.604,48.5,17640,78934,0,17601,13487,0,0,43,30.00,16.50,18.00,529.3,boot
1119,22.073,28.994,34.5,17636,78887,0,17597,13483,0,0,43,30.00,16.50,18.00,529.7,boot
1120,22.102,24.847,40.2,17646,78904,0,17607,13493,0,0,43,30.00,16.50,18.00,530.4,boot
1121,22.127,23.729,42.1,17659,79053,0,17620,13506,0,0,43,30.00,16.50,18.00,531.0,boot
1122,22.150,21.660,46.2,17658,79033,0,17619,13505,0,0,43,30.00,16.50,18.00,531.6,boot
1123,22.172,26.738,37.4,17655,78997,0,17616,13502,0,0,43,30.00,16.50,18.00,532.1,boot
1124,22.199,29.399,34.0,17674,79107,0,17635,13521,0,0,43,30.00,16.50,18.00,532.8,boot
1125,22.228,24.086,41.5,17628,78865,0,17589,13475,0,0,43,30.00,16.50,18.00,533.5,boot
1126,22.252,21.671,46.1,17683,79146,0,17644,13530,0,0,43,30.00,16.50,18.00,534.1,boot
1127,22.274,21.699,46.1,17653,79011,0,17614,13500,0,0,43,30.00,16.50,18.00,534.6,boot
1128,22.296,22.006,45.4,17666,79082,0,17627,13513,0,0,43,30.00,16.50,18.00,535.1,boot
1129,22.318,23.089,43.3,17654,79049,0,17615,13507,0,0,43,30.00,16.50,18.00,535.6,boot
1130,22.341,25.479,39.2,17651,79208,0,17612,13504,0,0,43,30.00,16.50,18.00,536.2,boot
1131,22.366,22.086,45.3,17663,79283,0,17624,13516,0,0,43,30.00,16.50,18.00,536.8,boot
1132,22.388,22.279,44.9,17658,79270,0,17619,13511,0,0,43,30.00,16.50,18.00,537.3,boot
1133,22.411,28.905,34.6,17657,79268,0,17618,13510,0,0,43,30.00,16.50,18.00,537.9,boot
1134,22.440,22.843,43.8,17662,79311,0,17623,13515,0,0,43,30.00,16.50,18.00,538.6,boot
1135,22.463,26.446,37.8,17662,79326,0,17623,13515,0,0,43,30.00,16.50,18.00,539.1,boot
1136,22.489,28.978,34.5,17669,79373,0,17630,13522,0,0,43,30.00,16.50,18.00,539.7,boot
1137,22.518,20.985,47.7,17667,79375,0,17628,13520,0,0,43,30.00,16.50,18.00,540.4,boot
1138,22.539,28.750,34.8,17662,79368,0,17623,13515,0,0,43,30.00,16.50,18.00,540.9,boot
1139,22.568,25.929,38.6,17669,79574,0,17630,13522,0,0,43,30.00,16.50,18.00,541.6,boot
1140,22.594,25.516,39.2,17664,79549,0,17625,13517,0,0,43,30.00,16.50,18.00,542.2,boot
1141,22.619,27.651,36.2,17663,79565,0,17624,13516,0,0,43,30.00,16.50,18.00,542.9,boot
1142,22.647,26.957,37.1,17664,79597,0,17625,13517,0,0,43,30.00,16.50,18.00,543.5,boot
1143,22.674,27.835,35.9,17664,79603,0,17625,13517,0,0,43,30.00,16.50,18.00,544.2,boot
1144,22.702,26.519,37.7,17668,79641,0,17629,13521,0,0,43,30.00,16.50,18.00,544.8,boot
1145,22.728,26.547,37.7,17651,79559,0,17612,13504,0,0,43,30.00,16.50,18.00,545.5,boot
1146,22.755,26.744,37.4,17680,79755,0,17641,13533,0,0,43,30.00,16.50,18.00,546.1,boot
1147,22.782,27.316,36.6,17638,79656,0,17599,13491,0,0,43,30.00,16.50,18.00,546.8,boot
1148,22.809,27.464,36.4,17663,79829,0,17624,13516,0,0,43,30.00,16.50,18.00,547.4,boot
1149,22.837,26.895,37.2,17663,79829,0,17624,13516,0,0,43,30.00,16.50,18.00,548.1,boot
1150,22.864,31.632,31.6,17660,79832,0,17621,13513,0,0,43,30.00,16.50,18.00,548.7,boot
1151,22.895,25.322,39.5,17664,79849,0,17625,13511,0,0,43,30.00,16.50,18.00,549.5,boot
1152,22.920,28.942,34.6,17665,79872,0,17626,13512,0,0,43,30.00,16.50,18.00,550.1,boot
1153,22.949,28.488,35.1,17668,79908,0,17629,13515,0,0,43,30.00,16.50,18.00,550.8,boot
1154,22.978,30.955,32.3,17675,79949,0,17636,13516,0,0,43,30.00,16.50,18.00,551.5,boot
1155,23.009,27.019,37.0,17670,80062,0,17631,13511,0,0,43,30.00,16.50,18.00,552.2,boot
1156,23.036,29.437,34.0,17673,80114,0,17634,13518,0,0,43,30.00,16.50,18.00,552.9,boot
1157,23.065,28.982,34.5,17672,80125,0,17633,13515,0,0,43,30.00,16.50,18.00,553.6,boot
1158,23.094,29.702,33.7,17677,80165,0,17638,13520,0,0,43,30.00,16.50,18.00,554.3,boot
1159,23.124,30.041,33.3,17684,80200,0,17645,13518,0,0,43,30.00,16.50,18.00,555.0,boot
1160,23.154,30.278,33.0,17693,80257,0,17654,13524,0,0,43,30.00,16.50,18.00,555.7,boot
1161,23.185,29.479,33.9,17694,80285,0,17655,13524,0,0,43,30.00,16.50,18.00,556.4,boot
1162,23.214,31.058,32.2,17694,80424,0,17655,13519,0,0,43,30.00,16.50,18.00,557.1,boot
1163,23.245,31.033,32.2,17694,80451,0,17655,13518,0,0,43,30.00,16.50,18.00,557.9,boot
1164,23.276,30.585,32.7,17703,80502,0,17664,13521,0,0,43,30.00,16.50,18.00,558.6,boot
1165,23.307,29.359,34.1,17708,80556,0,17669,13522,0,0,43,30.00,16.50,18.00,559.4,boot
1166,23.336,29.876,33.5,17721,80632,0,17682,13528,0,0,43,30.00,16.50,18.00,560.1,boot
1167,23.366,30.237,33.1,17725,80691,0,17686,13535,0,0,43,30.00,16.50,18.00,560.8,boot
1168,23.396,30.068,33.3,17737,80765,0,17698,13540,0,0,43,30.00,16.50,18.00,561.5,boot
1169,23.426,32.061,31.2,17755,80995,0,17716,13554,0,0,43,30.00,16.50,18.00,562.2,boot
1170,23.459,31.908,31.3,17774,81095,0,17735,13568,0,0,43,30.00,16.50,18.00,563.0,boot
1171,23.491,32.292,31.0,17793,81223,0,17754,13584,0,0,43,30.00,16.50,18.00,563.8,boot
1172,23.523,32.416,30.8,17830,81398,0,17791,13612,0,0,43,30.00,16.50,18.00,564.5,boot
1173,23.555,32.921,30.4,17846,81498,0,17807,13621,0,0,43,30.00,16.50,18.00,565.3,boot
1174,23.588,33.433,29.9,17872,81641,0,17833,13642,0,0,43,30.00,16.50,18.00,566.1,boot
1175,23.622,33.018,30.3,17903,81818,0,17864,13671,0,0,43,30.00,16.50,18.00,566.9,boot
1176,23.655,33.425,29.9,17930,82094,0,17891,13693,0,0,43,30.00,16.50,18.00,567.7,boot
1177,23.688,33.744,29.6,17954,82229,0,17915,13711,0,0,43,30.00,16.50,18.00,568.5,boot
1178,23.722,34.583,28.9,17986,82383,0,17947,13734,0,0,43,30.00,16.50,18.00,569.3,boot
1179,23.757,32.656,30.6,18034,82668,0,17995,13779,0,0,43,30.00,16.50,18.00,570.2,boot
1180,23.789,32.569,30.7,18051,82781,0,18012,13790,0,0,43,30.00,16.50,18.00,570.9,boot
1181,23.822,34.319,29.1,18086,82966,0,18047,13823,0,0,43,30.00,16.50,18.00,571.7,boot
1182,23.856,33.505,29.8,18111,83211,0,18072,13836,0,0,43,30.00,16.50,18.00,572.5,boot
1183,23.890,33.956,29.4,18131,83350,0,18092,13853,0,0,43,30.00,16.50,18.00,573.4,boot
1184,23.924,33.958,29.4,18162,83508,0,18123,13872,0,0,43,30.00,16.50,18.00,574.2,boot
1185,23.958,33.685,29.7,18205,83727,0,18166,13896,0,0,43,30.00,16.50,18.00,575.0,boot
1186,23.991,33.924,29.5,18238,83920,0,18199,13921,0,0,43,30.00,16.50,18.00,575.8,boot
1187,24.025,34.577,28.9,18261,84045,0,18222,13936,0,0,43,30.00,16.50,18.00,576.6,boot
1188,24.060,36.441,27.4,18286,84292,0,18247,13949,0,0,43,30.00,16.50,18.00,577.4,boot
1189,24.096,32.652,30.6,18319,84479,0,18280,13977,0,0,43,30.00,16.50,18.00,578.3,boot
1190,24.129,34.978,28.6,18352,84669,0,18313,14002,0,0,43,30.00,16.50,18.00,579.1,boot
1191,24.164,35.002,28.6,18382,84836,0,18343,14019,0,0,43,30.00,16.50,18.00,579.9,boot
1192,24.199,34.832,28.7,18412,84984,0,18373,14035,0,0,43,30.00,16.50,18.00,580.8,boot
1193,24.234,36.942,27.1,18450,85164,0,18411,14045,0,0,43,30.00,16.50,18.00,581.6,boot
1194,24.271,37.332,26.8,18467,85318,0,18428,14041,0,0,43,30.00,16.50,18.00,582.5,boot
1195,24.308,36.347,27.5,18481,85375,0,18442,14036,0,0,43,30.00,16.50,18.00,583.4,boot
1196,24.345,35.820,27.9,18474,85342,0,18435,14011,0,0,43,30.00,16.50,18.00,584.3,boot
1197,24.381,36.067,27.7,18459,85270,0,18420,13981,0,0,43,30.00,16.50,18.00,585.1,boot
1198,24.417,35.941,27.8,18429,85132,0,18390,13936,0,0,43,30.00,16.50,18.00,586.0,boot
1199,24.453,38.364,26.1,18379,84898,0,18340,13876,0,0,43,30.00,16.50,18.00,586.9,boot
1200,24.491,34.291,29.2,18304,84612,0,18265,13791,0,0,43,30.00,16.50,18.00,587.8,boot
1201,24.525,36.575,27.3,18223,84253,0,18184,13711,0,0,43,30.00,16.50,18.00,588.6,boot
1202,24.562,36.619,27.3,18172,84066,0,18133,13657,0,0,43,30.00,16.50,18.00,589.5,boot
1203,24.599,37.924,26.4,18159,84077,0,18120,13642,0,0,43,30.00,16.50,18.00,590.4,boot
1204,24.637,39.208,25.5,18206,84365,0,18167,13676,0,0,43,30.00,16.50,18.00,591.3,boot
1205,24.676,39.482,25.3,18254,84663,0,18215,13713,0,0,43,30.00,16.50,18.00,592.2,boot
1206,24.715,38.665,25.9,18314,85087,0,18275,13756,0,0,43,30.00,16.50,18.00,593.2,boot
1207,24.754,37.916,26.4,18345,85299,0,18306,13775,0,0,43,30.00,16.50,18.00,594.1,boot
1208,24.792,38.666,25.9,18405,85671,0,18366,13826,0,0,43,30.00,16.50,18.00,595.0,boot
1209,24.831,39.585,25.3,18448,85961,0,18409,13866,0,0,43,30.00,16.50,18.00,595.9,boot
1210,24.870,38.402,26.0,18484,86226,0,18445,13900,0,0,43,30.00,16.50,18.00,596.9,boot
1211,24.909,38.913,25.7,18525,86518,0,18486,13941,0,0,43,30.00,16.50,18.00,597.8,boot
1212,24.948,38.604,25.9,18557,86817,0,18518,13974,0,0,43,30.00,16.50,18.00,598.7,boot
1213,24.986,38.521,26.0,18600,87134,0,18561,14017,0,0,43,30.00,16.50,18.00,599.7,boot
1214,25.025,38.757,25.8,18626,87328,0,18587,14046,0,0,43,30.00,16.50,18.00,600.6,boot
1215,25.064,38.702,25.8,18664,87608,0,18625,14084,0,0,43,30.00,16.50,18.00,601.5,boot
1216,25.103,39.169,25.5,18702,87879,0,18663,14122,0,0,43,30.00,16.50,18.00,602.5,boot
1217,25.142,39.214,25.5,18732,88126,0,18693,14154,0,0,43,30.00,16.50,18.00,603.4,boot
1218,25.181,38.786,25.8,18751,88357,0,18712,14174,0,0,43,30.00,16.50,18.00,604.3,boot
1219,25.220,39.854,25.1,18732,88346,0,18693,14155,0,0,43,30.00,16.50,18.00,605.3,boot
1220,25.260,39.393,25.4,18712,88363,0,18673,14141,0,0,43,30.00,16.50,18.00,606.2,boot
1221,25.299,39.123,25.6,18697,88376,0,18658,14129,0,0,43,30.00,16.50,18.00,607.2,boot
1222,25.338,39.485,25.3,18676,88341,0,18637,14109,0,0,43,30.00,16.50,18.00,608.1,boot
1223,25.378,38.860,25.7,18663,88363,0,18624,14096,0,0,43,30.00,16.50,18.00,609.1,boot
1224,25.417,38.746,25.8,18652,88431,0,18613,14085,0,0,43,30.00,16.50,18.00,610.0,boot
1225,25.455,38.648,25.9,18650,88515,0,18611,14085,0,0,43,30.00,16.50,18.00,610.9,boot
1226,25.494,38.473,26.0,18637,88520,0,18598,14073,0,0,43,30.00,16.50,18.00,611.9,boot
1227,25.533,36.169,27.6,18645,88629,0,18606,14075,0,0,43,30.00,16.50,18.00,612.8,boot
1228,25.569,37.468,26.7,18636,88653,0,18597,14066,0,0,43,30.00,16.50,18.00,613.7,boot
1229,25.606,38.461,26.0,18628,88695,0,18589,14059,0,0,43,30.00,16.50,18.00,614.6,boot
1230,25.645,60.028,16.7,18613,88741,0,18574,14047,0,0,43,30.00,16.50,18.00,615.5,boot
1231,25.705,48.963,20.4,18585,88727,0,18546,14021,0,0,43,30.00,16.50,18.00,616.9,boot
1232,25.754,46.263,21.6,18551,88654,0,18512,13988,0,0,43,30.00,16.50,18.00,618.1,boot
1233,25.800,27.303,36.6,18518,88591,0,18479,13955,0,0,43,30.00,16.50,18.00,619.2,boot
1234,25.827,25.039,39.9,18501,88548,0,18462,13938,0,0,43,30.00,16.50,18.00,619.9,boot
1235,25.852,35.861,27.9,18480,88521,0,18441,13917,0,0,43,30.00,16.50,18.00,620.5,boot
1236,25.888,38.958,25.7,18465,88499,0,18426,13898,0,0,43,30.00,16.50,18.00,621.3,boot
1237,25.927,40.023,25.0,18423,88366,0,18384,13858,0,0,43,30.00,16.50,18.00,622.3,boot
1238,25.967,38.242,26.1,18394,88300,0,18355,13830,0,0,43,30.00,16.50,18.00,623.2,boot
1239,26.006,38.746,25.8,18361,88210,0,18322,13797,0,0,43,30.00,16.50,18.00,624.1,boot
1240,26.044,38.513,26.0,18312,88041,0,18273,13751,0,0,43,30.00,16.50,18.00,625.1,boot
1241,26.083,38.545,25.9,18265,87892,0,18226,13706,0,0,43,30.00,16.50,18.00,626.0,boot
1242,26.122,38.375,26.1,18231,87794,0,18192,13674,0,0,43,30.00,16.50,18.00,626.9,boot
1243,26.160,37.789,26.5,18178,87594,0,18139,13620,0,0,43,30.00,16.50,18.00,627.8,boot
1244,26.198,35.276,28.3,18137,87450,0,18098,13579,0,0,43,30.00,16.50,18.00,628.7,boot
1245,26.233,36.560,27.4,18103,87384,0,18064,13547,0,0,43,30.00,16.50,18.00,629.6,boot
1246,26.270,36.979,27.0,18088,87374,0,18049,13530,0,0,43,30.00,16.50,18.00,630.5,boot
1247,26.307,35.673,28.0,18079,87354,0,18040,13519,0,0,43,30.00,16.50,18.00,631.4,boot
1248,26.342,36.244,27.6,18067,87342,0,18028,13507,0,0,43,30.00,16.50,18.00,632.2,boot
1249,26.379,35.829,27.9,18050,87310,0,18011,13495,0,0,43,30.00,16.50,18.00,633.1,boot
1250,26.415,35.189,28.4,18029,87234,0,17990,13473,0,0,43,30.00,16.50,18.00,633.9,boot
1251,26.450,35.005,28.6,18004,87142,0,17965,13448,0,0,43,30.00,16.50,18.00,634.8,boot
1252,26.485,34.564,28.9,17960,86975,0,17921,13412,0,0,43,30.00,16.50,18.00,635.6,boot
1253,26.519,34.576,28.9,17932,86851,0,17893,13382,0,0,43,30.00,16.50,18.00,636.5,boot
1254,26.554,34.199,29.2,17877,86602,0,17838,13328,0,0,43,30.00,16.50,18.00,637.3,boot
1255,26.588,34.555,28.9,17853,86501,0,17814,13302,0,0,43,30.00,16.50,18.00,638.1,boot
1256,26.623,34.058,29.4,17824,86380,0,17785,13270,0,0,43,30.00,16.50,18.00,638.9,boot
1257,26.657,34.127,29.3,17793,86250,0,17754,13243,0,0,43,30.00,16.50,18.00,639.8,boot
1258,26.691,33.870,29.5,17782,86217,0,17743,13230,0,0,43,30.00,16.50,18.00,640.6,boot
1259,26.725,34.781,28.8,17761,86117,0,17722,13205,0,0,43,30.00,16.50,18.00,641.4,boot
1260,26.760,33.834,29.6,17743,86031,0,17704,13185,0,0,43,30.00,16.50,18.00,642.2,boot
1261,26.794,33.841,29.5,17718,85912,0,17679,13160,0,0,43,30.00,16.50,18.00,643.0,boot
1262,26.828,34.606,28.9,17697,85823,0,17658,13134,0,0,43,30.00,16.50,18.00,643.9,boot
1263,26.862,33.565,29.8,17674,85719,0,17635,13110,0,0,43,30.00,16.50,18.00,644.7,boot
1264,26.896,33.569,29.8,17638,85531,0,17599,13072,0,0,43,30.00,16.50,18.00,645.5,boot
1265,26.929,33.754,29.6,17623,85437,0,17584,13050,0,0,43,30.00,16.50,18.00,646.3,boot
1266,26.963,32.942,30.4,17596,85290,0,17557,13020,0,0,43,30.00,16.50,18.00,647.1,boot
1267,26.996,32.347,30.9,17569,85177,0,17530,12997,0,0,43,30.00,16.50,18.00,647.9,boot
1268,27.028,32.566,30.7,17554,85096,0,17515,12979,0,0,43,30.00,16.50,18.00,648.7,boot
1269,27.061,32.735,30.5,17537,85011,0,17498,12959,0,0,43,30.00,16.50,18.00,649.5,boot
1270,27.094,31.896,31.4,17506,84850,0,17467,12928,0,0,43,30.00,16.50,18.00,650.3,boot
1271,27.126,32.240,31.0,17487,84762,0,17448,12907,0,0,43,30.00,16.50,18.00,651.0,boot
1272,27.158,32.005,31.2,17469,84683,0,17430,12894,0,0,43,30.00,16.50,18.00,651.8,boot
1273,27.190,31.445,31.8,17450,84560,0,17411,12868,0,0,43,30.00,16.50,18.00,652.6,boot
1274,27.222,32.158,31.1,17423,84442,0,17384,12840,0,0,43,30.00,16.50,18.00,653.3,boot
1275,27.254,32.244,31.0,17394,84258,0,17355,12808,0,0,43,30.00,16.50,18.00,654.1,boot
1276,27.286,33.877,29.5,17375,84180,0,17336,12788,0,0,43,30.00,16.50,18.00,654.9,boot
1277,27.320,35.487,28.2,17350,84050,0,17311,12761,0,0,43,30.00,16.50,18.00,655.7,boot
1278,27.355,36.277,27.6,17329,83942,0,17290,12740,0,0,43,30.00,16.50,18.00,656.5,boot
1279,27.392,37.306,26.8,17294,83753,0,17255,12703,0,0,43,30.00,16.50,18.00,657.4,boot
1280,27.429,38.124,26.2,17272,83640,0,17233,12678,0,0,43,30.00,16.50,18.00,658.3,boot
1281,27.467,38.287,26.1,17243,83488,0,17204,12648,0,0,43,30.00,16.50,18.00,659.2,boot
1282,27.506,37.996,26.3,17217,83350,0,17178,12620,0,0,43,30.00,16.50,18.00,660.1,boot
1283,27.544,40.264,24.8,17183,83171,0,17144,12586,0,0,43,30.00,16.50,18.00,661.0,boot
1284,27.584,40.092,24.9,17153,83013,0,17114,12554,0,0,43,30.00,16.50,18.00,662.0,boot
1285,27.624,42.700,23.4,17122,82862,0,17083,12524,0,0,43,30.00,16.50,18.00,663.0,boot
1286,27.667,42.923,23.3,17087,82683,0,17048,12491,0,0,43,30.00,16.50,18.00,664.0,boot
1287,27.710,45.284,22.1,17040,82425,0,17001,12445,0,0,43,30.00,16.50,18.00,665.0,boot
1288,27.755,47.095,21.2,16981,82128,0,16942,12387,0,0,43,30.00,16.50,18.00,666.1,boot
1289,27.802,46.140,21.7,16958,82020,0,16919,12371,0,0,43,30.00,16.50,18.00,667.2,boot
1290,27.848,46.549,21.5,16918,81813,0,16879,12336,0,0,43,30.00,16.50,18.00,668.4,boot
1291,27.895,44.525,22.5,16874,81606,0,16835,12302,0,0,43,30.00,16.50,18.00,669.5,boot
1292,27.939,44.170,22.6,16827,81354,0,16788,12259,0,0,43,30.00,16.50,18.00,670.5,boot
1293,27.984,48.021,20.8,16800,81230,0,16761,12240,0,0,43,30.00,16.50,18.00,671.6,boot
1294,28.032,46.787,21.4,16768,81068,0,16729,12212,0,0,43,30.00,16.50,18.00,672.8,boot
1295,28.078,57.368,17.4,16744,80945,0,16705,12188,0,0,43,30.00,16.50,18.00,673.9,boot
1296,28.136,40.735,24.5,16692,80672,0,16653,12145,0,0,43,30.00,16.50,18.00,675.3,boot
1297,28.177,39.949,25.0,16651,80483,0,16612,12121,0,0,43,30.00,16.50,18.00,676.2,boot
1298,28.217,44.710,22.4,16636,80423,0,16597,12112,0,0,43,30.00,16.50,18.00,677.2,boot
1299,28.261,50.999,19.6,16621,80359,0,16582,12102,0,0,43,30.00,16.50,18.00,678.3,boot
1300,28.312,45.353,22.0,16593,80229,0,16554,12083,0,0,43,30.00,16.50,18.00,679.5,boot
1301,28.358,44.736,22.4,16581,80150,0,16542,12064,0,0,43,30.00,16.50,18.00,680.6,boot
1302,28.402,44.247,22.6,16553,80010,0,16514,12042,0,0,43,30.00,16.50,18.00,681.7,boot
1303,28.447,60.581,16.5,16508,79812,0,16469,12010,0,0,43,30.00,16.50,18.00,682.7,boot
1304,28.507,43.581,22.9,16453,79563,0,16414,11969,0,0,43,30.00,16.50,18.00,684.2,boot
1305,28.551,50.467,19.8,16423,79452,0,16384,11960,0,0,43,30.00,16.50,18.00,685.2,boot
1306,28.601,53.520,18.7,16386,79307,0,16347,11945,0,0,43,30.00,16.50,18.00,686.4,boot
1307,28.655,42.371,23.6,16354,79138,0,16315,11919,0,0,43,30.00,16.50,18.00,687.7,boot
1308,28.697,48.794,20.5,16326,79022,0,16287,11906,0,0,43,30.00,16.50,18.00,688.7,boot
1309,28.746,43.522,23.0,16294,78848,0,16255,11889,0,0,43,30.00,16.50,18.00,689.9,boot
1310,28.790,57.798,17.3,16262,78721,0,16223,11866,0,0,43,30.00,16.50,18.00,691.0,boot
1311,28.848,43.516,23.0,16221,78530,0,16182,11842,0,0,43,30.00,16.50,18.00,692.3,boot
1312,28.891,43.657,22.9,16197,78420,0,16158,11822,0,0,43,30.00,16.50,18.00,693.4,boot
1313,28.935,46.964,21.3,16165,78262,0,16126,11795,0,0,43,30.00,16.50,18.00,694.4,boot
1314,28.982,44.971,22.2,16130,78150,0,16091,11790,0,0,43,30.00,16.50,18.00,695.6,boot
1315,29.027,57.999,17.2,16095,78018,0,16056,11782,0,0,43,30.00,16.50,18.00,696.6,boot
1316,29.085,63.328,15.8,16067,77933,0,16028,11779,0,0,43,30.00,16.50,18.00,698.0,boot
1317,29.148,56.656,17.7,16053,77926,0,16014,11789,0,0,43,30.00,16.50,18.00,699.6,boot
1318,29.205,42.991,23.3,16045,77933,0,16006,11803,0,0,43,30.00,16.50,18.00,700.9,boot
1319,29.248,47.974,20.8,16040,77925,0,16001,11812,0,0,43,30.00,16.50,18.00,701.9,boot
1320,29.296,37.302,26.8,16031,77908,0,15992,11822,0,0,43,30.00,16.50,18.00,703.1,boot
1321,29.333,39.404,25.4,16029,77941,0,15990,11833,0,0,43,30.00,16.50,18.00,704.0,boot
1322,29.373,41.363,24.2,16027,77969,0,15988,11851,0,0,43,30.00,16.50,18.00,704.9,boot
1323,29.414,37.363,26.8,16021,77969,0,15982,11861,0,0,43,30.00,16.50,18.00,705.9,boot
1324,29.451,49.315,20.3,16018,77988,0,15979,11874,0,0,43,30.00,16.50,18.00,706.8,boot
1325,29.501,41.884,23.9,16011,77994,0,15972,11890,0,0,43,30.00,16.50,18.00,708.0,boot
1326,29.543,43.727,22.9,16017,78048,0,15978,11911,0,0,43,30.00,16.50,18.00,709.0,boot
1327,29.586,53.515,18.7,16006,78024,0,15967,11913,0,0,43,30.00,16.50,18.00,710.1,boot
1328,29.640,37.625,26.6,16014,78071,0,15975,11925,0,0,43,30.00,16.50,18.00,711.4,boot
1329,29.678,51.034,19.6,16021,78132,0,15982,11934,0,0,43,30.00,16.50,18.00,712.3,boot
1330,29.729,40.582,24.6,16051,78290,0,16012,11963,0,0,43,30.00,16.50,18.00,713.5,boot
1331,29.769,35.015,28.6,16046,78250,0,16007,11958,0,0,43,30.00,16.50,18.00,714.5,boot
1332,29.804,45.630,21.9,16035,78174,0,15996,11947,0,0,43,30.00,16.50,18.00,715.3,boot
1333,29.850,46.675,21.4,16054,78312,0,16015,11973,0,0,43,30.00,16.50,18.00,716.4,boot
1334,29.897,40.200,24.9,16064,78351,0,16025,11981,0,0,43,30.00,16.50,18.00,717.5,boot
1335,29.937,40.370,24.8,16072,78394,0,16033,11986,0,0,43,30.00,16.50,18.00,718.5,boot
1336,29.977,35.982,27.8,16084,78450,0,16045,11994,0,0,43,30.00,16.50,18.00,719.5,boot
1337,30.013,36.748,27.2,16099,78534,0,16060,12009,0,0,43,30.00,16.50,18.00,720.3,boot
1338,30.050,42.618,23.5,16110,78570,0,16071,12013,0,0,43,30.00,16.50,18.00,721.2,boot
1339,30.093,39.389,25.4,16128,78636,0,16089,12025,0,0,43,30.00,16.50,18.00,722.2,boot
1340,30.132,37.827,26.4,16143,78692,0,16104,12033,0,0,43,30.00,16.50,18.00,723.2,boot
1341,30.170,31.798,31.4,16161,78758,0,16122,12045,0,0,43,30.00,16.50,18.00,724.1,boot
1342,30.202,35.507,28.2,16170,78777,0,16131,12049,0,0,43,30.00,16.50,18.00,724.8,boot
1343,30.237,35.822,27.9,16173,78780,0,16134,12052,0,0,43,30.00,16.50,18.00,725.7,boot
1344,30.273,35.357,28.3,16213,78975,0,16174,12087,0,0,43,30.00,16.50,18.00,726.6,boot
1345,30.308,31.809,31.4,16213,78938,0,16174,12086,0,0,43,30.00,16.50,18.00,727.4,boot
1346,30.340,37.674,26.5,16218,78991,0,16179,12099,0,0,43,30.00,16.50,18.00,728.2,boot
1347,30.378,33.059,30.2,16217,78968,0,16178,12101,0,0,43,30.00,16.50,18.00,729.1,boot
1348,30.411,32.486,30.8,16230,79014,0,16191,12110,0,0,43,30.00,16.50,18.00,729.9,boot
1349,30.444,31.418,31.8,16236,79022,0,16197,12115,0,0,43,30.00,16.50,18.00,730.6,boot
1350,30.475,38.724,25.8,16244,79053,0,16205,12120,0,0,43,30.00,16.50,18.00,731.4,boot
1351,30.514,33.772,29.6,16263,79133,0,16224,12136,0,0,43,30.00,16.50,18.00,732.3,boot
1352,30.548,36.490,27.4,16263,79165,0,16224,12141,0,0,43,30.00,16.50,18.00,733.1,boot
1353,30.584,43.782,22.8,16280,79230,0,16241,12153,0,0,43,30.00,16.50,18.00,734.0,boot
1354,30.628,32.087,31.2,16299,79300,0,16260,12168,0,0,43,30.00,16.50,18.00,735.1,boot
1355,30.660,31.715,31.5,16310,79350,0,16271,12177,0,0,43,30.00,16.50,18.00,735.8,boot
1356,30.692,31.021,32.2,16323,79396,0,16284,12186,0,0,43,30.00,16.50,18.00,736.6,boot
1357,30.723,38.065,26.3,16337,79448,0,16298,12194,0,0,43,30.00,16.50,18.00,737.3,boot
1358,30.761,37.522,26.7,16353,79564,0,16314,12207,0,0,43,30.00,16.50,18.00,738.3,boot
1359,30.798,33.826,29.6,16376,79679,0,16337,12227,0,0,43,30.00,16.50,18.00,739.2,boot
1360,30.832,31.923,31.3,16390,79735,0,16351,12236,0,0,43,30.00,16.50,18.00,740.0,boot
1361,30.864,31.078,32.2,16404,79792,0,16365,12249,0,0,43,30.00,16.50,18.00,740.7,boot
1362,30.895,31.111,32.1,16424,79865,0,16385,12260,0,0,43,30.00,16.50,18.00,741.5,boot
1363,30.926,31.994,31.3,16439,79937,0,16400,12272,0,0,43,30.00,16.50,18.00,742.2,boot
1364,30.958,34.014,29.4,16460,80021,0,16421,12281,0,0,43,30.00,16.50,18.00,743.0,boot
1365,30.992,36.147,27.7,16470,80075,0,16431,12289,0,0,43,30.00,16.50,18.00,743.8,boot
1366,31.029,31.926,31.3,16493,80201,0,16454,12308,0,0,43,30.00,16.50,18.00,744.7,boot
1367,31.061,36.851,27.1,16507,80282,0,16468,12327,0,0,43,30.00,16.50,18.00,745.5,boot
1368,31.097,32.250,31.0,16524,80353,0,16485,12339,0,0,43,30.00,16.50,18.00,746.3,boot
1369,31.130,31.706,31.5,16534,80398,0,16495,12347,0,0,43,30.00,16.50,18.00,747.1,boot
1370,31.161,35.803,27.9,16551,80464,0,16512,12360,0,0,43,30.00,16.50,18.00,747.9,boot
1371,31.197,40.582,24.6,16576,80630,0,16537,12381,0,0,43,30.00,16.50,18.00,748.7,boot
1372,31.238,30.857,32.4,16593,80650,0,16554,12390,0,0,43,30.00,16.50,18.00,749.7,boot
1373,31.269,35.879,27.9,16607,80717,0,16568,12404,0,0,43,30.00,16.50,18.00,750.4,boot
1374,31.305,30.601,32.7,16634,80881,0,16595,12427,0,0,43,30.00,16.50,18.00,751.3,boot
1375,31.335,29.598,33.8,16647,80911,0,16608,12435,0,0,43,30.00,16.50,18.00,752.0,boot
1376,31.365,28.807,34.7,16666,81008,0,16627,12453,0,0,43,30.00,16.50,18.00,752.8,boot
1377,31.394,31.279,32.0,16687,81111,0,16648,12472,0,0,43,30.00,16.50,18.00,753.4,boot
1378,31.425,32.387,30.9,16707,81228,0,16668,12491,0,0,43,30.00,16.50,18.00,754.2,boot
1379,31.457,30.670,32.6,16725,81309,0,16686,12509,0,0,43,30.00,16.50,18.00,755.0,boot
1380,31.488,39.865,25.1,16750,81410,0,16711,12525,0,0,43,30.00,16.50,18.00,755.7,boot
1381,31.528,28.573,35.0,16784,81572,0,16745,12557,0,0,43,30.00,16.50,18.00,756.7,boot
1382,31.557,28.437,35.2,16797,81638,0,16758,12568,0,0,43,30.00,16.50,18.00,757.4,boot
1383,31.585,27.963,35.8,16827,81779,0,16788,12595,0,0,43,30.00,16.50,18.00,758.0,boot
1384,31.613,48.973,20.4,16846,81879,0,16807,12613,0,0,43,30.00,16.50,18.00,758.7,boot
1385,31.662,92.514,10.8,16879,82040,0,16840,12645,0,0,43,30.00,16.50,18.00,759.9,boot
1386,31.754,40.801,24.5,16947,82379,0,16908,12712,0,0,43,30.00,16.50,18.00,762.1,boot
1387,31.795,29.594,33.8,16968,82480,0,16929,12732,0,0,43,30.00,16.50,18.00,763.1,boot
1388,31.825,38.756,25.8,16996,82604,0,16957,12759,0,0,43,30.00,16.50,18.00,763.8,boot
1389,31.864,39.413,25.4,17024,82761,0,16985,12786,0,0,43,30.00,16.50,18.00,764.7,boot
1390,31.903,30.770,32.5,17053,82905,0,17014,12814,0,0,43,30.00,16.50,18.00,765.7,boot
1391,31.934,64.156,15.6,17082,83029,0,17043,12837,0,0,43,30.00,16.50,18.00,766.4,boot
1392,31.998,38.619,25.9,17131,83296,0,17092,12890,0,0,43,30.00,16.50,18.00,768.0,boot
1393,32.037,29.307,34.1,17160,83453,0,17121,12919,0,0,43,30.00,16.50,18.00,768.9,boot
1394,32.066,31.884,31.4,17179,83536,0,17140,12938,0,0,43,30.00,16.50,18.00,769.6,boot
1395,32.098,27.641,36.2,17209,83698,0,17170,12968,0,0,43,30.00,16.50,18.00,770.3,boot
1396,32.126,26.933,37.1,17218,83740,0,17179,12977,0,0,43,30.00,16.50,18.00,771.0,boot
1397,32.153,26.446,37.8,17241,83858,0,17202,13000,0,0,43,30.00,16.50,18.00,771.7,boot
1398,32.179,26.649,37.5,17264,83968,0,17225,13021,0,0,43,30.00,16.50,18.00,772.3,boot
1399,32.206,28.328,35.3,17285,84088,0,17246,13042,0,0,43,30.00,16.50,18.00,772.9,boot
1400,32.234,26.960,37.1,17311,84191,0,17272,13068,0,0,43,30.00,16.50,18.00,773.6,boot
1401,32.261,26.986,37.1,17327,84319,0,17288,13084,0,0,43,30.00,16.50,18.00,774.3,boot
1402,32.288,37.875,26.4,17340,84354,0,17301,13097,0,0,43,30.00,16.50,18.00,774.9,boot
1403,32.326,27.411,36.5,17378,84562,0,17339,13135,0,0,43,30.00,16.50,18.00,775.8,boot
1404,32.353,27.238,36.7,17392,84626,0,17353,13149,0,0,43,30.00,16.50,18.00,776.5,boot
1405,32.381,28.195,35.5,17417,84763,0,17378,13174,0,0,43,30.00,16.50,18.00,777.1,boot
1406,32.409,29.422,34.0,17438,84871,0,17399,13195,0,0,43,30.00,16.50,18.00,777.8,boot
1407,32.438,27.784,36.0,17469,85032,0,17430,13226,0,0,43,30.00,16.50,18.00,778.5,boot
1408,32.466,28.273,35.4,17491,85142,0,17452,13248,0,0,43,30.00,16.50,18.00,779.2,boot
1409,32.494,41.525,24.1,17514,85277,0,17475,13276,0,0,43,30.00,16.50,18.00,779.9,boot
1410,32.536,32.405,30.9,17544,85430,0,17505,13306,0,0,43,30.00,16.50,18.00,780.9,boot
1411,32.568,27.112,36.9,17558,85521,0,17519,13326,0,0,43,30.00,16.50,18.00,781.6,boot
1412,32.595,39.765,25.1,17585,85662,0,17546,13353,0,0,43,30.00,16.50,18.00,782.3,boot
1413,32.635,54.647,18.3,17604,85772,0,17565,13378,0,0,43,30.00,16.50,18.00,783.2,boot
1414,32.690,35.985,27.8,17632,85942,0,17593,13412,0,0,43,30.00,16.50,18.00,784.6,boot
1415,32.726,44.023,22.7,17653,86059,0,17614,13433,0,0,43,30.00,16.50,18.00,785.4,boot
1416,32.770,27.698,36.1,17698,86302,0,17659,13478,0,0,43,30.00,16.50,18.00,786.5,boot
1417,32.798,29.544,33.8,17675,86135,0,17636,13454,0,0,43,30.00,16.50,18.00,787.1,boot
1418,32.827,37.482,26.7,17684,86207,0,17645,13463,0,0,43,30.00,16.50,18.00,787.9,boot
1419,32.865,28.110,35.6,17703,86296,0,17664,13482,0,0,43,30.00,16.50,18.00,788.8,boot
1420,32.893,27.970,35.8,17711,86345,0,17672,13490,0,0,43,30.00,16.50,18.00,789.4,boot
1421,32.921,27.849,35.9,17720,86384,0,17681,13499,0,0,43,30.00,16.50,18.00,790.1,boot
1422,32.949,34.598,28.9,17727,86420,0,17688,13507,0,0,43,30.00,16.50,18.00,790.8,boot
1423,32.983,39.892,25.1,17750,86524,0,17711,13525,0,0,43,30.00,16.50,18.00,791.6,boot
1424,33.023,42.378,23.6,17770,86630,0,17731,13545,0,0,43,30.00,16.50,18.00,792.6,boot
1425,33.066,35.917,27.8,17778,86682,0,17739,13559,0,0,43,30.00,16.50,18.00,793.6,boot
1426,33.101,34.270,29.2,17795,86779,0,17756,13576,0,0,43,30.00,16.50,18.00,794.4,boot
1427,33.136,29.932,33.4,17804,86824,0,17765,13585,0,0,43,30.00,16.50,18.00,795.3,boot
1428,33.166,38.673,25.9,17825,86905,0,17786,13600,0,0,43,30.00,16.50,18.00,796.0,boot
1429,33.204,33.344,30.0,17841,86986,0,17802,13617,0,0,43,30.00,16.50,18.00,796.9,boot
1430,33.238,25.982,38.5,17855,87065,0,17816,13631,0,0,43,30.00,16.50,18.00,797.7,boot
1431,33.264,26.779,37.3,17867,87128,0,17828,13643,0,0,43,30.00,16.50,18.00,798.3,boot
1432,33.291,30.164,33.2,17887,87218,0,17848,13659,0,0,43,30.00,16.50,18.00,799.0,boot
1433,33.321,30.094,33.2,17901,87285,0,17862,13673,0,0,43,30.00,16.50,18.00,799.7,boot
1434,33.351,31.511,31.7,17915,87365,0,17876,13688,0,0,43,30.00,16.50,18.00,800.4,boot
1435,33.382,44.154,22.6,17941,87478,0,17902,13709,0,0,43,30.00,16.50,18.00,801.2,boot
1436,33.426,29.146,34.3,17966,87610,0,17927,13735,0,0,43,30.00,16.50,18.00,802.2,boot
1437,33.456,27.110,36.9,17980,87682,0,17941,13751,0,0,43,30.00,16.50,18.00,802.9,boot
1438,33.483,27.620,36.2,17998,87774,0,17959,13771,0,0,43,30.00,16.50,18.00,803.6,boot
1439,33.510,30.566,32.7,18007,87806,0,17968,13776,0,0,43,30.00,16.50,18.00,804.2,boot
1440,33.541,27.187,36.8,18017,87857,0,17978,13787,0,0,43,30.00,16.50,18.00,805.0,boot
1441,33.568,26.191,38.2,18035,87958,0,17996,13807,0,0,43,30.00,16.50,18.00,805.6,boot
1442,33.594,30.286,33.0,18034,87958,0,17995,13808,0,0,43,30.00,16.50,18.00,806.3,boot
1443,33.625,26.455,37.8,18043,88005,0,18004,13819,0,0,43,30.00,16.50,18.00,807.0,boot
1444,33.651,26.293,38.0,18045,88031,0,18006,13822,0,0,43,30.00,16.50,18.00,807.6,boot
1445,33.678,26.180,38.2,18041,87993,0,18002,13818,0,0,43,30.00,16.50,18.00,808.3,boot
1446,33.704,31.949,31.3,18046,88022,0,18007,13824,0,0,43,30.00,16.50,18.00,808.9,boot
1447,33.736,29.977,33.4,18045,88048,0,18006,13824,0,0,43,30.00,16.50,18.00,809.7,boot
1448,33.766,26.981,37.1,18039,88024,0,18000,13818,0,0,43,30.00,16.50,18.00,810.4,boot
1449,33.793,27.797,36.0,18033,87955,0,17994,13812,0,0,43,30.00,16.50,18.00,811.0,boot
1450,33.820,33.787,29.6,18019,87907,0,17980,13805,0,0,43,30.00,16.50,18.00,811.7,boot
1451,33.854,29.999,33.3,18011,87888,0,17972,13803,0,0,43,30.00,16.50,18.00,812.5,boot
1452,33.884,27.183,36.8,17994,87803,0,17955,13789,0,0,43,30.00,16.50,18.00,813.2,boot
1453,33.912,28.332,35.3,17990,87799,0,17951,13786,0,0,43,30.00,16.50,18.00,813.9,boot
1454,33.940,27.374,36.5,17975,87718,0,17936,13771,0,0,43,30.00,16.50,18.00,814.6,boot
1455,33.967,29.356,34.1,17956,87628,0,17917,13754,0,0,43,30.00,16.50,18.00,815.2,boot
1456,33.997,26.949,37.1,17948,87605,0,17909,13748,0,0,43,30.00,16.50,18.00,815.9,boot
1457,34.024,31.131,32.1,17931,87515,0,17892,13732,0,0,43,30.00,16.50,18.00,816.6,boot
1458,34.055,43.085,23.2,17903,87358,0,17864,13702,0,0,43,30.00,16.50,18.00,817.3,boot
1459,34.098,39.356,25.4,17876,87245,0,17837,13679,0,0,43,30.00,16.50,18.00,818.3,boot
1460,34.137,27.123,36.9,17840,87072,0,17801,13647,0,0,43,30.00,16.50,18.00,819.3,boot
1461,34.164,26.249,38.1,17818,86996,0,17779,13635,0,0,43,30.00,16.50,18.00,819.9,boot
1462,34.191,27.101,36.9,17797,86890,0,17758,13616,0,0,43,30.00,16.50,18.00,820.6,boot
1463,34.218,28.270,35.4,17772,86768,0,17733,13594,0,0,43,30.00,16.50,18.00,821.2,boot
1464,34.246,29.885,33.5,17753,86684,0,17714,13577,0,0,43,30.00,16.50,18.00,821.9,boot
1465,34.276,25.637,39.0,17736,86608,0,17697,13566,0,0,43,30.00,16.50,18.00,822.6,boot
1466,34.302,28.285,35.4,17710,86483,0,17671,13542,0,0,43,30.00,16.50,18.00,823.2,boot
1467,34.330,25.699,38.9,17689,86396,0,17650,13524,0,0,43,30.00,16.50,18.00,823.9,boot
1468,34.356,25.861,38.7,17670,86315,0,17631,13510,0,0,43,30.00,16.50,18.00,824.5,boot
1469,34.381,48.145,20.8,17652,86221,0,17613,13494,0,0,43,30.00,16.50,18.00,825.2,boot
1470,34.430,30.322,33.0,17622,86108,0,17583,13477,0,0,43,30.00,16.50,18.00,826.3,boot
1471,34.460,47.500,21.1,17606,86053,0,17567,13471,0,0,43,30.00,16.50,18.00,827.0,boot
1472,34.507,30.691,32.6,17589,85993,0,17550,13461,0,0,43,30.00,16.50,18.00,828.2,boot
1473,34.538,28.739,34.8,17578,85938,0,17539,13453,0,0,43,30.00,16.50,18.00,828.9,boot
1474,34.567,25.822,38.7,17568,85887,0,17529,13445,0,0,43,30.00,16.50,18.00,829.6,boot
1475,34.593,25.886,38.6,17562,85852,0,17523,13443,0,0,43,30.00,16.50,18.00,830.2,boot
1476,34.619,34.773,28.8,17556,85821,0,17517,13439,0,0,43,30.00,16.50,18.00,830.8,boot
1477,34.653,42.654,23.4,17547,85775,0,17508,13438,0,0,43,30.00,16.50,18.00,831.7,boot
1478,34.696,35.618,28.1,17552,85800,0,17513,13446,0,0,43,30.00,16.50,18.00,832.7,boot
1479,34.732,32.504,30.8,17539,85683,0,17500,13435,0,0,43,30.00,16.50,18.00,833.6,boot
1480,34.764,31.871,31.4,17581,85826,0,17542,13474,0,0,43,30.00,16.50,18.00,834.3,boot
1481,34.796,25.972,38.5,17609,85952,0,17570,13503,0,0,43,30.00,16.50,18.00,835.1,boot
1482,34.822,26.335,38.0,17625,85993,0,17586,13518,0,0,43,30.00,16.50,18.00,835.7,boot
1483,34.848,35.192,28.4,17635,85995,0,17596,13531,0,0,43,30.00,16.50,18.00,836.4,boot
1484,34.884,26.475,37.8,17673,86114,0,17634,13568,0,0,43,30.00,16.50,18.00,837.2,boot
1485,34.910,30.334,33.0,17684,86115,0,17645,13579,0,0,43,30.00,16.50,18.00,837.8,boot
1486,34.941,26.384,37.9,17670,85990,0,17631,13570,0,0,43,30.00,16.50,18.00,838.6,boot
1487,34.967,36.149,27.7,17684,85994,0,17645,13576,0,0,43,30.00,16.50,18.00,839.2,boot
1488,35.003,26.188,38.2,17711,86081,0,17672,13603,0,0,43,30.00,16.50,18.00,840.1,boot
1489,35.029,26.310,38.0,17676,85834,0,17637,13571,0,0,43,30.00,16.50,18.00,840.7,boot
1490,35.056,39.991,25.0,17649,85646,0,17610,13545,0,0,43,30.00,16.50,18.00,841.3,boot
1491,35.096,26.910,37.2,17593,85290,0,17554,13494,0,0,43,30.00,16.50,18.00,842.3,boot
1492,35.123,36.188,27.6,17559,85065,0,17520,13462,0,0,43,30.00,16.50,18.00,842.9,boot
1493,35.159,26.601,37.6,17518,84810,0,17479,13429,0,0,43,30.00,16.50,18.00,843.8,boot
1494,35.185,26.876,37.2,17493,84633,0,17454,13402,0,0,43,30.00,16.50,18.00,844.4,boot
1495,35.212,27.894,35.9,17446,84348,0,17407,13359,0,0,43,30.00,16.50,18.00,845.1,boot
1496,35.240,27.891,35.9,17411,84113,0,17372,13324,0,0,43,30.00,16.50,18.00,845.8,boot
1497,35.268,36.588,27.3,17397,83999,0,17358,13316,0,0,43,30.00,16.50,18.00,846.4,boot
1498,35.305,31.333,31.9,17341,83638,0,17302,13257,0,0,43,30.00,16.50,18.00,847.3,boot
1499,35.336,29.439,34.0,17298,83357,0,17259,13217,0,0,43,30.00,16.50,18.00,848.1,boot
1500,35.365,25.506,39.2,17268,83147,0,17229,13187,0,0,43,30.00,16.50,18.00,848.8,boot
1501,35.391,27.863,35.9,17240,82957,0,17201,13160,0,0,43,30.00,16.50,18.00,849.4,boot
1502,35.419,31.089,32.2,17207,82737,0,17168,13129,0,0,43,30.00,16.50,18.00,850.1,boot
1503,35.450,41.272,24.2,17155,82396,0,17116,13077,0,0,43,30.00,16.50,18.00,850.8,boot
1504,35.491,27.291,36.6,17117,82144,0,17078,13040,0,0,43,30.00,16.50,18.00,851.8,boot
1505,35.519,29.471,33.9,17081,81888,0,17042,13000,0,0,43,30.00,16.50,18.00,852.4,boot
1506,35.548,31.757,31.5,17056,81708,0,17017,12974,0,0,43,30.00,16.50,18.00,853.2,boot
1507,35.580,27.714,36.1,17024,81479,0,16985,12942,0,0,43,30.00,16.50,18.00,853.9,boot
1508,35.608,27.130,36.9,17006,81332,0,16967,12924,0,0,43,30.00,16.50,18.00,854.6,boot
1509,35.635,27.394,36.5,17011,81300,0,16972,12929,0,0,43,30.00,16.50,18.00,855.2,boot
1510,35.662,29.989,33.3,17018,81278,0,16979,12936,0,0,43,30.00,16.50,18.00,855.9,boot
1511,35.692,27.493,36.4,17042,81320,0,17003,12952,0,0,43,30.00,16.50,18.00,856.6,boot
1512,35.720,30.270,33.0,17042,81265,0,17003,12951,0,0,43,30.00,16.50,18.00,857.3,boot
1513,35.750,34.786,28.7,17051,81247,0,17012,12960,0,0,43,30.00,16.50,18.00,858.0,boot
1514,35.785,26.863,37.2,17048,81174,0,17009,12962,0,0,43,30.00,16.50,18.00,858.8,boot
1515,35.812,31.350,31.9,17048,81126,0,17009,12960,0,0,43,30.00,16.50,18.00,859.5,boot
1516,35.843,30.680,32.6,17036,81003,0,16997,12948,0,0,43,30.00,16.50,18.00,860.2,boot
1517,35.874,27.666,36.1,17039,80933,0,17000,12944,0,0,43,30.00,16.50,18.00,861.0,boot
1518,35.901,27.578,36.3,17034,80848,0,16995,12939,0,0,43,30.00,16.50,18.00,861.6,boot
1519,35.929,27.600,36.2,17030,80770,0,16991,12934,0,0,43,30.00,16.50,18.00,862.3,boot
1520,35.957,43.380,23.1,17032,80723,0,16993,12934,0,0,43,30.00,16.50,18.00,863.0,boot
1521,36.000,28.225,35.4,17031,80631,0,16992,12933,0,0,43,30.00,16.50,18.00,864.0,boot
1522,36.028,27.956,35.8,17020,80515,0,16981,12921,0,0,43,30.00,16.50,18.00,864.7,boot
1523,36.056,46.031,21.7,17015,80436,0,16976,12916,0,0,43,30.00,16.50,18.00,865.3,boot
1524,36.102,30.023,33.3,17027,80402,0,16988,12927,0,0,43,30.00,16.50,18.00,866.5,boot
1525,36.132,48.675,20.5,17023,80331,0,16984,12923,0,0,43,30.00,16.50,18.00,867.2,boot
1526,36.181,44.228,22.6,17040,80322,0,17001,12945,0,0,43,30.00,16.50,18.00,868.3,boot
1527,36.225,32.832,30.5,17076,80417,0,17037,12980,0,0,43,30.00,16.50,18.00,869.4,boot
1528,36.258,29.802,33.6,17072,80299,0,17033,12974,0,0,43,30.00,16.50,18.00,870.2,boot
1529,36.288,30.960,32.3,17089,80351,0,17050,12991,0,0,43,30.00,16.50,18.00,870.9,boot
1530,36.319,29.651,33.7,17118,80439,0,17079,13017,0,0,43,30.00,16.50,18.00,871.7,boot
1531,36.349,29.728,33.6,17141,80486,0,17102,13038,0,0,43,30.00,16.50,18.00,872.4,boot
1532,36.378,30.640,32.6,17171,80574,0,17132,13064,0,0,43,30.00,16.50,18.00,873.1,boot
1533,36.409,38.636,25.9,17203,80682,0,17164,13093,0,0,43,30.00,16.50,18.00,873.8,boot
1534,36.448,33.333,30.0,17242,80787,0,17203,13123,0,0,43,30.00,16.50,18.00,874.7,boot
1535,36.481,31.775,31.5,17303,81042,0,17264,13180,0,0,43,30.00,16.50,18.00,875.5,boot
1536,36.513,51.532,19.4,17325,81108,0,17286,13200,0,0,43,30.00,16.50,18.00,876.3,boot
1537,36.564,53.376,18.7,17382,81315,0,17343,13254,0,0,43,30.00,16.50,18.00,877.5,boot
1538,36.618,59.821,16.7,17417,81439,0,17378,13290,0,0,43,30.00,16.50,18.00,878.8,boot
1539,36.677,29.753,33.6,17431,81446,0,17392,13301,0,0,43,30.00,16.50,18.00,880.3,boot
1540,36.707,31.763,31.5,17433,81424,0,17394,13301,0,0,43,30.00,16.50,18.00,881.0,boot
1541,36.739,41.434,24.1,17435,81409,0,17396,13302,0,0,43,30.00,16.50,18.00,881.7,boot
1542,36.780,37.189,26.9,17440,81402,0,17401,13303,0,0,43,30.00,16.50,18.00,882.7,boot
1543,36.818,37.500,26.7,17457,81458,0,17418,13318,0,0,43,30.00,16.50,18.00,883.6,boot
1544,36.855,33.356,30.0,17474,81547,0,17435,13339,0,0,43,30.00,16.50,18.00,884.5,boot
1545,36.889,32.570,30.7,17489,81606,0,17450,13353,0,0,43,30.00,16.50,18.00,885.3,boot
1546,36.921,33.095,30.2,17518,81723,0,17479,13381,0,0,43,30.00,16.50,18.00,886.1,boot
1547,36.954,36.770,27.2,17539,81825,0,17500,13402,0,0,43,30.00,16.50,18.00,886.9,boot
1548,36.991,42.461,23.6,17565,81940,0,17526,13428,0,0,43,30.00,16.50,18.00,887.8,boot
1549,37.034,43.369,23.1,17595,82063,0,17556,13452,0,0,43,30.00,16.50,18.00,888.8,boot
1550,37.077,38.772,25.8,17619,82180,0,17580,13476,0,0,43,30.00,16.50,18.00,889.8,boot
1551,37.116,44.795,22.3,17626,82206,0,17587,13483,0,0,43,30.00,16.50,18.00,890.8,boot
1552,37.161,35.827,27.9,17639,82277,0,17600,13496,0,0,43,30.00,16.50,18.00,891.9,boot
1553,37.196,46.401,21.6,17640,82294,0,17601,13497,0,0,43,30.00,16.50,18.00,892.7,boot
1554,37.243,45.227,22.1,17650,82353,0,17611,13507,0,0,43,30.00,16.50,18.00,893.8,boot
1555,37.288,37.601,26.6,17649,82312,0,17610,13500,0,0,43,30.00,16.50,18.00,894.9,boot
1556,37.326,41.356,24.2,17637,82261,0,17598,13494,0,0,43,30.00,16.50,18.00,895.8,boot
1557,37.367,36.293,27.6,17648,82304,0,17609,13499,0,0,43,30.00,16.50,18.00,896.8,boot
1558,37.403,50.153,19.9,17638,82266,0,17599,13495,0,0,43,30.00,16.50,18.00,897.7,boot
1559,37.454,47.425,21.1,17634,82246,0,17595,13491,0,0,43,30.00,16.50,18.00,898.9,boot
1560,37.501,35.779,27.9,17611,82101,0,17572,13468,0,0,43,30.00,16.50,18.00,900.0,boot
1561,37.537,40.759,24.5,17642,82292,0,17603,13499,0,0,43,30.00,16.50,18.00,900.9,boot
1562,37.578,62.462,16.0,17643,82300,0,17604,13500,0,0,43,30.00,16.50,18.00,901.9,boot
1563,37.640,43.909,22.8,17640,82282,0,17601,13497,0,0,43,30.00,16.50,18.00,903.4,boot
1564,37.684,66.265,15.1,17639,82274,0,17600,13496,0,0,43,30.00,16.50,18.00,904.4,boot
1565,37.750,35.806,27.9,17666,82436,0,17627,13523,0,0,43,30.00,16.50,18.00,906.0,boot
1566,37.786,37.738,26.5,17626,82182,0,17587,13483,0,0,43,30.00,16.50,18.00,906.9,boot
1567,37.824,38.652,25.9,17631,82225,0,17592,13488,0,0,43,30.00,16.50,18.00,907.8,boot
1568,37.863,76.170,13.1,17631,82231,0,17592,13488,0,0,43,30.00,16.50,18.00,908.7,boot
1569,37.939,158.735,6.3,17626,82206,0,17587,13483,0,0,43,30.00,16.50,18.00,910.5,boot
1570,38.098,59.469,16.8,17639,82266,0,17600,13491,0,0,43,30.00,16.50,18.00,914.3,boot
1571,38.157,46.549,21.5,17652,82329,0,17613,13499,0,0,43,30.00,16.50,18.00,915.8,boot
1572,38.204,39.586,25.3,17654,82329,0,17615,13497,0,0,43,30.00,16.50,18.00,916.9,boot
1573,38.243,40.310,24.8,17656,82329,0,17617,13491,0,0,43,30.00,16.50,18.00,917.8,boot
1574,38.284,39.004,25.6,17673,82418,0,17634,13500,0,0,43,30.00,16.50,18.00,918.8,boot
1575,38.323,47.261,21.2,17687,82479,0,17648,13505,0,0,43,30.00,16.50,18.00,919.7,boot
1576,38.370,53.435,18.7,17691,82485,0,17652,13504,0,0,43,30.00,16.50,18.00,920.9,boot
1577,38.423,57.601,17.4,17720,82630,0,17681,13524,0,0,43,30.00,16.50,18.00,922.2,boot
1578,38.481,58.954,17.0,17781,82888,0,17742,13570,0,0,43,30.00,16.50,18.00,923.5,boot
1579,38.540,70.359,14.2,17807,82992,0,17768,13583,0,0,43,30.00,16.50,18.00,925.0,boot
1580,38.610,52.330,19.1,17857,83240,0,17818,13631,0,0,43,30.00,16.50,18.00,926.6,boot
1581,38.663,62.112,16.1,17901,83481,0,17862,13673,0,0,43,30.00,16.50,18.00,927.9,boot
1582,38.725,62.607,16.0,17955,83749,0,17916,13719,0,0,43,30.00,16.50,18.00,929.4,boot
1583,38.787,78.180,12.8,17996,83941,0,17957,13752,0,0,43,30.00,16.50,18.00,930.9,boot
1584,38.866,78.041,12.8,18065,84274,0,18026,13803,0,0,43,30.00,16.50,18.00,932.8,boot
1585,38.944,46.423,21.5,18136,84587,0,18097,13848,0,0,43,30.00,16.50,18.00,934.6,boot
1586,38.990,62.336,16.0,18182,84846,0,18143,13887,0,0,43,30.00,16.50,18.00,935.8,boot
1587,39.053,61.150,16.4,18224,85039,0,18185,13910,0,0,43,30.00,16.50,18.00,937.3,boot
1588,39.114,81.088,12.3,18282,85329,0,18243,13959,0,0,43,30.00,16.50,18.00,938.7,boot
1589,39.195,62.913,15.9,18356,85673,0,18317,14004,0,0,43,30.00,16.50,18.00,940.7,boot
1590,39.258,48.279,20.7,18415,85896,0,18376,14015,0,0,43,30.00,16.50,18.00,942.2,boot
1591,39.306,63.074,15.9,18431,85908,0,18392,14002,0,0,43,30.00,16.50,18.00,943.3,boot
1592,39.369,64.578,15.5,18410,85786,0,18371,13959,0,0,43,30.00,16.50,18.00,944.9,boot
1593,39.434,63.553,15.7,18355,85500,0,18316,13881,0,0,43,30.00,16.50,18.00,946.4,boot
1594,39.497,64.817,15.4,18252,85014,0,18213,13763,0,0,43,30.00,16.50,18.00,947.9,boot
1595,39.562,64.727,15.4,18132,84505,0,18093,13639,0,0,43,30.00,16.50,18.00,949.5,boot
1596,39.627,65.815,15.2,18154,84721,0,18115,13650,0,0,43,30.00,16.50,18.00,951.0,boot
1597,39.693,66.076,15.1,18250,85274,0,18211,13717,0,0,43,30.00,16.50,18.00,952.6,boot
1598,39.759,68.131,14.7,18322,85716,0,18283,13766,0,0,43,30.00,16.50,18.00,954.2,boot
1599,39.827,68.265,14.6,18414,86300,0,18375,13847,0,0,43,30.00,16.50,18.00,955.9,boot
1600,39.895,69.100,14.5,18473,86732,0,18434,13905,0,0,43,30.00,16.50,18.00,957.5,boot
1601,39.965,68.640,14.6,18543,87200,0,18504,13970,0,0,43,30.00,16.50,18.00,959.2,boot
1602,40.033,68.361,14.6,18610,87674,0,18571,14040,0,0,43,30.00,16.50,18.00,960.8,boot
1603,40.102,69.311,14.4,18681,88170,0,18642,14111,0,0,43,30.00,16.50,18.00,962.4,boot
1604,40.171,69.255,14.4,18723,88522,0,18684,14155,0,0,43,30.00,16.50,18.00,964.1,boot
1605,40.240,69.504,14.4,18696,88517,0,18657,14129,0,0,43,30.00,16.50,18.00,965.8,boot
1606,40.310,70.080,14.3,18658,88496,0,18619,14094,0,0,43,30.00,16.50,18.00,967.4,boot
1607,40.380,69.360,14.4,18643,88551,0,18604,14080,0,0,43,30.00,16.50,18.00,969.1,boot
1608,40.449,67.533,14.8,18632,88653,0,18593,14071,0,0,43,30.00,16.50,18.00,970.8,boot
1609,40.517,61.916,16.2,18625,88736,0,18586,14065,0,0,43,30.00,16.50,18.00,972.4,boot
1610,40.579,64.526,15.5,18612,88789,0,18573,14053,0,0,43,30.00,16.50,18.00,973.9,boot
1611,40.643,67.951,14.7,18586,88795,0,18547,14030,0,0,43,30.00,16.50,18.00,975.4,boot
1612,40.711,66.786,15.0,18555,88772,0,18516,14001,0,0,43,30.00,16.50,18.00,977.1,boot
1613,40.778,67.247,14.9,18511,88683,0,18472,13959,0,0,43,30.00,16.50,18.00,978.7,boot
1614,40.845,62.633,16.0,18480,88643,0,18441,13920,0,0,43,30.00,16.50,18.00,980.3,boot
1615,40.908,60.965,16.4,18420,88459,0,18381,13865,0,0,43,30.00,16.50,18.00,981.8,boot
1616,40.969,61.813,16.2,18378,88376,0,18339,13824,0,0,43,30.00,16.50,18.00,983.3,boot
1617,41.031,64.821,15.4,18312,88161,0,18273,13759,0,0,43,30.00,16.50,18.00,984.7,boot
1618,41.096,64.811,15.4,18226,87856,0,18187,13683,0,0,43,30.00,16.50,18.00,986.3,boot
1619,41.161,64.273,15.6,18150,87601,0,18111,13614,0,0,43,30.00,16.50,18.00,987.9,boot
1620,41.225,62.968,15.9,18088,87425,0,18049,13559,0,0,43,30.00,16.50,18.00,989.4,boot
1621,41.288,63.832,15.7,18055,87326,0,18016,13528,0,0,43,30.00,16.50,18.00,990.9,boot
1622,41.352,63.044,15.9,18031,87275,0,17992,13504,0,0,43,30.00,16.50,18.00,992.4,boot
1623,41.415,63.475,15.8,18009,87202,0,17970,13474,0,0,43,30.00,16.50,18.00,994.0,boot
1624,41.478,56.275,17.8,17953,86979,0,17914,13421,0,0,43,30.00,16.50,18.00,995.5,boot
1625,41.535,60.758,16.5,17888,86684,0,17849,13347,0,0,43,30.00,16.50,18.00,996.8,boot
1626,41.596,61.102,16.4,17838,86440,0,17799,13290,0,0,43,30.00,16.50,18.00,998.3,boot
1627,41.657,60.901,16.4,17791,86255,0,17752,13245,0,0,43,30.00,16.50,18.00,999.8,boot
1628,41.718,59.268,16.9,17755,86094,0,17716,13204,0,0,43,30.00,16.50,18.00,1001.2,boot
1629,41.777,60.361,16.6,17723,85952,0,17684,13169,0,0,43,30.00,16.50,18.00,1002.6,boot
1630,41.837,59.247,16.9,17684,85767,0,17645,13125,0,0,43,30.00,16.50,18.00,1004.1,boot
1631,41.897,60.473,16.5,17634,85526,0,17595,13072,0,0,43,30.00,16.50,18.00,1005.5,boot
1632,41.957,60.467,16.5,17602,85363,0,17563,13037,0,0,43,30.00,16.50,18.00,1007.0,boot
1633,42.018,59.797,16.7,17549,85107,0,17510,12987,0,0,43,30.00,16.50,18.00,1008.4,boot
1634,42.077,64.112,15.6,17508,84893,0,17469,12940,0,0,43,30.00,16.50,18.00,1009.9,boot
1635,42.142,62.611,16.0,17464,84674,0,17425,12894,0,0,43,30.00,16.50,18.00,1011.4,boot
1636,42.204,64.622,15.5,17414,84398,0,17375,12842,0,0,43,30.00,16.50,18.00,1012.9,boot
1637,42.269,60.329,16.6,17366,84175,0,17327,12790,0,0,43,30.00,16.50,18.00,1014.5,boot
1638,42.329,55.670,18.0,17335,84002,0,17296,12756,0,0,43,30.00,16.50,18.00,1015.9,boot
1639,42.385,55.683,18.0,17291,83774,0,17252,12710,0,0,43,30.00,16.50,18.00,1017.2,boot
1640,42.441,54.959,18.2,17251,83559,0,17212,12667,0,0,43,30.00,16.50,18.00,1018.6,boot
1641,42.496,56.738,17.6,17217,83394,0,17178,12632,0,0,43,30.00,16.50,18.00,1019.9,boot
1642,42.552,59.280,16.9,17166,83134,0,17127,12585,0,0,43,30.00,16.50,18.00,1021.3,boot
1643,42.612,57.625,17.4,17113,82862,0,17074,12531,0,0,43,30.00,16.50,18.00,1022.7,boot
1644,42.669,67.616,14.8,17067,82631,0,17028,12487,0,0,43,30.00,16.50,18.00,1024.1,boot
1645,42.737,49.326,20.3,17007,82338,0,16968,12431,0,0,43,30.00,16.50,18.00,1025.7,boot
1646,42.786,48.052,20.8,16973,82170,0,16934,12402,0,0,43,30.00,16.50,18.00,1026.9,boot
1647,42.834,52.346,19.1,16918,81853,0,16879,12344,0,0,43,30.00,16.50,18.00,1028.0,boot
1648,42.887,61.012,16.4,16870,81607,0,16831,12305,0,0,43,30.00,16.50,18.00,1029.3,boot
1649,42.948,41.809,23.9,16822,81377,0,16783,12267,0,0,43,30.00,16.50,18.00,1030.7,boot
1650,42.990,47.921,20.9,16783,81179,0,16744,12234,0,0,43,30.00,16.50,18.00,1031.8,boot
1651,43.038,51.132,19.6,16746,80989,0,16707,12201,0,0,43,30.00,16.50,18.00,1032.9,boot
1652,43.089,55.313,18.1,16713,80825,0,16674,12175,0,0,43,30.00,16.50,18.00,1034.1,boot
1653,43.144,53.984,18.5,16671,80613,0,16632,12144,0,0,43,30.00,16.50,18.00,1035.5,boot
1654,43.198,48.556,20.6,16632,80430,0,16593,12115,0,0,43,30.00,16.50,18.00,1036.8,boot
1655,43.247,57.829,17.3,16618,80378,0,16579,12107,0,0,43,30.00,16.50,18.00,1037.9,boot
1656,43.305,49.288,20.3,16597,80259,0,16558,12089,0,0,43,30.00,16.50,18.00,1039.3,boot
1657,43.354,63.420,15.8,16575,80149,0,16536,12067,0,0,43,30.00,16.50,18.00,1040.5,boot
1658,43.417,48.488,20.6,16531,79942,0,16492,12037,0,0,43,30.00,16.50,18.00,1042.0,boot
1659,43.466,51.612,19.4,16483,79727,0,16444,11996,0,0,43,30.00,16.50,18.00,1043.2,boot
1660,43.517,60.074,16.6,16430,79487,0,16391,11959,0,0,43,30.00,16.50,18.00,1044.4,boot
1661,43.578,44.854,22.3,16400,79364,0,16361,11953,0,0,43,30.00,16.50,18.00,1045.9,boot
1662,43.622,44.136,22.7,16360,79188,0,16321,11928,0,0,43,30.00,16.50,18.00,1046.9,boot
1663,43.667,41.007,24.4,16346,79115,0,16307,11917,0,0,43,30.00,16.50,18.00,1048.0,boot
1664,43.708,51.932,19.3,16307,78954,0,16268,11900,0,0,43,30.00,16.50,18.00,1049.0,boot
1665,43.760,49.007,20.4,16270,78752,0,16231,11878,0,0,43,30.00,16.50,18.00,1050.2,boot
1666,43.809,42.456,23.6,16239,78648,0,16200,11859,0,0,43,30.00,16.50,18.00,1051.4,boot
1667,43.851,38.465,26.0,16207,78487,0,16168,11838,0,0,43,30.00,16.50,18.00,1052.4,boot
1668,43.890,40.769,24.5,16185,78390,0,16146,11820,0,0,43,30.00,16.50,18.00,1053.4,boot
1669,43.930,58.280,17.2,16149,78203,0,16110,11789,0,0,43,30.00,16.50,18.00,1054.3,boot
1670,43.989,50.829,19.7,16111,78077,0,16072,11779,0,0,43,30.00,16.50,18.00,1055.7,boot
1671,44.040,87.625,11.4,16079,77968,0,16040,11776,0,0,43,30.00,16.50,18.00,1056.9,boot
1672,44.127,85.477,11.7,16053,77915,0,16014,11782,0,0,43,30.00,16.50,18.00,1059.1,boot
1673,44.213,69.881,14.3,16042,77906,0,16003,11801,0,0,43,30.00,16.50,18.00,1061.1,boot
1674,44.283,40.235,24.9,16032,77907,0,15993,11818,0,0,43,30.00,16.50,18.00,1062.8,boot
1675,44.323,38.148,26.2,16032,77941,0,15993,11831,0,0,43,30.00,16.50,18.00,1063.7,boot
1676,44.361,46.461,21.5,16030,77960,0,15991,11846,0,0,43,30.00,16.50,18.00,1064.7,boot
1677,44.407,35.676,28.0,16028,77990,0,15989,11861,0,0,43,30.00,16.50,18.00,1065.8,boot
1678,44.443,41.468,24.1,16023,78007,0,15984,11874,0,0,43,30.00,16.50,18.00,1066.6,boot
1679,44.485,36.347,27.5,16011,77974,0,15972,11880,0,0,43,30.00,16.50,18.00,1067.6,boot
1680,44.521,35.884,27.9,16016,78031,0,15977,11899,0,0,43,30.00,16.50,18.00,1068.5,boot
1681,44.557,41.779,23.9,16013,78025,0,15974,11911,0,0,43,30.00,16.50,18.00,1069.4,boot
1682,44.599,39.980,25.0,16019,78075,0,15980,11919,0,0,43,30.00,16.50,18.00,1070.4,boot
1683,44.639,35.652,28.0,16021,78086,0,15982,11925,0,0,43,30.00,16.50,18.00,1071.3,boot
1684,44.674,47.487,21.1,16024,78132,0,15985,11935,0,0,43,30.00,16.50,18.00,1072.2,boot
1685,44.722,41.748,24.0,16029,78182,0,15990,11947,0,0,43,30.00,16.50,18.00,1073.3,boot
1686,44.764,36.368,27.5,16028,78161,0,15989,11945,0,0,43,30.00,16.50,18.00,1074.3,boot
1687,44.800,36.375,27.5,16036,78200,0,15997,11952,0,0,43,30.00,16.50,18.00,1075.2,boot
1688,44.837,41.697,24.0,16054,78288,0,16015,11968,0,0,43,30.00,16.50,18.00,1076.1,boot
1689,44.878,41.374,24.2,16066,78342,0,16027,11974,0,0,43,30.00,16.50,18.00,1077.1,boot
1690,44.920,38.106,26.2,16079,78407,0,16040,11987,0,0,43,30.00,16.50,18.00,1078.1,boot
1691,44.958,33.051,30.3,16084,78441,0,16045,11992,0,0,43,30.00,16.50,18.00,1079.0,boot
1692,44.991,38.483,26.0,16097,78521,0,16058,12005,0,0,43,30.00,16.50,18.00,1079.8,boot
1693,45.029,41.661,24.0,16102,78518,0,16063,12003,0,0,43,30.00,16.50,18.00,1080.7,boot
1694,45.071,31.403,31.8,16117,78619,0,16078,12023,0,0,43,30.00,16.50,18.00,1081.7,boot
1695,45.102,39.301,25.4,16117,78615,0,16078,12025,0,0,43,30.00,16.50,18.00,1082.5,boot
1696,45.142,38.122,26.2,16142,78721,0,16103,12040,0,0,43,30.00,16.50,18.00,1083.4,boot
1697,45.180,36.084,27.7,16159,78801,0,16120,12052,0,0,43,30.00,16.50,18.00,1084.3,boot
1698,45.216,31.388,31.9,16175,78884,0,16136,12062,0,0,43,30.00,16.50,18.00,1085.2,boot
1699,45.247,40.958,24.4,16178,78872,0,16139,12065,0,0,43,30.00,16.50,18.00,1085.9,boot
1700,45.288,34.242,29.2,16169,78853,0,16130,12061,0,0,43,30.00,16.50,18.00,1086.9,boot
1701,45.323,37.956,26.3,16195,79005,0,16156,12085,0,0,43,30.00,16.50,18.00,1087.7,boot
1702,45.361,35.333,28.3,16206,79031,0,16167,12094,0,0,43,30.00,16.50,18.00,1088.7,boot
1703,45.396,40.582,24.6,16228,79114,0,16189,12106,0,0,43,30.00,16.50,18.00,1089.5,boot
1704,45.437,31.669,31.6,16243,79175,0,16204,12116,0,0,43,30.00,16.50,18.00,1090.5,boot
1705,45.468,39.842,25.1,16251,79213,0,16212,12125,0,0,43,30.00,16.50,18.00,1091.2,boot
1706,45.508,33.286,30.0,16263,79265,0,16224,12132,0,0,43,30.00,16.50,18.00,1092.2,boot
1707,45.541,36.669,27.3,16274,79309,0,16235,12141,0,0,43,30.00,16.50,18.00,1093.0,boot
1708,45.578,31.164,32.1,16291,79356,0,16252,12150,0,0,43,30.00,16.50,18.00,1093.9,boot
1709,45.609,31.340,31.9,16301,79399,0,16262,12156,0,0,43,30.00,16.50,18.00,1094.6,boot
1710,45.641,30.028,33.3,16309,79430,0,16270,12161,0,0,43,30.00,16.50,18.00,1095.4,boot
1711,45.671,30.073,33.3,16334,79569,0,16295,12182,0,0,43,30.00,16.50,18.00,1096.1,boot
1712,45.701,32.462,30.8,16337,79581,0,16298,12188,0,0,43,30.00,16.50,18.00,1096.8,boot
1713,45.733,39.877,25.1,16352,79640,0,16313,12199,0,0,43,30.00,16.50,18.00,1097.6,boot
1714,45.773,34.408,29.1,16368,79713,0,16329,12211,0,0,43,30.00,16.50,18.00,1098.6,boot
1715,45.808,30.180,33.1,16385,79793,0,16346,12226,0,0,43,30.00,16.50,18.00,1099.4,boot
1716,45.838,31.480,31.8,16401,79859,0,16362,12237,0,0,43,30.00,16.50,18.00,1100.1,boot
1717,45.869,29.561,33.8,16422,79950,0,16383,12250,0,0,43,30.00,16.50,18.00,1100.9,boot
1718,45.899,29.320,34.1,16434,79995,0,16395,12259,0,0,43,30.00,16.50,18.00,1101.6,boot
1719,45.928,29.650,33.7,16449,80064,0,16410,12271,0,0,43,30.00,16.50,18.00,1102.3,boot
1720,45.958,34.231,29.2,16468,80139,0,16429,12279,0,0,43,30.00,16.50,18.00,1103.0,boot
1721,45.992,32.336,30.9,16487,80184,0,16448,12290,0,0,43,30.00,16.50,18.00,1103.8,boot
1722,46.025,28.296,35.3,16513,80305,0,16474,12307,0,0,43,30.00,16.50,18.00,1104.6,boot
1723,46.053,32.635,30.6,16523,80350,0,16484,12315,0,0,43,30.00,16.50,18.00,1105.3,boot
1724,46.085,28.549,35.0,16538,80410,0,16499,12327,0,0,43,30.00,16.50,18.00,1106.1,boot
1725,46.114,53.213,18.8,16557,80505,0,16518,12343,0,0,43,30.00,16.50,18.00,1106.7,boot
1726,46.167,31.577,31.7,16580,80597,0,16541,12361,0,0,43,30.00,16.50,18.00,1108.0,boot
1727,46.199,32.387,30.9,16603,80720,0,16564,12380,0,0,43,30.00,16.50,18.00,1108.8,boot
1728,46.231,29.254,34.2,16608,80698,0,16569,12383,0,0,43,30.00,16.50,18.00,1109.6,boot
1729,46.261,31.613,31.6,16627,80790,0,16588,12402,0,0,43,30.00,16.50,18.00,1110.3,boot
1730,46.292,29.192,34.3,16649,80935,0,16610,12423,0,0,43,30.00,16.50,18.00,1111.0,boot
1731,46.321,31.318,31.9,16664,80985,0,16625,12431,0,0,43,30.00,16.50,18.00,1111.7,boot
1732,46.353,28.946,34.5,16677,81030,0,16638,12442,0,0,43,30.00,16.50,18.00,1112.5,boot
1733,46.382,38.403,26.0,16703,81170,0,16664,12466,0,0,43,30.00,16.50,18.00,1113.2,boot
1734,46.420,36.078,27.7,16714,81209,0,16675,12476,0,0,43,30.00,16.50,18.00,1114.1,boot
1735,46.456,29.409,34.0,16746,81366,0,16707,12508,0,0,43,30.00,16.50,18.00,1114.9,boot
1736,46.486,29.234,34.2,16766,81466,0,16727,12525,0,0,43,30.00,16.50,18.00,1115.7,boot
1737,46.515,28.986,34.5,16799,81623,0,16760,12556,0,0,43,30.00,16.50,18.00,1116.4,boot
1738,46.544,27.805,36.0,16810,81673,0,16771,12565,0,0,43,30.00,16.50,18.00,1117.1,boot
1739,46.572,33.487,29.9,16827,81776,0,16788,12588,0,0,43,30.00,16.50,18.00,1117.7,boot
1740,46.605,27.400,36.5,16850,81882,0,16811,12608,0,0,43,30.00,16.50,18.00,1118.5,boot
1741,46.633,30.895,32.4,16869,81976,0,16830,12626,0,0,43,30.00,16.50,18.00,1119.2,boot
1742,46.664,27.124,36.9,16882,82052,0,16843,12644,0,0,43,30.00,16.50,18.00,1119.9,boot
1743,46.691,27.464,36.4,16903,82157,0,16864,12665,0,0,43,30.00,16.50,18.00,1120.6,boot
1744,46.718,41.480,24.1,16923,82256,0,16884,12684,0,0,43,30.00,16.50,18.00,1121.2,boot
1745,46.760,28.040,35.7,16952,82395,0,16913,12713,0,0,43,30.00,16.50,18.00,1122.2,boot
1746,46.788,29.104,34.4,16974,82501,0,16935,12734,0,0,43,30.00,16.50,18.00,1122.9,boot
1747,46.817,37.535,26.6,16994,82600,0,16955,12753,0,0,43,30.00,16.50,18.00,1123.6,boot
1748,46.854,32.775,30.5,17023,82738,0,16984,12781,0,0,43,30.00,16.50,18.00,1124.5,boot
1749,46.887,27.992,35.7,17039,82835,0,17000,12802,0,0,43,30.00,16.50,18.00,1125.3,boot
1750,46.915,28.208,35.5,17066,82982,0,17027,12829,0,0,43,30.00,16.50,18.00,1126.0,boot
1751,46.943,28.547,35.0,17085,83071,0,17046,12848,0,0,43,30.00,16.50,18.00,1126.6,boot
1752,46.972,28.864,34.6,17108,83189,0,17069,12871,0,0,43,30.00,16.50,18.00,1127.3,boot
1753,47.001,27.363,36.5,17133,83312,0,17094,12894,0,0,43,30.00,16.50,18.00,1128.0,boot
1754,47.028,27.981,35.7,17148,83387,0,17109,12909,0,0,43,30.00,16.50,18.00,1128.7,boot
1755,47.056,46.300,21.6,17170,83509,0,17131,12931,0,0,43,30.00,16.50,18.00,1129.4,boot
1756,47.103,27.416,36.5,17209,83698,0,17170,12970,0,0,43,30.00,16.50,18.00,1130.5,boot
1757,47.130,30.513,32.8,17218,83746,0,17179,12979,0,0,43,30.00,16.50,18.00,1131.1,boot
1758,47.161,28.218,35.4,17240,83861,0,17201,13000,0,0,43,30.00,16.50,18.00,1131.9,boot
1759,47.189,27.824,35.9,17264,83962,0,17225,13023,0,0,43,30.00,16.50,18.00,1132.5,boot
1760,47.217,26.224,38.1,17309,84238,0,17270,13068,0,0,43,30.00,16.50,18.00,1133.2,boot
1761,47.243,35.932,27.8,17280,84060,0,17241,13039,0,0,43,30.00,16.50,18.00,1133.8,boot
1762,47.279,31.070,32.2,17335,84335,0,17296,13094,0,0,43,30.00,16.50,18.00,1134.7,boot
1763,47.310,28.228,35.4,17373,84525,0,17334,13126,0,0,43,30.00,16.50,18.00,1135.4,boot
1764,47.338,28.464,35.1,17392,84623,0,17353,13145,0,0,43,30.00,16.50,18.00,1136.1,boot
1765,47.367,26.201,38.2,17419,84743,0,17380,13166,0,0,43,30.00,16.50,18.00,1136.8,boot
1766,47.393,35.544,28.1,17441,84853,0,17402,13188,0,0,43,30.00,16.50,18.00,1137.4,boot
1767,47.428,25.246,39.6,17471,85006,0,17432,13218,0,0,43,30.00,16.50,18.00,1138.3,boot
1768,47.454,25.694,38.9,17494,85127,0,17455,13241,0,0,43,30.00,16.50,18.00,1138.9,boot
1769,47.479,34.124,29.3,17511,85215,0,17472,13258,0,0,43,30.00,16.50,18.00,1139.5,boot
1770,47.513,25.425,39.3,17541,85364,0,17502,13287,0,0,43,30.00,16.50,18.00,1140.3,boot
1771,47.539,41.506,24.1,17559,85454,0,17520,13305,0,0,43,30.00,16.50,18.00,1140.9,boot
1772,47.580,27.067,36.9,17591,85623,0,17552,13337,0,0,43,30.00,16.50,18.00,1141.9,boot
1773,47.608,25.693,38.9,17613,85733,0,17574,13359,0,0,43,30.00,16.50,18.00,1142.6,boot
1774,47.633,25.768,38.8,17633,85833,0,17594,13379,0,0,43,30.00,16.50,18.00,1143.2,boot
1775,47.659,25.848,38.7,17654,85950,0,17615,13400,0,0,43,30.00,16.50,18.00,1143.8,boot
1776,47.685,33.649,29.7,17668,86008,0,17629,13414,0,0,43,30.00,16.50,18.00,1144.4,boot
1777,47.719,26.900,37.2,17695,86140,0,17656,13435,0,0,43,30.00,16.50,18.00,1145.2,boot
1778,47.745,28.675,34.9,17692,86101,0,17653,13432,0,0,43,30.00,16.50,18.00,1145.9,boot
1779,47.774,28.745,34.8,17733,86353,0,17694,13472,0,0,43,30.00,16.50,18.00,1146.6,boot
1780,47.803,42.047,23.8,17724,86278,0,17685,13463,0,0,43,30.00,16.50,18.00,1147.3,boot
1781,47.845,37.397,26.7,17735,86360,0,17696,13480,0,0,43,30.00,16.50,18.00,1148.3,boot
1782,47.882,25.870,38.7,17750,86435,0,17711,13495,0,0,43,30.00,16.50,18.00,1149.2,boot
1783,47.908,29.355,34.1,17755,86463,0,17716,13500,0,0,43,30.00,16.50,18.00,1149.8,boot
1784,47.938,26.765,37.4,17761,86491,0,17722,13507,0,0,43,30.00,16.50,18.00,1150.5,boot
1785,47.964,27.035,37.0,17772,86552,0,17733,13518,0,0,43,30.00,16.50,18.00,1151.1,boot
1786,47.992,26.413,37.9,17781,86595,0,17742,13528,0,0,43,30.00,16.50,18.00,1151.8,boot
1787,48.018,24.889,40.2,17787,86622,0,17748,13534,0,0,43,30.00,16.50,18.00,1152.4,boot
1788,48.043,40.521,24.7,17810,86749,0,17771,13557,0,0,43,30.00,16.50,18.00,1153.0,boot
1789,48.083,29.949,33.4,17815,86768,0,17776,13562,0,0,43,30.00,16.50,18.00,1154.0,boot
1790,48.113,32.250,31.0,17830,86852,0,17791,13577,0,0,43,30.00,16.50,18.00,1154.7,boot
1791,48.146,25.904,38.6,17845,86927,0,17806,13592,0,0,43,30.00,16.50,18.00,1155.5,boot
1792,48.172,35.475,28.2,17860,87014,0,17821,13607,0,0,43,30.00,16.50,18.00,1156.1,boot
1793,48.207,26.670,37.5,17869,87066,0,17830,13623,0,0,43,30.00,16.50,18.00,1157.0,boot
1794,48.234,29.378,34.0,17875,87096,0,17836,13629,0,0,43,30.00,16.50,18.00,1157.6,boot
1795,48.263,35.959,27.8,17889,87169,0,17850,13643,0,0,43,30.00,16.50,18.00,1158.3,boot
1796,48.299,31.397,31.9,17903,87244,0,17864,13659,0,0,43,30.00,16.50,18.00,1159.2,boot
1797,48.330,30.186,33.1,17928,87378,0,17889,13684,0,0,43,30.00,16.50,18.00,1159.9,boot
1798,48.361,24.307,41.1,17945,87473,0,17906,13702,0,0,43,30.00,16.50,18.00,1160.7,boot
1799,48.385,25.937,38.6,17953,87505,0,17914,13711,0,0,43,30.00,16.50,18.00,1161.2,boot
1800,48.411,34.841,28.7,17967,87576,0,17928,13726,0,0,43,30.00,16.50,18.00,1161.9,boot
1801,48.446,24.595,40.7,17979,87647,0,17940,13740,0,0,43,30.00,16.50,18.00,1162.7,boot
1802,48.470,25.661,39.0,17996,87730,0,17957,13758,0,0,43,30.00,16.50,18.00,1163.3,boot
1803,48.496,26.939,37.1,17997,87742,0,17958,13760,0,0,43,30.00,16.50,18.00,1163.9,boot
1804,48.523,31.952,31.3,18016,87845,0,17977,13781,0,0,43,30.00,16.50,18.00,1164.6,boot
1805,48.555,30.611,32.7,18018,87869,0,17979,13791,0,0,43,30.00,16.50,18.00,1165.3,boot
1806,48.586,28.186,35.5,18032,87953,0,17993,13807,0,0,43,30.00,16.50,18.00,1166.1,boot
1807,48.614,27.568,36.3,18037,87980,0,17998,13814,0,0,43,30.00,16.50,18.00,1166.7,boot
1808,48.641,27.206,36.8,18044,88032,0,18005,13823,0,0,43,30.00,16.50,18.00,1167.4,boot
1809,48.669,26.664,37.5,18032,87984,0,17993,13817,0,0,43,30.00,16.50,18.00,1168.0,boot
1810,48.695,26.395,37.9,18039,88007,0,18000,13824,0,0,43,30.00,16.50,18.00,1168.7,boot
1811,48.722,27.288,36.6,18044,88066,0,18005,13830,0,0,43,30.00,16.50,18.00,1169.3,boot
1812,48.749,30.713,32.6,18041,88052,0,18002,13828,0,0,43,30.00,16.50,18.00,1170.0,boot
1813,48.780,31.825,31.4,18031,87990,0,17992,13818,0,0,43,30.00,16.50,18.00,1170.7,boot
1814,48.812,25.598,39.1,18015,87899,0,17976,13806,0,0,43,30.00,16.50,18.00,1171.5,boot
1815,48.837,28.552,35.0,18005,87880,0,17966,13803,0,0,43,30.00,16.50,18.00,1172.1,boot
1816,48.866,26.753,37.4,18005,87877,0,17966,13800,0,0,43,30.00,16.50,18.00,1172.8,boot
1817,48.893,26.095,38.3,17987,87781,0,17948,13785,0,0,43,30.00,16.50,18.00,1173.4,boot
1818,48.919,26.047,38.4,17980,87746,0,17941,13778,0,0,43,30.00,16.50,18.00,1174.0,boot
1819,48.945,29.729,33.6,17982,87768,0,17943,13780,0,0,43,30.00,16.50,18.00,1174.7,boot
1820,48.974,32.330,30.9,17965,87670,0,17926,13759,0,0,43,30.00,16.50,18.00,1175.4,boot
1821,49.007,28.759,34.8,17935,87507,0,17896,13731,0,0,43,30.00,16.50,18.00,1176.2,boot
1822,49.036,25.358,39.4,17916,87421,0,17877,13715,0,0,43,30.00,16.50,18.00,1176.9,boot
1823,49.061,33.397,29.9,17896,87332,0,17857,13697,0,0,43,30.00,16.50,18.00,1177.5,boot
1824,49.094,33.467,29.9,17875,87243,0,17836,13680,0,0,43,30.00,16.50,18.00,1178.3,boot
1825,49.128,24.919,40.1,17851,87129,0,17812,13659,0,0,43,30.00,16.50,18.00,1179.1,boot
1826,49.153,24.548,40.7,17840,87078,0,17801,13646,0,0,43,30.00,16.50,18.00,1179.7,boot
1827,49.177,36.044,27.7,17812,86929,0,17773,13621,0,0,43,30.00,16.50,18.00,1180.3,boot
1828,49.213,31.683,31.6,17797,86875,0,17758,13609,0,0,43,30.00,16.50,18.00,1181.1,boot
1829,49.245,27.154,36.8,17762,86693,0,17723,13576,0,0,43,30.00,16.50,18.00,1181.9,boot
1830,49.272,27.352,36.6,17745,86632,0,17706,13565,0,0,43,30.00,16.50,18.00,1182.5,boot
1831,49.300,27.123,36.9,17720,86503,0,17681,13542,0,0,43,30.00,16.50,18.00,1183.2,boot
1832,49.327,27.126,36.9,17698,86408,0,17659,13523,0,0,43,30.00,16.50,18.00,1183.8,boot
1833,49.354,25.812,38.7,17681,86334,0,17642,13511,0,0,43,30.00,16.50,18.00,1184.5,boot
1834,49.380,25.423,39.3,17664,86253,0,17625,13495,0,0,43,30.00,16.50,18.00,1185.1,boot
1835,49.405,34.186,29.3,17649,86186,0,17610,13485,0,0,43,30.00,16.50,18.00,1185.7,boot
1836,49.439,33.423,29.9,17633,86117,0,17594,13474,0,0,43,30.00,16.50,18.00,1186.5,boot
1837,49.473,36.614,27.3,17614,86016,0,17575,13458,0,0,43,30.00,16.50,18.00,1187.3,boot
1838,49.509,35.938,27.8,17611,86034,0,17572,13461,0,0,43,30.00,16.50,18.00,1188.2,boot
1839,49.545,25.632,39.0,17602,86020,0,17563,13462,0,0,43,30.00,16.50,18.00,1189.1,boot
1840,49.571,24.976,40.0,17579,85890,0,17540,13442,0,0,43,30.00,16.50,18.00,1189.7,boot
1841,49.596,25.592,39.1,17581,85902,0,17542,13446,0,0,43,30.00,16.50,18.00,1190.3,boot
1842,49.622,24.818,40.3,17573,85865,0,17534,13441,0,0,43,30.00,16.50,18.00,1190.9,boot
1843,49.647,35.544,28.1,17559,85781,0,17520,13434,0,0,43,30.00,16.50,18.00,1191.5,boot
1844,49.682,23.916,41.8,17553,85756,0,17514,13436,0,0,43,30.00,16.50,18.00,1192.4,boot
1845,49.706,24.515,40.8,17569,85827,0,17530,13452,0,0,43,30.00,16.50,18.00,1192.9,boot
1846,49.731,31.134,32.1,17544,85678,0,17505,13430,0,0,43,30.00,16.50,18.00,1193.5,boot
1847,49.762,25.710,38.9,17589,85860,0,17550,13478,0,0,43,30.00,16.50,18.00,1194.3,boot
1848,49.787,26.070,38.4,17605,85953,0,17566,13501,0,0,43,30.00,16.50,18.00,1194.9,boot
1849,49.814,25.740,38.8,17613,85949,0,17574,13508,0,0,43,30.00,16.50,18.00,1195.5,boot
1850,49.839,27.612,36.2,17631,85995,0,17592,13528,0,0,43,30.00,16.50,18.00,1196.1,boot
1851,49.867,32.971,30.3,17654,86061,0,17615,13553,0,0,43,30.00,16.50,18.00,1196.8,boot
1852,49.900,27.235,36.7,17672,86110,0,17633,13577,0,0,43,30.00,16.50,18.00,1197.6,boot
1853,49.927,25.869,38.7,17652,85971,0,17613,13566,0,0,43,30.00,16.50,18.00,1198.3,boot
1854,49.953,26.105,38.3,17661,85945,0,17622,13568,0,0,43,30.00,16.50,18.00,1198.9,boot
1855,49.979,27.832,35.9,17689,86041,0,17650,13591,0,0,43,30.00,16.50,18.00,1199.5,boot
1856,50.007,25.426,39.3,17697,86038,0,17658,13601,0,0,43,30.00,16.50,18.00,1200.2,boot
1857,50.032,25.823,38.7,17659,85776,0,17620,13566,0,0,43,30.00,16.50,18.00,1200.8,boot
1858,50.058,27.174,36.8,17635,85612,0,17596,13543,0,0,43,30.00,16.50,18.00,1201.4,boot
1859,50.085,39.425,25.4,17604,85404,0,17565,13516,0,0,43,30.00,16.50,18.00,1202.1,boot
1860,50.125,26.684,37.5,17542,85011,0,17503,13458,0,0,43,30.00,16.50,18.00,1203.0,boot
1861,50.152,25.411,39.4,17526,84870,0,17487,13436,0,0,43,30.00,16.50,18.00,1203.6,boot
1862,50.177,25.862,38.7,17496,84663,0,17457,13406,0,0,43,30.00,16.50,18.00,1204.2,boot
1863,50.203,29.735,33.6,17463,84447,0,17424,13375,0,0,43,30.00,16.50,18.00,1204.9,boot
1864,50.233,30.825,32.4,17429,84218,0,17390,13342,0,0,43,30.00,16.50,18.00,1205.6,boot
1865,50.263,26.594,37.6,17389,83954,0,17350,13303,0,0,43,30.00,16.50,18.00,1206.3,boot
1866,50.290,47.237,21.2,17355,83732,0,17316,13271,0,0,43,30.00,16.50,18.00,1207.0,boot
1867,50.337,64.755,15.4,17303,83361,0,17264,13216,0,0,43,30.00,16.50,18.00,1208.1,boot
1868,50.402,45.531,22.0,17232,82885,0,17193,13147,0,0,43,30.00,16.50,18.00,1209.7,boot
1869,50.448,33.244,30.1,17169,82463,0,17130,13085,0,0,43,30.00,16.50,18.00,1210.7,boot
1870,50.481,28.121,35.6,17135,82240,0,17096,13052,0,0,43,30.00,16.50,18.00,1211.5,boot
1871,50.509,31.625,31.6,17101,82012,0,17062,13020,0,0,43,30.00,16.50,18.00,1212.2,boot
1872,50.541,44.232,22.6,17061,81740,0,17022,12980,0,0,43,30.00,16.50,18.00,1213.0,boot
1873,50.585,32.619,30.7,17024,81470,0,16985,12942,0,0,43,30.00,16.50,18.00,1214.0,boot
1874,50.618,28.785,34.7,17003,81300,0,16964,12922,0,0,43,30.00,16.50,18.00,1214.8,boot
1875,50.646,29.331,34.1,17017,81309,0,16978,12935,0,0,43,30.00,16.50,18.00,1215.5,boot
1876,50.676,28.215,35.4,17029,81309,0,16990,12947,0,0,43,30.00,16.50,18.00,1216.2,boot
1877,50.704,28.487,35.1,17034,81271,0,16995,12950,0,0,43,30.00,16.50,18.00,1216.9,boot
1878,50.733,34.592,28.9,17044,81266,0,17005,12959,0,0,43,30.00,16.50,18.00,1217.6,boot
1879,50.767,28.298,35.3,17049,81225,0,17010,12964,0,0,43,30.00,16.50,18.00,1218.4,boot
1880,50.795,28.151,35.5,17052,81155,0,17013,12958,0,0,43,30.00,16.50,18.00,1219.1,boot
1881,50.824,28.146,35.5,17049,81080,0,17010,12955,0,0,43,30.00,16.50,18.00,1219.8,boot
1882,50.852,28.135,35.5,17049,81026,0,17010,12955,0,0,43,30.00,16.50,18.00,1220.4,boot
1883,50.880,31.590,31.7,17039,80921,0,17000,12944,0,0,43,30.00,16.50,18.00,1221.1,boot
1884,50.912,28.084,35.6,17028,80800,0,16989,12933,0,0,43,30.00,16.50,18.00,1221.9,boot
1885,50.940,33.243,30.1,17036,80779,0,16997,12940,0,0,43,30.00,16.50,18.00,1222.6,boot
1886,50.973,29.574,33.8,17029,80693,0,16990,12937,0,0,43,30.00,16.50,18.00,1223.4,boot
1887,51.003,28.006,35.7,17019,80586,0,16980,12927,0,0,43,30.00,16.50,18.00,1224.1,boot
1888,51.031,28.680,34.9,17015,80499,0,16976,12922,0,0,43,30.00,16.50,18.00,1224.7,boot
1889,51.059,28.079,35.6,17007,80405,0,16968,12914,0,0,43,30.00,16.50,18.00,1225.4,boot
1890,51.087,30.563,32.7,17015,80387,0,16976,12921,0,0,43,30.00,16.50,18.00,1226.1,boot
1891,51.118,34.409,29.1,17010,80305,0,16971,12916,0,0,43,30.00,16.50,18.00,1226.8,boot
1892,51.152,34.923,28.6,17022,80296,0,16983,12928,0,0,43,30.00,16.50,18.00,1227.7,boot
1893,51.187,31.386,31.9,17043,80325,0,17004,12948,0,0,43,30.00,16.50,18.00,1228.5,boot
1894,51.219,29.855,33.5,17065,80377,0,17026,12969,0,0,43,30.00,16.50,18.00,1229.2,boot
1895,51.249,32.843,30.4,17065,80255,0,17026,12967,0,0,43,30.00,16.50,18.00,1230.0,boot
1896,51.281,33.209,30.1,17076,80331,0,17037,12990,0,0,43,30.00,16.50,18.00,1230.8,boot
1897,51.315,38.767,25.8,17103,80413,0,17064,13015,0,0,43,30.00,16.50,18.00,1231.6,boot
1898,51.353,38.933,25.7,17131,80460,0,17092,13040,0,0,43,30.00,16.50,18.00,1232.5,boot
1899,51.392,34.099,29.3,17187,80651,0,17148,13084,0,0,43,30.00,16.50,18.00,1233.4,boot
1900,51.427,36.884,27.1,17214,80702,0,17175,13102,0,0,43,30.00,16.50,18.00,1234.2,boot
1901,51.463,32.625,30.7,17267,80910,0,17228,13152,0,0,43,30.00,16.50,18.00,1235.1,boot
1902,51.496,32.463,30.8,17314,81093,0,17275,13196,0,0,43,30.00,16.50,18.00,1235.9,boot
1903,51.529,34.536,29.0,17341,81182,0,17302,13222,0,0,43,30.00,16.50,18.00,1236.7,boot
1904,51.563,40.457,24.7,17375,81301,0,17336,13253,0,0,43,30.00,16.50,18.00,1237.5,boot
1905,51.604,35.145,28.5,17412,81436,0,17373,13286,0,0,43,30.00,16.50,18.00,1238.5,boot
1906,51.639,46.181,21.7,17427,81468,0,17388,13300,0,0,43,30.00,16.50,18.00,1239.3,boot
1907,51.685,33.297,30.0,17432,81445,0,17393,13302,0,0,43,30.00,16.50,18.00,1240.4,boot
1908,51.718,32.903,30.4,17439,81454,0,17400,13307,0,0,43,30.00,16.50,18.00,1241.2,boot
1909,51.751,50.796,19.7,17440,81431,0,17401,13307,0,0,43,30.00,16.50,18.00,1242.0,boot
1910,51.802,43.368,23.1,17459,81469,0,17420,13315,0,0,43,30.00,16.50,18.00,1243.2,boot
1911,51.845,35.674,28.0,17479,81530,0,17440,13332,0,0,43,30.00,16.50,18.00,1244.3,boot
1912,51.881,42.195,23.7,17496,81599,0,17457,13348,0,0,43,30.00,16.50,18.00,1245.1,boot
1913,51.923,68.292,14.6,17528,81737,0,17489,13379,0,0,43,30.00,16.50,18.00,1246.2,boot
1914,51.992,47.350,21.1,17574,81970,0,17535,13431,0,0,43,30.00,16.50,18.00,1247.8,boot
1915,52.039,42.871,23.3,17603,82124,0,17564,13466,0,0,43,30.00,16.50,18.00,1248.9,boot
1916,52.082,38.663,25.9,17613,82165,0,17574,13476,0,0,43,30.00,16.50,18.00,1250.0,boot
1917,52.121,40.250,24.8,17623,82212,0,17584,13486,0,0,43,30.00,16.50,18.00,1250.9,boot
1918,52.161,36.689,27.3,17638,82272,0,17599,13495,0,0,43,30.00,16.50,18.00,1251.9,boot
1919,52.198,37.534,26.6,17638,82302,0,17599,13501,0,0,43,30.00,16.50,18.00,1252.7,boot
1920,52.235,43.677,22.9,17621,82211,0,17582,13484,0,0,43,30.00,16.50,18.00,1253.6,boot
1921,52.279,41.819,23.9,17633,82253,0,17594,13490,0,0,43,30.00,16.50,18.00,1254.7,boot
1922,52.321,40.331,24.8,17637,82273,0,17598,13494,0,0,43,30.00,16.50,18.00,1255.7,boot
1923,52.361,57.090,17.5,17634,82273,0,17595,13497,0,0,43,30.00,16.50,18.00,1256.7,boot
1924,52.418,42.858,23.3,17637,82285,0,17598,13500,0,0,43,30.00,16.50,18.00,1258.0,boot
1925,52.461,36.140,27.7,17635,82278,0,17596,13498,0,0,43,30.00,16.50,18.00,1259.1,boot
1926,52.497,40.593,24.6,17618,82157,0,17579,13481,0,0,43,30.00,16.50,18.00,1259.9,boot
1927,52.538,40.611,24.6,17634,82270,0,17595,13497,0,0,43,30.00,16.50,18.00,1260.9,boot
1928,52.578,36.287,27.6,17635,82275,0,17596,13498,0,0,43,30.00,16.50,18.00,1261.9,boot
1929,52.615,36.869,27.1,17633,82259,0,17594,13496,0,0,43,30.00,16.50,18.00,1262.8,boot
1930,52.652,40.405,24.7,17626,82224,0,17587,13489,0,0,43,30.00,16.50,18.00,1263.6,boot
1931,52.692,56.477,17.7,17628,82234,0,17589,13491,0,0,43,30.00,16.50,18.00,1264.6,boot
1932,52.749,48.327,20.7,17665,82422,0,17626,13522,0,0,43,30.00,16.50,18.00,1266.0,boot
1933,52.797,43.164,23.2,17647,82329,0,17608,13504,0,0,43,30.00,16.50,18.00,1267.1,boot
1934,52.840,42.302,23.6,17639,82277,0,17600,13496,0,0,43,30.00,16.50,18.00,1268.2,boot
1935,52.882,39.969,25.0,17631,82234,0,17592,13488,0,0,43,30.00,16.50,18.00,1269.2,boot
1936,52.922,38.557,25.9,17631,82234,0,17592,13488,0,0,43,30.00,16.50,18.00,1270.1,boot
1937,52.961,47.176,21.2,17642,82271,0,17603,13493,0,0,43,30.00,16.50,18.00,1271.1,boot
1938,53.008,44.167,22.6,17645,82265,0,17606,13490,0,0,43,30.00,16.50,18.00,1272.2,boot
1939,53.052,49.865,20.1,17655,82315,0,17616,13497,0,0,43,30.00,16.50,18.00,1273.3,boot
1940,53.102,48.864,20.5,17656,82320,0,17617,13495,0,0,43,30.00,16.50,18.00,1274.5,boot
1941,53.151,49.520,20.2,17660,82330,0,17621,13495,0,0,43,30.00,16.50,18.00,1275.6,boot
1942,53.201,50.530,19.8,17667,82362,0,17628,13499,0,0,43,30.00,16.50,18.00,1276.8,boot
1943,53.251,51.037,19.6,17671,82369,0,17632,13492,0,0,43,30.00,16.50,18.00,1278.0,boot
1944,53.302,52.220,19.1,17680,82403,0,17641,13493,0,0,43,30.00,16.50,18.00,1279.3,boot
1945,53.355,52.404,19.1,17693,82513,0,17654,13509,0,0,43,30.00,16.50,18.00,1280.5,boot
1946,53.407,73.957,13.5,17707,82559,0,17668,13514,0,0,43,30.00,16.50,18.00,1281.8,boot
1947,53.481,47.258,21.2,17775,82876,0,17736,13570,0,0,43,30.00,16.50,18.00,1283.5,boot
1948,53.528,52.198,19.2,17798,82976,0,17759,13582,0,0,43,30.00,16.50,18.00,1284.7,boot
1949,53.581,52.297,19.1,17838,83157,0,17799,13612,0,0,43,30.00,16.50,18.00,1285.9,boot
1950,53.633,56.681,17.6,17882,83366,0,17843,13651,0,0,43,30.00,16.50,18.00,1287.2,boot
1951,53.690,56.417,17.7,17924,83573,0,17885,13685,0,0,43,30.00,16.50,18.00,1288.6,boot
1952,53.746,56.965,17.6,17964,83725,0,17925,13719,0,0,43,30.00,16.50,18.00,1289.9,boot
1953,53.803,62.693,16.0,18010,84008,0,17971,13763,0,0,43,30.00,16.50,18.00,1291.3,boot
1954,53.866,65.750,15.2,18062,84286,0,18023,13806,0,0,43,30.00,16.50,18.00,1292.8,boot
1955,53.932,67.141,14.9,18134,84602,0,18095,13852,0,0,43,30.00,16.50,18.00,1294.4,boot
1956,53.999,60.011,16.7,18199,84913,0,18160,13895,0,0,43,30.00,16.50,18.00,1296.0,boot
1957,54.059,61.175,16.3,18241,85087,0,18202,13914,0,0,43,30.00,16.50,18.00,1297.4,boot
1958,54.120,61.733,16.2,18297,85373,0,18258,13961,0,0,43,30.00,16.50,18.00,1298.9,boot
1959,54.182,68.788,14.5,18352,85631,0,18313,13996,0,0,43,30.00,16.50,18.00,1300.4,boot
1960,54.251,55.351,18.1,18418,85884,0,18379,14012,0,0,43,30.00,16.50,18.00,1302.0,boot
1961,54.306,63.901,15.6,18432,85913,0,18393,14003,0,0,43,30.00,16.50,18.00,1303.3,boot
1962,54.370,63.393,15.8,18415,85793,0,18376,13958,0,0,43,30.00,16.50,18.00,1304.9,boot
1963,54.433,65.384,15.3,18361,85512,0,18322,13881,0,0,43,30.00,16.50,18.00,1306.4,boot
1964,54.499,64.182,15.6,18249,84986,0,18210,13756,0,0,43,30.00,16.50,18.00,1308.0,boot
1965,54.563,64.884,15.4,18132,84508,0,18093,13639,0,0,43,30.00,16.50,18.00,1309.5,boot
1966,54.628,66.088,15.1,18155,84728,0,18116,13650,0,0,43,30.00,16.50,18.00,1311.1,boot
1967,54.694,66.210,15.1,18249,85269,0,18210,13716,0,0,43,30.00,16.50,18.00,1312.7,boot
1968,54.760,67.326,14.9,18319,85725,0,18280,13769,0,0,43,30.00,16.50,18.00,1314.2,boot
1969,54.828,68.468,14.6,18407,86283,0,18368,13846,0,0,43,30.00,16.50,18.00,1315.9,boot
1970,54.896,68.312,14.6,18466,86715,0,18427,13904,0,0,43,30.00,16.50,18.00,1317.5,boot
1971,54.964,69.774,14.3,18531,87176,0,18492,13970,0,0,43,30.00,16.50,18.00,1319.1,boot
1972,55.034,67.812,14.7,18605,87670,0,18566,14041,0,0,43,30.00,16.50,18.00,1320.8,boot
1973,55.102,69.273,14.4,18675,88161,0,18636,14111,0,0,43,30.00,16.50,18.00,1322.5,boot
1974,55.172,70.020,14.3,18722,88541,0,18683,14160,0,0,43,30.00,16.50,18.00,1324.1,boot
1975,55.242,68.933,14.5,18694,88534,0,18655,14133,0,0,43,30.00,16.50,18.00,1325.8,boot
1976,55.311,70.267,14.2,18643,88457,0,18604,14091,0,0,43,30.00,16.50,18.00,1327.5,boot
1977,55.381,62.853,15.9,18629,88517,0,18590,14078,0,0,43,30.00,16.50,18.00,1329.1,boot
1978,55.444,62.767,15.9,18610,88558,0,18571,14061,0,0,43,30.00,16.50,18.00,1330.6,boot
1979,55.507,61.919,16.2,18623,88705,0,18584,14063,0,0,43,30.00,16.50,18.00,1332.2,boot
1980,55.568,61.491,16.3,18614,88780,0,18575,14054,0,0,43,30.00,16.50,18.00,1333.6,boot
1981,55.630,61.587,16.2,18598,88827,0,18559,14041,0,0,43,30.00,16.50,18.00,1335.1,boot
1982,55.692,64.121,15.6,18574,88831,0,18535,14020,0,0,43,30.00,16.50,18.00,1336.6,boot
1983,55.756,60.939,16.4,18529,88730,0,18490,13976,0,0,43,30.00,16.50,18.00,1338.1,boot
1984,55.817,61.504,16.3,18490,88655,0,18451,13937,0,0,43,30.00,16.50,18.00,1339.6,boot
1985,55.878,60.665,16.5,18444,88541,0,18405,13893,0,0,43,30.00,16.50,18.00,1341.1,boot
1986,55.939,60.409,16.6,18385,88365,0,18346,13836,0,0,43,30.00,16.50,18.00,1342.5,boot
1987,55.999,62.388,16.0,18361,88348,0,18322,13807,0,0,43,30.00,16.50,18.00,1344.0,boot
1988,56.062,65.292,15.3,18269,88022,0,18230,13725,0,0,43,30.00,16.50,18.00,1345.5,boot
1989,56.127,64.139,15.6,18198,87776,0,18159,13657,0,0,43,30.00,16.50,18.00,1347.1,boot
1990,56.191,63.824,15.7,18119,87455,0,18080,13576,0,0,43,30.00,16.50,18.00,1348.6,boot
1991,56.255,63.141,15.8,18085,87411,0,18046,13545,0,0,43,30.00,16.50,18.00,1350.1,boot
1992,56.318,63.997,15.6,18055,87303,0,18016,13511,0,0,43,30.00,16.50,18.00,1351.6,boot
1993,56.382,62.683,16.0,18036,87270,0,17997,13491,0,0,43,30.00,16.50,18.00,1353.2,boot
1994,56.445,68.006,14.7,18000,87128,0,17961,13448,0,0,43,30.00,16.50,18.00,1354.7,boot
1995,56.513,145.181,6.9,17929,86832,0,17890,13376,0,0,43,30.00,16.50,18.00,1356.3,boot
1996,56.658,53.754,18.6,17800,86267,0,17761,13242,0,0,43,30.00,16.50,18.00,1359.8,boot
1997,56.712,42.893,23.3,17777,86166,0,17738,13215,0,0,43,30.00,16.50,18.00,1361.1,boot
1998,56.755,59.693,16.8,17750,86046,0,17711,13185,0,0,43,30.00,16.50,18.00,1362.1,boot
1999,56.815,61.726,16.2,17706,85832,0,17667,13138,0,0,43,30.00,16.50,18.00,1363.6,boot
2000,56.876,50.009,20.0,17658,85620,0,17619,13091,0,0,43,30.00,16.50,18.00,1365.0,boot
2001,56.927,57.515,17.4,17619,85426,0,17580,13050,0,0,43,30.00,16.50,18.00,1366.2,boot
2002,56.984,58.531,17.1,17576,85198,0,17537,13003,0,0,43,30.00,16.50,18.00,1367.6,boot
2003,57.043,57.919,17.3,17542,85025,0,17503,12963,0,0,43,30.00,16.50,18.00,1369.0,boot
2004,57.101,56.835,17.6,17497,84823,0,17458,12923,0,0,43,30.00,16.50,18.00,1370.4,boot
2005,57.157,56.526,17.7,17472,84695,0,17433,12895,0,0,43,30.00,16.50,18.00,1371.8,boot
2006,57.214,55.723,17.9,17399,84314,0,17360,12821,0,0,43,30.00,16.50,18.00,1373.1,boot
2007,57.270,55.329,18.1,17371,84182,0,17332,12789,0,0,43,30.00,16.50,18.00,1374.5,boot
2008,57.325,56.098,17.8,17343,84018,0,17304,12758,0,0,43,30.00,16.50,18.00,1375.8,boot
2009,57.381,54.603,18.3,17301,83806,0,17262,12714,0,0,43,30.00,16.50,18.00,1377.1,boot
2010,57.436,55.083,18.2,17269,83619,0,17230,12673,0,0,43,30.00,16.50,18.00,1378.5,boot
2011,57.491,53.574,18.7,17230,83423,0,17191,12633,0,0,43,30.00,16.50,18.00,1379.8,boot
2012,57.545,53.747,18.6,17178,83161,0,17139,12585,0,0,43,30.00,16.50,18.00,1381.1,boot
2013,57.598,52.551,19.0,17133,82929,0,17094,12539,0,0,43,30.00,16.50,18.00,1382.4,boot
2014,57.651,51.505,19.4,17087,82686,0,17048,12495,0,0,43,30.00,16.50,18.00,1383.6,boot
2015,57.702,51.341,19.5,17047,82490,0,17008,12456,0,0,43,30.00,16.50,18.00,1384.9,boot
2016,57.754,51.020,19.6,16980,82138,0,16941,12390,0,0,43,30.00,16.50,18.00,1386.1,boot
2017,57.805,50.823,19.7,16960,82045,0,16921,12377,0,0,43,30.00,16.50,18.00,1387.3,boot
2018,57.856,49.899,20.0,16906,81772,0,16867,12329,0,0,43,30.00,16.50,18.00,1388.5,boot
2019,57.906,53.499,18.7,16859,81527,0,16820,12290,0,0,43,30.00,16.50,18.00,1389.7,boot
2020,57.959,53.796,18.6,16809,81308,0,16770,12256,0,0,43,30.00,16.50,18.00,1391.0,boot
2021,58.013,53.700,18.6,16771,81116,0,16732,12225,0,0,43,30.00,16.50,18.00,1392.3,boot
2022,58.067,49.922,20.0,16731,80910,0,16692,12188,0,0,43,30.00,16.50,18.00,1393.6,boot
2023,58.117,45.877,21.8,16711,80783,0,16672,12166,0,0,43,30.00,16.50,18.00,1394.8,boot
2024,58.163,47.847,20.9,16662,80534,0,16623,12127,0,0,43,30.00,16.50,18.00,1395.9,boot
2025,58.210,45.153,22.1,16630,80399,0,16591,12110,0,0,43,30.00,16.50,18.00,1397.1,boot
2026,58.256,59.938,16.7,16619,80361,0,16580,12104,0,0,43,30.00,16.50,18.00,1398.1,boot
2027,58.316,42.227,23.7,16583,80215,0,16544,12083,0,0,43,30.00,16.50,18.00,1399.6,boot
2028,58.358,50.404,19.8,16559,80106,0,16520,12064,0,0,43,30.00,16.50,18.00,1400.6,boot
2029,58.408,45.331,22.1,16519,79904,0,16480,12035,0,0,43,30.00,16.50,18.00,1401.8,boot
2030,58.454,49.473,20.2,16478,79717,0,16439,12003,0,0,43,30.00,16.50,18.00,1402.9,boot
2031,58.503,58.861,17.0,16425,79483,0,16386,11963,0,0,43,30.00,16.50,18.00,1404.1,boot
2032,58.562,46.430,21.5,16393,79364,0,16354,11954,0,0,43,30.00,16.50,18.00,1405.5,boot
2033,58.608,65.127,15.4,16357,79208,0,16318,11936,0,0,43,30.00,16.50,18.00,1406.6,boot
2034,58.674,40.644,24.6,16320,79057,0,16281,11918,0,0,43,30.00,16.50,18.00,1408.2,boot
2035,58.714,51.527,19.4,16283,78879,0,16244,11894,0,0,43,30.00,16.50,18.00,1409.1,boot
2036,58.766,46.558,21.5,16250,78695,0,16211,11871,0,0,43,30.00,16.50,18.00,1410.4,boot
2037,58.812,48.265,20.7,16230,78645,0,16191,11862,0,0,43,30.00,16.50,18.00,1411.5,boot
2038,58.861,40.180,24.9,16188,78426,0,16149,11832,0,0,43,30.00,16.50,18.00,1412.7,boot
2039,58.901,38.746,25.8,16175,78382,0,16136,11822,0,0,43,30.00,16.50,18.00,1413.6,boot
2040,58.940,38.639,25.9,16151,78268,0,16112,11804,0,0,43,30.00,16.50,18.00,1414.6,boot
2041,58.978,41.487,24.1,16108,78105,0,16069,11789,0,0,43,30.00,16.50,18.00,1415.5,boot
2042,59.020,46.041,21.7,16051,77871,0,16012,11758,0,0,43,30.00,16.50,18.00,1416.5,boot
2043,59.066,47.570,21.0,16050,77904,0,16011,11774,0,0,43,30.00,16.50,18.00,1417.6,boot
2044,59.114,52.268,19.1,16039,77880,0,16000,11782,0,0,43,30.00,16.50,18.00,1418.7,boot
2045,59.166,35.119,28.5,16019,77833,0,15980,11784,0,0,43,30.00,16.50,18.00,1420.0,boot
2046,59.201,33.645,29.7,16030,77905,0,15991,11803,0,0,43,30.00,16.50,18.00,1420.8,boot
2047,59.235,42.448,23.6,16022,77866,0,15983,11805,0,0,43,30.00,16.50,18.00,1421.6,boot
2048,59.277,38.211,26.2,16014,77861,0,15975,11817,0,0,43,30.00,16.50,18.00,1422.7,boot
2049,59.315,34.389,29.1,16013,77894,0,15974,11830,0,0,43,30.00,16.50,18.00,1423.6,boot
2050,59.350,38.500,26.0,16008,77892,0,15969,11836,0,0,43,30.00,16.50,18.00,1424.4,boot
2051,59.388,36.139,27.7,16008,77931,0,15969,11851,0,0,43,30.00,16.50,18.00,1425.3,boot
2052,59.425,34.475,29.0,16008,77949,0,15969,11864,0,0,43,30.00,16.50,18.00,1426.2,boot
2053,59.459,42.428,23.6,16004,77957,0,15965,11873,0,0,43,30.00,16.50,18.00,1427.0,boot
2054,59.501,39.531,25.3,16002,77979,0,15963,11891,0,0,43,30.00,16.50,18.00,1428.0,boot
2055,59.541,44.289,22.6,16012,78055,0,15973,11915,0,0,43,30.00,16.50,18.00,1429.0,boot
2056,59.585,47.243,21.2,16001,78014,0,15962,11912,0,0,43,30.00,16.50,18.00,1430.0,boot
2057,59.633,47.568,21.0,16008,78060,0,15969,11924,0,0,43,30.00,16.50,18.00,1431.2,boot
2058,59.680,39.034,25.6,16018,78126,0,15979,11935,0,0,43,30.00,16.50,18.00,1432.3,boot
2059,59.719,43.793,22.8,16018,78121,0,15979,11936,0,0,43,30.00,16.50,18.00,1433.3,boot
2060,59.763,33.333,30.0,16028,78164,0,15989,11945,0,0,43,30.00,16.50,18.00,1434.3,boot
2061,59.796,33.132,30.2,16034,78190,0,15995,11950,0,0,43,30.00,16.50,18.00,1435.1,boot
2062,59.830,34.719,28.8,16061,78304,0,16022,11968,0,0,43,30.00,16.50,18.00,1435.9,boot
2063,59.864,31.303,31.9,16068,78331,0,16029,11970,0,0,43,30.00,16.50,18.00,1436.7,boot
2064,59.896,36.536,27.4,16080,78398,0,16041,11983,0,0,43,30.00,16.50,18.00,1437.5,boot
2065,59.932,33.149,30.2,16087,78421,0,16048,11987,0,0,43,30.00,16.50,18.00,1438.4,boot
2066,59.965,32.982,30.3,16096,78465,0,16057,11992,0,0,43,30.00,16.50,18.00,1439.2,boot
2067,59.998,57.703,17.3,16107,78532,0,16068,12003,0,0,43,30.00,16.50,18.00,1440.0,boot
2068,60.056,41.126,24.3,16125,78606,0,16086,12014,0,0,43,30.00,16.50,18.00,1441.3,boot
2069,60.097,40.294,24.8,16134,78670,0,16095,12030,0,0,43,30.00,16.50,18.00,1442.3,boot
2070,60.138,33.217,30.1,16146,78726,0,16107,12038,0,0,43,30.00,16.50,18.00,1443.3,boot
2071,60.171,30.068,33.3,16157,78777,0,16118,12045,0,0,43,30.00,16.50,18.00,1444.1,boot
2072,60.201,30.066,33.3,16165,78809,0,16126,12048,0,0,43,30.00,16.50,18.00,1444.8,boot
2073,60.231,30.044,33.3,16180,78898,0,16141,12062,0,0,43,30.00,16.50,18.00,1445.5,boot
2074,60.261,32.491,30.8,16229,79157,0,16190,12110,0,0,43,30.00,16.50,18.00,1446.3,boot
2075,60.294,30.606,32.7,16188,78895,0,16149,12066,0,0,43,30.00,16.50,18.00,1447.0,boot
2076,60.324,33.787,29.6,16207,79022,0,16168,12084,0,0,43,30.00,16.50,18.00,1447.8,boot
2077,60.358,30.812,32.5,16218,79062,0,16179,12095,0,0,43,30.00,16.50,18.00,1448.6,boot
2078,60.389,30.253,33.1,16227,79106,0,16188,12103,0,0,43,30.00,16.50,18.00,1449.3,boot
2079,60.419,30.205,33.1,16222,79099,0,16183,12107,0,0,43,30.00,16.50,18.00,1450.1,boot
2080,60.449,29.414,34.0,16234,79156,0,16195,12122,0,0,43,30.00,16.50,18.00,1450.8,boot
2081,60.479,30.917,32.3,16241,79182,0,16202,12123,0,0,43,30.00,16.50,18.00,1451.5,boot
2082,60.510,41.056,24.4,16254,79247,0,16215,12133,0,0,43,30.00,16.50,18.00,1452.2,boot
2083,60.551,35.182,28.4,16255,79254,0,16216,12139,0,0,43,30.00,16.50,18.00,1453.2,boot
2084,60.586,29.135,34.3,16267,79325,0,16228,12153,0,0,43,30.00,16.50,18.00,1454.1,boot
2085,60.615,28.858,34.7,16273,79345,0,16234,12155,0,0,43,30.00,16.50,18.00,1454.8,boot
2086,60.644,29.620,33.8,16292,79441,0,16253,12172,0,0,43,30.00,16.50,18.00,1455.5,boot
2087,60.674,29.199,34.2,16307,79515,0,16268,12183,0,0,43,30.00,16.50,18.00,1456.2,boot
2088,60.703,31.621,31.6,16314,79520,0,16275,12187,0,0,43,30.00,16.50,18.00,1456.9,boot
2089,60.734,29.983,33.4,16331,79604,0,16292,12200,0,0,43,30.00,16.50,18.00,1457.6,boot
2090,60.764,35.182,28.4,16343,79651,0,16304,12208,0,0,43,30.00,16.50,18.00,1458.3,boot
2091,60.800,28.484,35.1,16373,79793,0,16334,12230,0,0,43,30.00,16.50,18.00,1459.2,boot
2092,60.828,29.517,33.9,16384,79815,0,16345,12232,0,0,43,30.00,16.50,18.00,1459.9,boot
2093,60.858,28.805,34.7,16403,79904,0,16364,12248,0,0,43,30.00,16.50,18.00,1460.6,boot
2094,60.886,28.083,35.6,16415,79950,0,16376,12258,0,0,43,30.00,16.50,18.00,1461.3,boot
2095,60.915,34.206,29.2,16430,80021,0,16391,12269,0,0,43,30.00,16.50,18.00,1461.9,boot
2096,60.949,34.175,29.3,16447,80081,0,16408,12276,0,0,43,30.00,16.50,18.00,1462.8,boot
2097,60.983,34.438,29.0,16456,80128,0,16417,12281,0,0,43,30.00,16.50,18.00,1463.6,boot
2098,61.017,27.870,35.9,16486,80255,0,16447,12309,0,0,43,30.00,16.50,18.00,1464.4,boot
2099,61.045,34.212,29.2,16504,80324,0,16465,12318,0,0,43,30.00,16.50,18.00,1465.1,boot
2100,61.080,52.161,19.2,16519,80384,0,16480,12330,0,0,43,30.00,16.50,18.00,1465.9,boot
2101,61.132,29.265,34.2,16542,80474,0,16503,12343,0,0,43,30.00,16.50,18.00,1467.2,boot
2102,61.161,29.387,34.0,16562,80555,0,16523,12359,0,0,43,30.00,16.50,18.00,1467.9,boot
2103,61.190,33.442,29.9,16580,80649,0,16541,12375,0,0,43,30.00,16.50,18.00,1468.6,boot
2104,61.224,28.660,34.9,16587,80641,0,16548,12378,0,0,43,30.00,16.50,18.00,1469.4,boot
2105,61.253,28.114,35.6,16618,80802,0,16579,12409,0,0,43,30.00,16.50,18.00,1470.1,boot
2106,61.281,29.015,34.5,16620,80824,0,16581,12411,0,0,43,30.00,16.50,18.00,1470.7,boot
2107,61.310,29.022,34.5,16644,80945,0,16605,12430,0,0,43,30.00,16.50,18.00,1471.4,boot
2108,61.339,27.194,36.8,16653,80961,0,16614,12434,0,0,43,30.00,16.50,18.00,1472.1,boot
2109,61.366,31.964,31.3,16672,81056,0,16633,12453,0,0,43,30.00,16.50,18.00,1472.8,boot
2110,61.398,34.237,29.2,16696,81180,0,16657,12475,0,0,43,30.00,16.50,18.00,1473.6,boot
2111,61.432,26.581,37.6,16708,81245,0,16669,12486,0,0,43,30.00,16.50,18.00,1474.4,boot
2112,61.459,30.283,33.0,16734,81357,0,16695,12512,0,0,43,30.00,16.50,18.00,1475.0,boot
2113,61.489,37.405,26.7,16754,81451,0,16715,12529,0,0,43,30.00,16.50,18.00,1475.7,boot
2114,61.527,28.507,35.1,16771,81531,0,16732,12550,0,0,43,30.00,16.50,18.00,1476.6,boot
2115,61.555,27.102,36.9,16791,81647,0,16752,12568,0,0,43,30.00,16.50,18.00,1477.3,boot
2116,61.582,26.792,37.3,16813,81769,0,16774,12593,0,0,43,30.00,16.50,18.00,1478.0,boot
2117,61.609,31.223,32.0,16832,81857,0,16793,12611,0,0,43,30.00,16.50,18.00,1478.6,boot
2118,61.640,26.761,37.4,16851,81948,0,16812,12629,0,0,43,30.00,16.50,18.00,1479.4,boot
2119,61.667,26.655,37.5,16869,82035,0,16830,12647,0,0,43,30.00,16.50,18.00,1480.0,boot
2120,61.694,25.954,38.5,16891,82148,0,16852,12669,0,0,43,30.00,16.50,18.00,1480.6,boot
2121,61.720,35.215,28.4,16906,82219,0,16867,12683,0,0,43,30.00,16.50,18.00,1481.3,boot
2122,61.755,26.908,37.2,16935,82358,0,16896,12712,0,0,43,30.00,16.50,18.00,1482.1,boot
2123,61.782,25.047,39.9,16955,82454,0,16916,12731,0,0,43,30.00,16.50,18.00,1482.8,boot
2124,61.807,26.134,38.3,16973,82549,0,16934,12748,0,0,43,30.00,16.50,18.00,1483.4,boot
2125,61.833,29.390,34.0,16996,82631,0,16957,12765,0,0,43,30.00,16.50,18.00,1484.0,boot
2126,61.862,33.114,30.2,17015,82731,0,16976,12783,0,0,43,30.00,16.50,18.00,1484.7,boot
2127,61.896,65.964,15.2,17047,82899,0,17008,12814,0,0,43,30.00,16.50,18.00,1485.5,boot
2128,61.962,33.124,30.2,17084,83102,0,17045,12857,0,0,43,30.00,16.50,18.00,1487.1,boot
2129,61.995,25.607,39.1,17114,83241,0,17075,12885,0,0,43,30.00,16.50,18.00,1487.9,boot
2130,62.020,25.589,39.1,17126,83307,0,17087,12897,0,0,43,30.00,16.50,18.00,1488.5,boot
2131,62.046,30.101,33.2,17158,83476,0,17119,12929,0,0,43,30.00,16.50,18.00,1489.1,boot
2132,62.076,26.312,38.0,17177,83568,0,17138,12948,0,0,43,30.00,16.50,18.00,1489.8,boot
2133,62.102,26.270,38.1,17197,83665,0,17158,12968,0,0,43,30.00,16.50,18.00,1490.5,boot
2134,62.129,26.338,38.0,17209,83734,0,17170,12980,0,0,43,30.00,16.50,18.00,1491.1,boot
2135,62.155,28.066,35.6,17227,83823,0,17188,12997,0,0,43,30.00,16.50,18.00,1491.7,boot
2136,62.183,26.358,37.9,17258,83974,0,17219,13027,0,0,43,30.00,16.50,18.00,1492.4,boot
2137,62.209,25.614,39.0,17282,84121,0,17243,13051,0,0,43,30.00,16.50,18.00,1493.0,boot
2138,62.235,25.781,38.8,17293,84140,0,17254,13062,0,0,43,30.00,16.50,18.00,1493.6,boot
2139,62.261,32.815,30.5,17315,84295,0,17276,13084,0,0,43,30.00,16.50,18.00,1494.3,boot
2140,62.294,29.821,33.5,17337,84387,0,17298,13106,0,0,43,30.00,16.50,18.00,1495.0,boot
2141,62.324,26.084,38.3,17366,84535,0,17327,13135,0,0,43,30.00,16.50,18.00,1495.8,boot
2142,62.350,26.141,38.3,17380,84605,0,17341,13149,0,0,43,30.00,16.50,18.00,1496.4,boot
2143,62.376,36.123,27.7,17407,84752,0,17368,13176,0,0,43,30.00,16.50,18.00,1497.0,boot
2144,62.412,26.967,37.1,17431,84875,0,17392,13200,0,0,43,30.00,16.50,18.00,1497.9,boot
2145,62.439,25.714,38.9,17459,85015,0,17420,13228,0,0,43,30.00,16.50,18.00,1498.5,boot
2146,62.465,30.193,33.1,17475,85098,0,17436,13244,0,0,43,30.00,16.50,18.00,1499.2,boot
2147,62.495,29.054,34.4,17510,85272,0,17471,13278,0,0,43,30.00,16.50,18.00,1499.9,boot
2148,62.524,28.517,35.1,17526,85358,0,17487,13294,0,0,43,30.00,16.50,18.00,1500.6,boot
2149,62.552,27.497,36.4,17545,85447,0,17506,13313,0,0,43,30.00,16.50,18.00,1501.3,boot
2150,62.580,25.791,38.8,17570,85584,0,17531,13338,0,0,43,30.00,16.50,18.00,1501.9,boot
2151,62.606,26.564,37.6,17591,85689,0,17552,13359,0,0,43,30.00,16.50,18.00,1502.5,boot
2152,62.632,92.769,10.8,17609,85782,0,17570,13377,0,0,43,30.00,16.50,18.00,1503.2,boot
2153,62.725,51.666,19.4,17661,86084,0,17622,13435,0,0,43,30.00,16.50,18.00,1505.4,boot
2154,62.777,32.957,30.3,17696,86243,0,17657,13463,0,0,43,30.00,16.50,18.00,1506.6,boot
2155,62.810,28.915,34.6,17706,86269,0,17667,13473,0,0,43,30.00,16.50,18.00,1507.4,boot
2156,62.839,29.836,33.5,17713,86316,0,17674,13480,0,0,43,30.00,16.50,18.00,1508.1,boot
2157,62.869,30.058,33.3,17713,86328,0,17674,13486,0,0,43,30.00,16.50,18.00,1508.8,boot
2158,62.899,27.191,36.8,17716,86346,0,17677,13489,0,0,43,30.00,16.50,18.00,1509.6,boot
2159,62.926,30.963,32.3,17731,86427,0,17692,13504,0,0,43,30.00,16.50,18.00,1510.2,boot
2160,62.957,28.328,35.3,17738,86460,0,17699,13512,0,0,43,30.00,16.50,18.00,1511.0,boot
2161,62.985,28.505,35.1,17753,86521,0,17714,13522,0,0,43,30.00,16.50,18.00,1511.6,boot
2162,63.014,27.309,36.6,17762,86566,0,17723,13531,0,0,43,30.00,16.50,18.00,1512.3,boot
2163,63.041,27.689,36.1,17785,86690,0,17746,13554,0,0,43,30.00,16.50,18.00,1513.0,boot
2164,63.069,38.815,25.8,17792,86722,0,17753,13561,0,0,43,30.00,16.50,18.00,1513.6,boot
2165,63.108,27.194,36.8,17804,86785,0,17765,13573,0,0,43,30.00,16.50,18.00,1514.6,boot
2166,63.135,36.340,27.5,17814,86832,0,17775,13583,0,0,43,30.00,16.50,18.00,1515.2,boot
2167,63.171,31.016,32.2,17839,86981,0,17800,13608,0,0,43,30.00,16.50,18.00,1516.1,boot
2168,63.202,28.603,35.0,17847,87013,0,17808,13617,0,0,43,30.00,16.50,18.00,1516.9,boot
2169,63.231,26.558,37.7,17862,87085,0,17823,13632,0,0,43,30.00,16.50,18.00,1517.5,boot
2170,63.257,28.276,35.4,17872,87135,0,17833,13642,0,0,43,30.00,16.50,18.00,1518.2,boot
2171,63.286,31.020,32.2,17890,87239,0,17851,13662,0,0,43,30.00,16.50,18.00,1518.9,boot
2172,63.317,32.315,30.9,17901,87288,0,17862,13673,0,0,43,30.00,16.50,18.00,1519.6,boot
2173,63.349,30.742,32.5,17917,87372,0,17878,13690,0,0,43,30.00,16.50,18.00,1520.4,boot
2174,63.380,27.388,36.5,17932,87451,0,17893,13706,0,0,43,30.00,16.50,18.00,1521.1,boot
2175,63.407,44.850,22.3,17956,87578,0,17917,13731,0,0,43,30.00,16.50,18.00,1521.8,boot
2176,63.452,27.418,36.5,17967,87626,0,17928,13744,0,0,43,30.00,16.50,18.00,1522.8,boot
2177,63.479,27.210,36.8,17993,87767,0,17954,13772,0,0,43,30.00,16.50,18.00,1523.5,boot
2178,63.507,28.512,35.1,17997,87765,0,17958,13772,0,0,43,30.00,16.50,18.00,1524.2,boot
2179,63.535,33.349,30.0,18013,87861,0,17974,13789,0,0,43,30.00,16.50,18.00,1524.8,boot
2180,63.569,29.627,33.8,18029,87946,0,17990,13807,0,0,43,30.00,16.50,18.00,1525.6,boot
2181,63.598,26.003,38.5,18023,87936,0,17984,13809,0,0,43,30.00,16.50,18.00,1526.4,boot
2182,63.624,35.056,28.5,18030,87973,0,17991,13818,0,0,43,30.00,16.50,18.00,1527.0,boot
2183,63.659,26.567,37.6,18029,87978,0,17990,13818,0,0,43,30.00,16.50,18.00,1527.8,boot
2184,63.686,26.224,38.1,18024,87968,0,17985,13819,0,0,43,30.00,16.50,18.00,1528.5,boot
2185,63.712,26.804,37.3,18029,88000,0,17990,13825,0,0,43,30.00,16.50,18.00,1529.1,boot
2186,63.739,28.543,35.0,18026,88010,0,17987,13823,0,0,43,30.00,16.50,18.00,1529.7,boot
2187,63.768,26.578,37.6,18018,87973,0,17979,13815,0,0,43,30.00,16.50,18.00,1530.4,boot
2188,63.794,29.952,33.4,18026,87962,0,17987,13817,0,0,43,30.00,16.50,18.00,1531.1,boot
2189,63.824,26.488,37.8,18015,87915,0,17976,13808,0,0,43,30.00,16.50,18.00,1531.8,boot
2190,63.851,29.068,34.4,18005,87879,0,17966,13803,0,0,43,30.00,16.50,18.00,1532.4,boot
2191,63.880,39.345,25.4,17992,87811,0,17953,13793,0,0,43,30.00,16.50,18.00,1533.1,boot
2192,63.919,25.890,38.6,17975,87730,0,17936,13777,0,0,43,30.00,16.50,18.00,1534.1,boot
2193,63.945,26.771,37.4,17977,87755,0,17938,13779,0,0,43,30.00,16.50,18.00,1534.7,boot
2194,63.972,27.573,36.3,17955,87653,0,17916,13759,0,0,43,30.00,16.50,18.00,1535.3,boot
2195,63.999,29.869,33.5,17946,87607,0,17907,13752,0,0,43,30.00,16.50,18.00,1536.0,boot
2196,64.029,26.428,37.8,17917,87457,0,17878,13724,0,0,43,30.00,16.50,18.00,1536.7,boot
2197,64.056,25.935,38.6,17890,87329,0,17851,13701,0,0,43,30.00,16.50,18.00,1537.3,boot
2198,64.082,26.301,38.0,17870,87267,0,17831,13689,0,0,43,30.00,16.50,18.00,1538.0,boot
2199,64.108,26.470,37.8,17856,87176,0,17817,13672,0,0,43,30.00,16.50,18.00,1538.6,boot
2200,64.134,26.463,37.8,17834,87078,0,17795,13653,0,0,43,30.00,16.50,18.00,1539.2,boot
2201,64.161,26.067,38.4,17814,86967,0,17775,13631,0,0,43,30.00,16.50,18.00,1539.9,boot
2202,64.187,33.868,29.5,17799,86900,0,17760,13618,0,0,43,30.00,16.50,18.00,1540.5,boot
2203,64.221,30.968,32.3,17774,86787,0,17735,13596,0,0,43,30.00,16.50,18.00,1541.3,boot
2204,64.252,25.973,38.5,17745,86642,0,17706,13570,0,0,43,30.00,16.50,18.00,1542.0,boot
2205,64.278,31.622,31.6,17729,86573,0,17690,13559,0,0,43,30.00,16.50,18.00,1542.7,boot
2206,64.309,28.462,35.1,17702,86448,0,17663,13536,0,0,43,30.00,16.50,18.00,1543.4,boot
2207,64.338,25.754,38.8,17681,86347,0,17642,13516,0,0,43,30.00,16.50,18.00,1544.1,boot
2208,64.364,25.575,39.1,17656,86257,0,17617,13502,0,0,43,30.00,16.50,18.00,1544.7,boot
2209,64.389,25.576,39.1,17638,86171,0,17599,13488,0,0,43,30.00,16.50,18.00,1545.3,boot
2210,64.415,27.001,37.0,17624,86111,0,17585,13478,0,0,43,30.00,16.50,18.00,1546.0,boot
2211,64.442,29.733,33.6,17617,86085,0,17578,13474,0,0,43,30.00,16.50,18.00,1546.6,boot
2212,64.472,26.179,38.2,17599,85995,0,17560,13459,0,0,43,30.00,16.50,18.00,1547.3,boot
2213,64.498,26.592,37.6,17604,86039,0,17565,13468,0,0,43,30.00,16.50,18.00,1547.9,boot
2214,64.524,34.952,28.6,17582,85935,0,17543,13452,0,0,43,30.00,16.50,18.00,1548.6,boot
2215,64.559,28.175,35.5,17584,85955,0,17545,13455,0,0,43,30.00,16.50,18.00,1549.4,boot
2216,64.588,26.820,37.3,17570,85880,0,17531,13445,0,0,43,30.00,16.50,18.00,1550.1,boot
2217,64.614,29.038,34.4,17557,85812,0,17518,13435,0,0,43,30.00,16.50,18.00,1550.7,boot
2218,64.643,31.489,31.8,17548,85758,0,17509,13432,0,0,43,30.00,16.50,18.00,1551.4,boot
2219,64.675,26.340,38.0,17551,85757,0,17512,13437,0,0,43,30.00,16.50,18.00,1552.2,boot
2220,64.701,25.623,39.0,17559,85802,0,17520,13447,0,0,43,30.00,16.50,18.00,1552.8,boot
2221,64.727,29.728,33.6,17527,85596,0,17488,13417,0,0,43,30.00,16.50,18.00,1553.4,boot
2222,64.757,34.136,29.3,17592,85924,0,17553,13492,0,0,43,30.00,16.50,18.00,1554.2,boot
2223,64.791,26.814,37.3,17603,85949,0,17564,13503,0,0,43,30.00,16.50,18.00,1555.0,boot
2224,64.818,26.409,37.9,17614,85960,0,17575,13513,0,0,43,30.00,16.50,18.00,1555.6,boot
2225,64.844,43.710,22.9,17629,85989,0,17590,13531,0,0,43,30.00,16.50,18.00,1556.3,boot
2226,64.888,28.541,35.0,17671,86115,0,17632,13571,0,0,43,30.00,16.50,18.00,1557.3,boot
2227,64.916,26.561,37.6,17664,86026,0,17625,13570,0,0,43,30.00,16.50,18.00,1558.0,boot
2228,64.943,26.542,37.7,17666,85979,0,17627,13570,0,0,43,30.00,16.50,18.00,1558.6,boot
2229,64.970,38.593,25.9,17681,85991,0,17642,13579,0,0,43,30.00,16.50,18.00,1559.3,boot
2230,65.008,30.472,32.8,17702,86046,0,17663,13601,0,0,43,30.00,16.50,18.00,1560.2,boot
2231,65.039,26.469,37.8,17666,85763,0,17627,13561,0,0,43,30.00,16.50,18.00,1560.9,boot
2232,65.065,43.114,23.2,17640,85589,0,17601,13536,0,0,43,30.00,16.50,18.00,1561.6,boot
2233,65.108,27.264,36.7,17578,85199,0,17539,13481,0,0,43,30.00,16.50,18.00,1562.6,boot
2234,65.136,25.448,39.3,17539,84946,0,17500,13444,0,0,43,30.00,16.50,18.00,1563.3,boot
2235,65.161,25.525,39.2,17518,84786,0,17479,13423,0,0,43,30.00,16.50,18.00,1563.9,boot
2236,65.187,27.120,36.9,17497,84635,0,17458,13400,0,0,43,30.00,16.50,18.00,1564.5,boot
2237,65.214,39.373,25.4,17449,84339,0,17410,13356,0,0,43,30.00,16.50,18.00,1565.1,boot
2238,65.253,26.628,37.6,17390,83961,0,17351,13297,0,0,43,30.00,16.50,18.00,1566.1,boot
2239,65.280,36.466,27.4,17385,83886,0,17346,13293,0,0,43,30.00,16.50,18.00,1566.7,boot
2240,65.316,25.753,38.8,17331,83568,0,17292,13248,0,0,43,30.00,16.50,18.00,1567.6,boot
2241,65.342,25.756,38.8,17298,83327,0,17259,13211,0,0,43,30.00,16.50,18.00,1568.2,boot
2242,65.368,26.536,37.7,17271,83142,0,17232,13185,0,0,43,30.00,16.50,18.00,1568.8,boot
2243,65.394,25.442,39.3,17241,82938,0,17202,13155,0,0,43,30.00,16.50,18.00,1569.5,boot
2244,65.420,25.563,39.1,17210,82731,0,17171,13126,0,0,43,30.00,16.50,18.00,1570.1,boot
2245,65.445,25.444,39.3,17174,82494,0,17135,13090,0,0,43,30.00,16.50,18.00,1570.7,boot
2246,65.471,25.186,39.7,17151,82338,0,17112,13068,0,0,43,30.00,16.50,18.00,1571.3,boot
2247,65.496,30.555,32.7,17119,82124,0,17080,13036,0,0,43,30.00,16.50,18.00,1571.9,boot
2248,65.527,28.343,35.3,17089,81913,0,17050,13008,0,0,43,30.00,16.50,18.00,1572.6,boot
2249,65.555,28.151,35.5,17048,81650,0,17009,12966,0,0,43,30.00,16.50,18.00,1573.3,boot
2250,65.583,30.584,32.7,17025,81478,0,16986,12943,0,0,43,30.00,16.50,18.00,1574.0,boot
2251,65.614,30.168,33.1,17001,81302,0,16962,12920,0,0,43,30.00,16.50,18.00,1574.7,boot
2252,65.644,31.846,31.4,17011,81285,0,16972,12929,0,0,43,30.00,16.50,18.00,1575.5,boot
2253,65.676,26.831,37.3,17027,81299,0,16988,12945,0,0,43,30.00,16.50,18.00,1576.2,boot
2254,65.703,31.005,32.3,17038,81303,0,16999,12954,0,0,43,30.00,16.50,18.00,1576.9,boot
2255,65.734,26.105,38.3,17047,81278,0,17008,12962,0,0,43,30.00,16.50,18.00,1577.6,boot
2256,65.760,33.510,29.8,17047,81224,0,17008,12962,0,0,43,30.00,16.50,18.00,1578.2,boot
2257,65.793,28.279,35.4,17049,81164,0,17010,12961,0,0,43,30.00,16.50,18.00,1579.0,boot
2258,65.822,26.586,37.6,17046,81089,0,17007,12958,0,0,43,30.00,16.50,18.00,1579.7,boot
2259,65.848,37.957,26.3,17047,81043,0,17008,12959,0,0,43,30.00,16.50,18.00,1580.4,boot
2260,65.886,28.866,34.6,17033,80891,0,16994,12944,0,0,43,30.00,16.50,18.00,1581.3,boot
2261,65.915,30.208,33.1,17030,80819,0,16991,12941,0,0,43,30.00,16.50,18.00,1582.0,boot
2262,65.945,27.086,36.9,17028,80739,0,16989,12938,0,0,43,30.00,16.50,18.00,1582.7,boot
2263,65.972,28.538,35.0,17031,80703,0,16992,12939,0,0,43,30.00,16.50,18.00,1583.3,boot
2264,66.001,29.354,34.1,17017,80597,0,16978,12931,0,0,43,30.00,16.50,18.00,1584.0,boot
2265,66.030,28.405,35.2,17007,80480,0,16968,12920,0,0,43,30.00,16.50,18.00,1584.7,boot
2266,66.059,28.284,35.4,17002,80401,0,16963,12915,0,0,43,30.00,16.50,18.00,1585.4,boot
2267,66.087,28.102,35.6,17009,80375,0,16970,12921,0,0,43,30.00,16.50,18.00,1586.1,boot
2268,66.115,45.810,21.8,17005,80301,0,16966,12917,0,0,43,30.00,16.50,18.00,1586.8,boot
2269,66.161,28.332,35.3,17016,80295,0,16977,12939,0,0,43,30.00,16.50,18.00,1587.9,boot
2270,66.189,36.476,27.4,17028,80304,0,16989,12951,0,0,43,30.00,16.50,18.00,1588.5,boot
2271,66.226,28.537,35.0,17058,80381,0,17019,12980,0,0,43,30.00,16.50,18.00,1589.4,boot
2272,66.254,29.603,33.8,17050,80222,0,17011,12970,0,0,43,30.00,16.50,18.00,1590.1,boot
2273,66.284,31.596,31.6,17067,80301,0,17028,12987,0,0,43,30.00,16.50,18.00,1590.8,boot
2274,66.316,34.840,28.7,17103,80413,0,17064,13015,0,0,43,30.00,16.50,18.00,1591.6,boot
2275,66.350,29.984,33.4,17131,80472,0,17092,13040,0,0,43,30.00,16.50,18.00,1592.4,boot
2276,66.380,30.080,33.2,17168,80577,0,17129,13067,0,0,43,30.00,16.50,18.00,1593.1,boot
2277,66.411,38.660,25.9,17199,80677,0,17160,13095,0,0,43,30.00,16.50,18.00,1593.9,boot
2278,66.449,30.966,32.3,17236,80793,0,17197,13129,0,0,43,30.00,16.50,18.00,1594.8,boot
2279,66.480,30.886,32.4,17291,81018,0,17252,13180,0,0,43,30.00,16.50,18.00,1595.5,boot
2280,66.511,30.357,32.9,17314,81092,0,17275,13201,0,0,43,30.00,16.50,18.00,1596.3,boot
2281,66.542,42.175,23.7,17348,81209,0,17309,13233,0,0,43,30.00,16.50,18.00,1597.0,boot
2282,66.584,31.559,31.7,17402,81408,0,17363,13277,0,0,43,30.00,16.50,18.00,1598.0,boot
2283,66.615,36.239,27.6,17416,81437,0,17377,13289,0,0,43,30.00,16.50,18.00,1598.8,boot
2284,66.652,42.986,23.3,17428,81448,0,17389,13300,0,0,43,30.00,16.50,18.00,1599.6,boot
2285,66.695,33.245,30.1,17435,81450,0,17396,13304,0,0,43,30.00,16.50,18.00,1600.7,boot
2286,66.728,34.169,29.3,17439,81442,0,17400,13307,0,0,43,30.00,16.50,18.00,1601.5,boot
2287,66.762,40.596,24.6,17442,81426,0,17403,13309,0,0,43,30.00,16.50,18.00,1602.3,boot
2288,66.803,33.799,29.6,17447,81445,0,17408,13315,0,0,43,30.00,16.50,18.00,1603.3,boot
2289,66.836,33.226,30.1,17456,81485,0,17417,13328,0,0,43,30.00,16.50,18.00,1604.1,boot
2290,66.870,39.095,25.6,17471,81541,0,17432,13342,0,0,43,30.00,16.50,18.00,1604.9,boot
2291,66.909,33.454,29.9,17499,81661,0,17460,13368,0,0,43,30.00,16.50,18.00,1605.8,boot
2292,66.942,33.146,30.2,17521,81756,0,17482,13390,0,0,43,30.00,16.50,18.00,1606.6,boot
2293,66.975,50.429,19.8,17536,81816,0,17497,13405,0,0,43,30.00,16.50,18.00,1607.4,boot
2294,67.026,38.793,25.8,17587,82065,0,17548,13456,0,0,43,30.00,16.50,18.00,1608.6,boot
2295,67.065,46.262,21.6,17605,82149,0,17566,13474,0,0,43,30.00,16.50,18.00,1609.6,boot
2296,67.111,49.541,20.2,17612,82172,0,17573,13481,0,0,43,30.00,16.50,18.00,1610.7,boot
2297,67.161,44.499,22.5,17627,82253,0,17588,13496,0,0,43,30.00,16.50,18.00,1611.9,boot
2298,67.205,43.490,23.0,17634,82294,0,17595,13503,0,0,43,30.00,16.50,18.00,1612.9,boot
2299,67.249,36.225,27.6,17650,82395,0,17611,13519,0,0,43,30.00,16.50,18.00,1614.0,boot
2300,67.285,35.844,27.9,17629,82275,0,17590,13498,0,0,43,30.00,16.50,18.00,1614.8,boot
2301,67.321,36.193,27.6,17625,82249,0,17586,13494,0,0,43,30.00,16.50,18.00,1615.7,boot
2302,67.357,41.190,24.3,17636,82286,0,17597,13499,0,0,43,30.00,16.50,18.00,1616.6,boot
2303,67.398,39.377,25.4,17633,82262,0,17594,13496,0,0,43,30.00,16.50,18.00,1617.6,boot
2304,67.438,47.383,21.1,17636,82280,0,17597,13499,0,0,43,30.00,16.50,18.00,1618.5,boot
2305,67.485,39.946,25.0,17645,82283,0,17606,13496,0,0,43,30.00,16.50,18.00,1619.6,boot
2306,67.525,45.967,21.8,17649,82309,0,17610,13500,0,0,43,30.00,16.50,18.00,1620.6,boot
2307,67.571,39.387,25.4,17648,82310,0,17609,13499,0,0,43,30.00,16.50,18.00,1621.7,boot
2308,67.610,40.779,24.5,17648,82307,0,17609,13499,0,0,43,30.00,16.50,18.00,1622.6,boot
2309,67.651,72.832,13.7,17639,82256,0,17600,13490,0,0,43,30.00,16.50,18.00,1623.6,boot
2310,67.724,52.804,18.9,17639,82256,0,17600,13490,0,0,43,30.00,16.50,18.00,1625.4,boot
2311,67.777,50.940,19.6,17608,82077,0,17569,13459,0,0,43,30.00,16.50,18.00,1626.6,boot
2312,67.828,39.747,25.2,17631,82225,0,17592,13488,0,0,43,30.00,16.50,18.00,1627.9,boot
2313,67.868,57.876,17.3,17634,82252,0,17595,13491,0,0,43,30.00,16.50,18.00,1628.8,boot
2314,67.926,38.951,25.7,17624,82214,0,17585,13487,0,0,43,30.00,16.50,18.00,1630.2,boot
2315,67.964,39.400,25.4,17627,82226,0,17588,13490,0,0,43,30.00,16.50,18.00,1631.1,boot
2316,68.004,41.721,24.0,17629,82239,0,17590,13492,0,0,43,30.00,16.50,18.00,1632.1,boot
2317,68.046,51.941,19.3,17633,82260,0,17594,13494,0,0,43,30.00,16.50,18.00,1633.1,boot
2318,68.098,58.176,17.2,17639,82266,0,17600,13491,0,0,43,30.00,16.50,18.00,1634.3,boot
2319,68.156,51.194,19.5,17654,82339,0,17615,13501,0,0,43,30.00,16.50,18.00,1635.7,boot
2320,68.207,72.915,13.7,17650,82299,0,17611,13486,0,0,43,30.00,16.50,18.00,1637.0,boot
2321,68.280,65.216,15.3,17668,82387,0,17629,13495,0,0,43,30.00,16.50,18.00,1638.7,boot
2322,68.345,88.429,11.3,17684,82457,0,17645,13501,0,0,43,30.00,16.50,18.00,1640.3,boot
2323,68.434,73.309,13.6,17723,82648,0,17684,13524,0,0,43,30.00,16.50,18.00,1642.4,boot
2324,68.507,61.612,16.2,17778,82885,0,17739,13570,0,0,43,30.00,16.50,18.00,1644.2,boot
2325,68.569,58.882,17.0,17836,83152,0,17797,13612,0,0,43,30.00,16.50,18.00,1645.6,boot
2326,68.628,46.888,21.3,17875,83326,0,17836,13645,0,0,43,30.00,16.50,18.00,1647.1,boot
2327,68.674,139.390,7.2,17913,83512,0,17874,13677,0,0,43,30.00,16.50,18.00,1648.2,boot
2328,68.814,96.179,10.4,18033,84108,0,17994,13780,0,0,43,30.00,16.50,18.00,1651.5,boot
2329,68.910,57.390,17.4,18118,84514,0,18079,13837,0,0,43,30.00,16.50,18.00,1653.8,boot
2330,68.968,41.711,24.0,18171,84748,0,18132,13869,0,0,43,30.00,16.50,18.00,1655.2,boot
2331,69.009,43.261,23.1,18205,84902,0,18166,13893,0,0,43,30.00,16.50,18.00,1656.2,boot
2332,69.053,60.161,16.6,18236,85063,0,18197,13910,0,0,43,30.00,16.50,18.00,1657.3,boot
2333,69.113,61.209,16.3,18293,85348,0,18254,13958,0,0,43,30.00,16.50,18.00,1658.7,boot
2334,69.174,62.372,16.0,18348,85617,0,18309,13995,0,0,43,30.00,16.50,18.00,1660.2,boot
2335,69.236,61.763,16.2,18410,85856,0,18371,14013,0,0,43,30.00,16.50,18.00,1661.7,boot
2336,69.298,62.531,16.0,18436,85944,0,18397,14009,0,0,43,30.00,16.50,18.00,1663.2,boot
2337,69.361,63.887,15.7,18429,85857,0,18390,13969,0,0,43,30.00,16.50,18.00,1664.7,boot
2338,69.425,64.216,15.6,18376,85560,0,18337,13890,0,0,43,30.00,16.50,18.00,1666.2,boot
2339,69.489,65.288,15.3,18277,85090,0,18238,13775,0,0,43,30.00,16.50,18.00,1667.7,boot
2340,69.554,72.313,13.8,18149,84537,0,18110,13645,0,0,43,30.00,16.50,18.00,1669.3,boot
2341,69.627,58.370,17.1,18165,84740,0,18126,13649,0,0,43,30.00,16.50,18.00,1671.0,boot
2342,69.685,66.339,15.1,18240,85192,0,18201,13705,0,0,43,30.00,16.50,18.00,1672.4,boot
2343,69.751,67.044,14.9,18308,85636,0,18269,13754,0,0,43,30.00,16.50,18.00,1674.0,boot
2344,69.818,68.535,14.6,18403,86225,0,18364,13837,0,0,43,30.00,16.50,18.00,1675.6,boot
2345,69.887,69.719,14.3,18459,86662,0,18420,13897,0,0,43,30.00,16.50,18.00,1677.3,boot
2346,69.957,68.410,14.6,18530,87129,0,18491,13963,0,0,43,30.00,16.50,18.00,1679.0,boot
2347,70.025,68.891,14.5,18595,87602,0,18556,14031,0,0,43,30.00,16.50,18.00,1680.6,boot
2348,70.094,69.033,14.5,18672,88128,0,18633,14108,0,0,43,30.00,16.50,18.00,1682.3,boot
2349,70.163,68.433,14.6,18712,88470,0,18673,14150,0,0,43,30.00,16.50,18.00,1683.9,boot
2350,70.232,62.737,15.9,18688,88480,0,18649,14127,0,0,43,30.00,16.50,18.00,1685.6,boot
2351,70.294,63.181,15.8,18669,88548,0,18630,14117,0,0,43,30.00,16.50,18.00,1687.1,boot
2352,70.358,66.872,15.0,18634,88494,0,18595,14083,0,0,43,30.00,16.50,18.00,1688.6,boot
2353,70.425,65.840,15.2,18625,88566,0,18586,14069,0,0,43,30.00,16.50,18.00,1690.2,boot
2354,70.490,63.514,15.7,18615,88653,0,18576,14061,0,0,43,30.00,16.50,18.00,1691.8,boot
2355,70.554,62.090,16.1,18617,88789,0,18578,14063,0,0,43,30.00,16.50,18.00,1693.3,boot
2356,70.616,61.752,16.2,18593,88790,0,18554,14042,0,0,43,30.00,16.50,18.00,1694.8,boot
2357,70.678,60.905,16.4,18575,88830,0,18536,14027,0,0,43,30.00,16.50,18.00,1696.3,boot
2358,70.739,64.666,15.5,18530,88723,0,18491,13983,0,0,43,30.00,16.50,18.00,1697.7,boot
2359,70.804,66.308,15.1,18492,88659,0,18453,13945,0,0,43,30.00,16.50,18.00,1699.3,boot
2360,70.870,65.737,15.2,18451,88582,0,18412,13906,0,0,43,30.00,16.50,18.00,1700.9,boot
2361,70.936,60.350,16.6,18382,88371,0,18343,13839,0,0,43,30.00,16.50,18.00,1702.5,boot
2362,70.996,60.398,16.6,18349,88319,0,18310,13808,0,0,43,30.00,16.50,18.00,1703.9,boot
2363,71.056,64.359,15.5,18272,88052,0,18233,13734,0,0,43,30.00,16.50,18.00,1705.4,boot
2364,71.121,67.708,14.8,18196,87787,0,18157,13667,0,0,43,30.00,16.50,18.00,1706.9,boot
2365,71.189,61.225,16.3,18105,87436,0,18066,13580,0,0,43,30.00,16.50,18.00,1708.5,boot
2366,71.250,64.683,15.5,18064,87348,0,18025,13542,0,0,43,30.00,16.50,18.00,1710.0,boot
2367,71.315,62.178,16.1,18041,87281,0,18002,13515,0,0,43,30.00,16.50,18.00,1711.5,boot
2368,71.377,62.561,16.0,18022,87248,0,17983,13495,0,0,43,30.00,16.50,18.00,1713.0,boot
2369,71.439,63.667,15.7,17985,87101,0,17946,13451,0,0,43,30.00,16.50,18.00,1714.5,boot
2370,71.503,61.880,16.2,17919,86826,0,17880,13386,0,0,43,30.00,16.50,18.00,1716.1,boot
2371,71.565,56.064,17.8,17851,86516,0,17812,13317,0,0,43,30.00,16.50,18.00,1717.6,boot
2372,71.621,55.162,18.1,17822,86382,0,17783,13272,0,0,43,30.00,16.50,18.00,1718.9,boot
2373,71.676,54.785,18.3,17790,86236,0,17751,13236,0,0,43,30.00,16.50,18.00,1720.2,boot
2374,71.731,54.421,18.4,17760,86085,0,17721,13196,0,0,43,30.00,16.50,18.00,1721.5,boot
2375,71.785,58.311,17.1,17728,85941,0,17689,13162,0,0,43,30.00,16.50,18.00,1722.9,boot
2376,71.844,59.821,16.7,17688,85748,0,17649,13117,0,0,43,30.00,16.50,18.00,1724.3,boot
2377,71.904,59.288,16.9,17641,85521,0,17602,13066,0,0,43,30.00,16.50,18.00,1725.7,boot
2378,71.963,66.990,14.9,17593,85290,0,17554,13021,0,0,43,30.00,16.50,18.00,1727.1,boot
2379,72.030,50.767,19.7,17557,85108,0,17518,12980,0,0,43,30.00,16.50,18.00,1728.7,boot
2380,72.081,58.102,17.2,17520,84923,0,17481,12940,0,0,43,30.00,16.50,18.00,1729.9,boot
2381,72.139,56.494,17.7,17475,84687,0,17436,12893,0,0,43,30.00,16.50,18.00,1731.3,boot
2382,72.195,56.662,17.6,17444,84536,0,17405,12860,0,0,43,30.00,16.50,18.00,1732.7,boot
2383,72.252,55.893,17.9,17402,84292,0,17363,12814,0,0,43,30.00,16.50,18.00,1734.1,boot
2384,72.308,55.134,18.1,17350,84063,0,17311,12766,0,0,43,30.00,16.50,18.00,1735.4,boot
2385,72.363,54.865,18.2,17318,83895,0,17279,12732,0,0,43,30.00,16.50,18.00,1736.7,boot
2386,72.418,55.887,17.9,17273,83660,0,17234,12683,0,0,43,30.00,16.50,18.00,1738.0,boot
2387,72.474,53.622,18.6,17234,83461,0,17195,12643,0,0,43,30.00,16.50,18.00,1739.4,boot
2388,72.528,53.603,18.7,17194,83244,0,17155,12601,0,0,43,30.00,16.50,18.00,1740.7,boot
2389,72.581,52.668,19.0,17153,83028,0,17114,12558,0,0,43,30.00,16.50,18.00,1742.0,boot
2390,72.634,51.813,19.3,17104,82780,0,17065,12512,0,0,43,30.00,16.50,18.00,1743.2,boot
2391,72.686,51.212,19.5,17071,82606,0,17032,12479,0,0,43,30.00,16.50,18.00,1744.5,boot
2392,72.737,50.831,19.7,17019,82362,0,16980,12431,0,0,43,30.00,16.50,18.00,1745.7,boot
2393,72.788,50.267,19.9,16979,82161,0,16940,12396,0,0,43,30.00,16.50,18.00,1746.9,boot
2394,72.838,58.032,17.2,16923,81860,0,16884,12343,0,0,43,30.00,16.50,18.00,1748.1,boot
2395,72.896,43.404,23.0,16873,81610,0,16834,12305,0,0,43,30.00,16.50,18.00,1749.5,boot
2396,72.940,59.568,16.8,16823,81346,0,16784,12259,0,0,43,30.00,16.50,18.00,1750.6,boot
2397,72.999,38.743,25.8,16784,81154,0,16745,12229,0,0,43,30.00,16.50,18.00,1752.0,boot
2398,73.038,48.694,20.5,16746,80986,0,16707,12201,0,0,43,30.00,16.50,18.00,1752.9,boot
2399,73.087,47.422,21.1,16726,80874,0,16687,12181,0,0,43,30.00,16.50,18.00,1754.1,boot
2400,73.134,47.563,21.0,16687,80677,0,16648,12150,0,0,43,30.00,16.50,18.00,1755.2,boot
2401,73.182,49.001,20.4,16645,80474,0,16606,12119,0,0,43,30.00,16.50,18.00,1756.4,boot
2402,73.231,59.639,16.8,16631,80422,0,16592,12111,0,0,43,30.00,16.50,18.00,1757.5,boot
2403,73.291,60.050,16.7,16600,80277,0,16561,12093,0,0,43,30.00,16.50,18.00,1759.0,boot
2404,73.351,38.270,26.1,16562,80101,0,16523,12065,0,0,43,30.00,16.50,18.00,1760.4,boot
2405,73.389,40.193,24.9,16540,80015,0,16501,12049,0,0,43,30.00,16.50,18.00,1761.3,boot
2406,73.429,39.230,25.5,16500,79827,0,16461,12022,0,0,43,30.00,16.50,18.00,1762.3,boot
2407,73.468,58.621,17.1,16469,79697,0,16430,11995,0,0,43,30.00,16.50,18.00,1763.2,boot
2408,73.527,55.572,18.0,16411,79432,0,16372,11956,0,0,43,30.00,16.50,18.00,1764.6,boot
2409,73.583,42.073,23.8,16380,79307,0,16341,11946,0,0,43,30.00,16.50,18.00,1766.0,boot
2410,73.625,41.499,24.1,16349,79173,0,16310,11930,0,0,43,30.00,16.50,18.00,1767.0,boot
2411,73.666,43.460,23.0,16327,79074,0,16288,11916,0,0,43,30.00,16.50,18.00,1768.0,boot
2412,73.710,41.936,23.8,16289,78897,0,16250,11894,0,0,43,30.00,16.50,18.00,1769.0,boot
2413,73.752,46.526,21.5,16275,78807,0,16236,11892,0,0,43,30.00,16.50,18.00,1770.0,boot
2414,73.798,49.143,20.3,16232,78643,0,16193,11861,0,0,43,30.00,16.50,18.00,1771.2,boot
2415,73.847,48.763,20.5,16202,78501,0,16163,11845,0,0,43,30.00,16.50,18.00,1772.3,boot
2416,73.896,44.365,22.5,16172,78361,0,16133,11819,0,0,43,30.00,16.50,18.00,1773.5,boot
2417,73.941,42.960,23.3,16151,78268,0,16112,11804,0,0,43,30.00,16.50,18.00,1774.6,boot
2418,73.984,46.171,21.7,16113,78119,0,16074,11789,0,0,43,30.00,16.50,18.00,1775.6,boot
2419,74.030,40.743,24.5,16073,77958,0,16034,11778,0,0,43,30.00,16.50,18.00,1776.7,boot
2420,74.071,38.730,25.8,16053,77893,0,16014,11775,0,0,43,30.00,16.50,18.00,1777.7,boot
2421,74.109,38.993,25.6,16045,77884,0,16006,11780,0,0,43,30.00,16.50,18.00,1778.6,boot
2422,74.148,48.654,20.6,16037,77894,0,15998,11789,0,0,43,30.00,16.50,18.00,1779.6,boot
2423,74.197,42.765,23.4,16027,77878,0,15988,11797,0,0,43,30.00,16.50,18.00,1780.7,boot
2424,74.240,37.196,26.9,16017,77853,0,15978,11803,0,0,43,30.00,16.50,18.00,1781.8,boot
2425,74.277,53.495,18.7,16014,77861,0,15975,11817,0,0,43,30.00,16.50,18.00,1782.6,boot
2426,74.331,34.204,29.2,16023,77956,0,15984,11837,0,0,43,30.00,16.50,18.00,1783.9,boot
2427,74.365,41.780,23.9,16016,77933,0,15977,11845,0,0,43,30.00,16.50,18.00,1784.8,boot
2428,74.407,41.778,23.9,16015,77960,0,15976,11859,0,0,43,30.00,16.50,18.00,1785.8,boot
2429,74.448,34.288,29.2,16011,77982,0,15972,11876,0,0,43,30.00,16.50,18.00,1786.8,boot
2430,74.483,34.185,29.3,15996,77922,0,15957,11876,0,0,43,30.00,16.50,18.00,1787.6,boot
2431,74.517,41.632,24.0,16005,78015,0,15966,11900,0,0,43,30.00,16.50,18.00,1788.4,boot
2432,74.558,35.721,28.0,16007,78016,0,15968,11911,0,0,43,30.00,16.50,18.00,1789.4,boot
2433,74.594,34.010,29.4,16016,78078,0,15977,11922,0,0,43,30.00,16.50,18.00,1790.3,boot
2434,74.628,39.449,25.3,16008,78036,0,15969,11918,0,0,43,30.00,16.50,18.00,1791.1,boot
2435,74.668,34.378,29.1,16020,78100,0,15981,11931,0,0,43,30.00,16.50,18.00,1792.0,boot
2436,74.702,35.197,28.4,16016,78066,0,15977,11928,0,0,43,30.00,16.50,18.00,1792.9,boot
2437,74.737,131.455,7.6,16057,78322,0,16018,11969,0,0,43,30.00,16.50,18.00,1793.7,boot
2438,74.869,56.964,17.6,16064,78329,0,16025,11972,0,0,43,30.00,16.50,18.00,1796.9,boot
2439,74.926,34.877,28.7,16079,78407,0,16040,11987,0,0,43,30.00,16.50,18.00,1798.2,boot
2440,74.961,34.131,29.3,16095,78480,0,16056,11996,0,0,43,30.00,16.50,18.00,1799.1,boot
2441,74.995,33.484,29.9,16110,78571,0,16071,12012,0,0,43,30.00,16.50,18.00,1799.9,boot
2442,75.028,31.471,31.8,16104,78513,0,16065,11999,0,0,43,30.00,16.50,18.00,1800.7,boot
2443,75.060,43.961,22.7,16122,78612,0,16083,12017,0,0,43,30.00,16.50,18.00,1801.4,boot
2444,75.104,51.835,19.3,16139,78695,0,16100,12035,0,0,43,30.00,16.50,18.00,1802.5,boot
2445,75.156,32.752,30.5,16158,78789,0,16119,12047,0,0,43,30.00,16.50,18.00,1803.7,boot
2446,75.189,32.074,31.2,16163,78812,0,16124,12050,0,0,43,30.00,16.50,18.00,1804.5,boot
2447,75.221,32.396,30.9,16184,78915,0,16145,12066,0,0,43,30.00,16.50,18.00,1805.3,boot
2448,75.253,38.589,25.9,16193,78936,0,16154,12081,0,0,43,30.00,16.50,18.00,1806.1,boot
2449,75.292,40.548,24.7,16181,78887,0,16142,12065,0,0,43,30.00,16.50,18.00,1807.0,boot
2450,75.332,34.692,28.8,16197,78994,0,16158,12087,0,0,43,30.00,16.50,18.00,1808.0,boot
2451,75.367,29.646,33.7,16206,79034,0,16167,12094,0,0,43,30.00,16.50,18.00,1808.8,boot
2452,75.397,36.297,27.6,16219,79102,0,16180,12107,0,0,43,30.00,16.50,18.00,1809.5,boot
2453,75.433,39.354,25.4,16230,79143,0,16191,12113,0,0,43,30.00,16.50,18.00,1810.4,boot
2454,75.472,31.133,32.1,16241,79192,0,16202,12124,0,0,43,30.00,16.50,18.00,1811.3,boot
2455,75.503,35.901,27.9,16247,79207,0,16208,12127,0,0,43,30.00,16.50,18.00,1812.1,boot
2456,75.539,36.496,27.4,16256,79240,0,16217,12133,0,0,43,30.00,16.50,18.00,1812.9,boot
2457,75.576,29.742,33.6,16271,79310,0,16232,12146,0,0,43,30.00,16.50,18.00,1813.8,boot
2458,75.606,30.062,33.3,16289,79373,0,16250,12155,0,0,43,30.00,16.50,18.00,1814.5,boot
2459,75.636,30.006,33.3,16315,79483,0,16276,12170,0,0,43,30.00,16.50,18.00,1815.3,boot
2460,75.666,29.789,33.6,16324,79527,0,16285,12178,0,0,43,30.00,16.50,18.00,1816.0,boot
2461,75.696,28.476,35.1,16335,79557,0,16296,12185,0,0,43,30.00,16.50,18.00,1816.7,boot
2462,75.724,31.668,31.6,16347,79612,0,16308,12192,0,0,43,30.00,16.50,18.00,1817.4,boot
2463,75.756,34.588,28.9,16365,79693,0,16326,12207,0,0,43,30.00,16.50,18.00,1818.1,boot
2464,75.790,32.221,31.0,16382,79775,0,16343,12221,0,0,43,30.00,16.50,18.00,1819.0,boot
2465,75.823,31.040,32.2,16395,79831,0,16356,12231,0,0,43,30.00,16.50,18.00,1819.7,boot
2466,75.854,28.666,34.9,16417,79937,0,16378,12249,0,0,43,30.00,16.50,18.00,1820.5,boot
2467,75.882,29.286,34.1,16422,79952,0,16383,12253,0,0,43,30.00,16.50,18.00,1821.2,boot
2468,75.912,28.922,34.6,16439,80030,0,16400,12266,0,0,43,30.00,16.50,18.00,1821.9,boot
2469,75.941,34.597,28.9,16450,80078,0,16411,12273,0,0,43,30.00,16.50,18.00,1822.6,boot
2470,75.975,40.290,24.8,16478,80200,0,16439,12298,0,0,43,30.00,16.50,18.00,1823.4,boot
2471,76.016,28.602,35.0,16496,80272,0,16457,12307,0,0,43,30.00,16.50,18.00,1824.4,boot
2472,76.044,29.225,34.2,16505,80332,0,16466,12319,0,0,43,30.00,16.50,18.00,1825.1,boot
2473,76.073,28.657,34.9,16504,80334,0,16465,12322,0,0,43,30.00,16.50,18.00,1825.8,boot
2474,76.102,65.659,15.2,16525,80430,0,16486,12340,0,0,43,30.00,16.50,18.00,1826.5,boot
2475,76.168,33.743,29.6,16553,80543,0,16514,12362,0,0,43,30.00,16.50,18.00,1828.0,boot
2476,76.202,38.502,26.0,16574,80656,0,16535,12379,0,0,43,30.00,16.50,18.00,1828.8,boot
2477,76.240,27.714,36.1,16588,80679,0,16549,12391,0,0,43,30.00,16.50,18.00,1829.8,boot
2478,76.268,29.439,34.0,16599,80737,0,16560,12402,0,0,43,30.00,16.50,18.00,1830.4,boot
2479,76.297,32.744,30.5,16623,80891,0,16584,12424,0,0,43,30.00,16.50,18.00,1831.1,boot
2480,76.330,28.085,35.6,16644,80962,0,16605,12438,0,0,43,30.00,16.50,18.00,1831.9,boot
2481,76.358,28.142,35.5,16653,81000,0,16614,12446,0,0,43,30.00,16.50,18.00,1832.6,boot
2482,76.386,29.096,34.4,16674,81109,0,16635,12465,0,0,43,30.00,16.50,18.00,1833.3,boot
2483,76.415,36.588,27.3,16687,81168,0,16648,12478,0,0,43,30.00,16.50,18.00,1834.0,boot
2484,76.452,28.022,35.7,16713,81288,0,16674,12503,0,0,43,30.00,16.50,18.00,1834.8,boot
2485,76.480,30.277,33.0,16734,81394,0,16695,12522,0,0,43,30.00,16.50,18.00,1835.5,boot
2486,76.510,39.337,25.4,16748,81458,0,16709,12533,0,0,43,30.00,16.50,18.00,1836.2,boot
2487,76.550,28.637,34.9,16781,81606,0,16742,12564,0,0,43,30.00,16.50,18.00,1837.2,boot
2488,76.578,27.687,36.1,16805,81724,0,16766,12586,0,0,43,30.00,16.50,18.00,1837.9,boot
2489,76.606,28.625,34.9,16835,81855,0,16796,12609,0,0,43,30.00,16.50,18.00,1838.5,boot
2490,76.635,30.951,32.3,16855,81953,0,16816,12627,0,0,43,30.00,16.50,18.00,1839.2,boot
2491,76.666,25.750,38.8,16869,82035,0,16830,12647,0,0,43,30.00,16.50,18.00,1840.0,boot
2492,76.691,25.748,38.8,16887,82125,0,16848,12665,0,0,43,30.00,16.50,18.00,1840.6,boot
2493,76.717,26.396,37.9,16910,82242,0,16871,12687,0,0,43,30.00,16.50,18.00,1841.2,boot
2494,76.744,27.176,36.8,16928,82326,0,16889,12705,0,0,43,30.00,16.50,18.00,1841.8,boot
2495,76.771,25.979,38.5,16951,82443,0,16912,12727,0,0,43,30.00,16.50,18.00,1842.5,boot
2496,76.797,30.741,32.5,16964,82496,0,16925,12740,0,0,43,30.00,16.50,18.00,1843.1,boot
2497,76.828,29.811,33.5,16985,82594,0,16946,12760,0,0,43,30.00,16.50,18.00,1843.9,boot
2498,76.857,34.872,28.7,17008,82720,0,16969,12782,0,0,43,30.00,16.50,18.00,1844.6,boot
2499,76.892,27.959,35.8,17034,82849,0,16995,12807,0,0,43,30.00,16.50,18.00,1845.4,boot
2500,76.920,28.336,35.3,17062,82998,0,17023,12835,0,0,43,30.00,16.50,18.00,1846.1,boot
2501,76.949,27.296,36.6,17080,83088,0,17041,12853,0,0,43,30.00,16.50,18.00,1846.8,boot
2502,76.976,28.206,35.5,17093,83135,0,17054,12866,0,0,43,30.00,16.50,18.00,1847.4,boot
2503,77.004,26.507,37.7,17129,83307,0,17090,12894,0,0,43,30.00,16.50,18.00,1848.1,boot
2504,77.031,27.726,36.1,17144,83382,0,17105,12909,0,0,43,30.00,16.50,18.00,1848.7,boot
2505,77.058,37.953,26.3,17171,83502,0,17132,12930,0,0,43,30.00,16.50,18.00,1849.4,boot
2506,77.096,26.633,37.5,17208,83696,0,17169,12967,0,0,43,30.00,16.50,18.00,1850.3,boot
2507,77.123,26.687,37.5,17215,83725,0,17176,12974,0,0,43,30.00,16.50,18.00,1851.0,boot
2508,77.150,26.379,37.9,17242,83863,0,17203,13001,0,0,43,30.00,16.50,18.00,1851.6,boot
2509,77.176,28.894,34.6,17262,83961,0,17223,13019,0,0,43,30.00,16.50,18.00,1852.2,boot
2510,77.205,25.334,39.5,17282,84073,0,17243,13039,0,0,43,30.00,16.50,18.00,1852.9,boot
2511,77.230,26.207,38.2,17309,84169,0,17270,13066,0,0,43,30.00,16.50,18.00,1853.5,boot
2512,77.257,24.994,40.0,17317,84266,0,17278,13074,0,0,43,30.00,16.50,18.00,1854.2,boot
2513,77.282,37.837,26.4,17332,84332,0,17293,13095,0,0,43,30.00,16.50,18.00,1854.8,boot
2514,77.319,31.618,31.6,17368,84530,0,17329,13131,0,0,43,30.00,16.50,18.00,1855.7,boot
2515,77.351,25.412,39.4,17385,84612,0,17346,13148,0,0,43,30.00,16.50,18.00,1856.4,boot
2516,77.377,28.969,34.5,17413,84764,0,17374,13176,0,0,43,30.00,16.50,18.00,1857.0,boot
2517,77.406,29.279,34.2,17430,84852,0,17391,13193,0,0,43,30.00,16.50,18.00,1857.7,boot
2518,77.435,25.495,39.2,17456,85003,0,17417,13225,0,0,43,30.00,16.50,18.00,1858.4,boot
2519,77.460,25.143,39.8,17474,85093,0,17435,13243,0,0,43,30.00,16.50,18.00,1859.0,boot
2520,77.485,29.298,34.1,17497,85211,0,17458,13266,0,0,43,30.00,16.50,18.00,1859.7,boot
2521,77.515,36.486,27.4,17518,85315,0,17479,13286,0,0,43,30.00,16.50,18.00,1860.4,boot
2522,77.551,37.301,26.8,17544,85439,0,17505,13312,0,0,43,30.00,16.50,18.00,1861.2,boot
2523,77.589,25.906,38.6,17577,85622,0,17538,13345,0,0,43,30.00,16.50,18.00,1862.1,boot
2524,77.615,27.780,36.0,17604,85739,0,17565,13366,0,0,43,30.00,16.50,18.00,1862.7,boot
2525,77.642,29.201,34.2,17624,85836,0,17585,13386,0,0,43,30.00,16.50,18.00,1863.4,boot
2526,77.672,26.166,38.2,17647,85960,0,17608,13409,0,0,43,30.00,16.50,18.00,1864.1,boot
2527,77.698,30.857,32.4,17653,85990,0,17614,13415,0,0,43,30.00,16.50,18.00,1864.7,boot
2528,77.729,26.698,37.5,17664,86054,0,17625,13426,0,0,43,30.00,16.50,18.00,1865.5,boot
2529,77.755,24.346,41.1,17707,86233,0,17668,13469,0,0,43,30.00,16.50,18.00,1866.1,boot
2530,77.780,24.470,40.9,17698,86211,0,17659,13453,0,0,43,30.00,16.50,18.00,1866.7,boot
2531,77.804,27.382,36.5,17704,86250,0,17665,13465,0,0,43,30.00,16.50,18.00,1867.3,boot
2532,77.832,26.010,38.4,17713,86274,0,17674,13468,0,0,43,30.00,16.50,18.00,1868.0,boot
2533,77.858,26.159,38.2,17722,86322,0,17683,13477,0,0,43,30.00,16.50,18.00,1868.6,boot
2534,77.884,28.865,34.6,17737,86403,0,17698,13492,0,0,43,30.00,16.50,18.00,1869.2,boot
2535,77.913,34.245,29.2,17742,86422,0,17703,13497,0,0,43,30.00,16.50,18.00,1869.9,boot
2536,77.947,27.829,35.9,17757,86504,0,17718,13513,0,0,43,30.00,16.50,18.00,1870.7,boot
2537,77.975,29.268,34.2,17764,86537,0,17725,13521,0,0,43,30.00,16.50,18.00,1871.4,boot
2538,78.004,25.742,38.8,17777,86608,0,17738,13534,0,0,43,30.00,16.50,18.00,1872.1,boot
2539,78.030,27.493,36.4,17787,86673,0,17748,13544,0,0,43,30.00,16.50,18.00,1872.7,boot
2540,78.057,31.603,31.6,17796,86703,0,17757,13553,0,0,43,30.00,16.50,18.00,1873.4,boot
2541,78.089,35.002,28.6,17808,86766,0,17769,13565,0,0,43,30.00,16.50,18.00,1874.1,boot
2542,78.124,29.662,33.7,17825,86854,0,17786,13582,0,0,43,30.00,16.50,18.00,1875.0,boot
2543,78.154,25.931,38.6,17835,86904,0,17796,13592,0,0,43,30.00,16.50,18.00,1875.7,boot
2544,78.180,24.156,41.4,17848,86973,0,17809,13606,0,0,43,30.00,16.50,18.00,1876.3,boot
2545,78.204,27.509,36.4,17859,87028,0,17820,13617,0,0,43,30.00,16.50,18.00,1876.9,boot
2546,78.231,25.529,39.2,17876,87119,0,17837,13634,0,0,43,30.00,16.50,18.00,1877.6,boot
2547,78.257,26.298,38.0,17883,87151,0,17844,13641,0,0,43,30.00,16.50,18.00,1878.2,boot
2548,78.283,26.597,37.6,17896,87227,0,17857,13656,0,0,43,30.00,16.50,18.00,1878.8,boot
2549,78.310,27.488,36.4,17912,87313,0,17873,13672,0,0,43,30.00,16.50,18.00,1879.4,boot
2550,78.337,29.922,33.4,17917,87347,0,17878,13683,0,0,43,30.00,16.50,18.00,1880.1,boot
2551,78.367,26.149,38.2,17933,87434,0,17894,13700,0,0,43,30.00,16.50,18.00,1880.8,boot
2552,78.393,29.110,34.4,17949,87518,0,17910,13717,0,0,43,30.00,16.50,18.00,1881.4,boot
2553,78.423,28.576,35.0,17962,87587,0,17923,13731,0,0,43,30.00,16.50,18.00,1882.1,boot
2554,78.451,28.285,35.4,17974,87646,0,17935,13745,0,0,43,30.00,16.50,18.00,1882.8,boot
2555,78.479,35.539,28.1,17999,87779,0,17960,13772,0,0,43,30.00,16.50,18.00,1883.5,boot
2556,78.515,26.575,37.6,17998,87788,0,17959,13773,0,0,43,30.00,16.50,18.00,1884.4,boot
2557,78.542,37.045,27.0,18013,87855,0,17974,13789,0,0,43,30.00,16.50,18.00,1885.0,boot
2558,78.579,27.230,36.7,18025,87930,0,17986,13804,0,0,43,30.00,16.50,18.00,1885.9,boot
2559,78.606,28.260,35.4,18026,87957,0,17987,13812,0,0,43,30.00,16.50,18.00,1886.5,boot
2560,78.634,28.417,35.2,18035,88014,0,17996,13824,0,0,43,30.00,16.50,18.00,1887.2,boot
2561,78.663,27.196,36.8,18032,88002,0,17993,13821,0,0,43,30.00,16.50,18.00,1887.9,boot
2562,78.690,26.261,38.1,18039,88004,0,18000,13822,0,0,43,30.00,16.50,18.00,1888.6,boot
2563,78.716,26.245,38.1,18043,88043,0,18004,13827,0,0,43,30.00,16.50,18.00,1889.2,boot
2564,78.742,33.312,30.0,18037,88032,0,17998,13822,0,0,43,30.00,16.50,18.00,1889.8,boot
2565,78.776,31.047,32.2,18036,88024,0,17997,13821,0,0,43,30.00,16.50,18.00,1890.6,boot
2566,78.807,27.065,36.9,18018,87900,0,17979,13805,0,0,43,30.00,16.50,18.00,1891.4,boot
2567,78.834,26.597,37.6,18008,87888,0,17969,13803,0,0,43,30.00,16.50,18.00,1892.0,boot
2568,78.860,27.274,36.7,18001,87866,0,17962,13800,0,0,43,30.00,16.50,18.00,1892.6,boot
2569,78.888,26.381,37.9,17981,87780,0,17942,13788,0,0,43,30.00,16.50,18.00,1893.3,boot
2570,78.914,26.912,37.2,17978,87748,0,17939,13780,0,0,43,30.00,16.50,18.00,1893.9,boot
2571,78.941,29.630,33.7,17974,87737,0,17935,13776,0,0,43,30.00,16.50,18.00,1894.6,boot
2572,78.971,34.155,29.3,17951,87624,0,17912,13755,0,0,43,30.00,16.50,18.00,1895.3,boot
2573,79.005,26.353,37.9,17935,87546,0,17896,13741,0,0,43,30.00,16.50,18.00,1896.1,boot
2574,79.031,26.194,38.2,17912,87429,0,17873,13719,0,0,43,30.00,16.50,18.00,1896.7,boot
2575,79.057,33.627,29.7,17890,87332,0,17851,13701,0,0,43,30.00,16.50,18.00,1897.4,boot
2576,79.091,29.792,33.6,17868,87231,0,17829,13682,0,0,43,30.00,16.50,18.00,1898.2,boot
2577,79.121,29.567,33.8,17848,87147,0,17809,13666,0,0,43,30.00,16.50,18.00,1898.9,boot
2578,79.150,26.952,37.1,17820,87033,0,17781,13646,0,0,43,30.00,16.50,18.00,1899.6,boot
2579,79.177,30.226,33.1,17790,86885,0,17751,13621,0,0,43,30.00,16.50,18.00,1900.3,boot
2580,79.208,26.983,37.1,17772,86812,0,17733,13605,0,0,43,30.00,16.50,18.00,1901.0,boot
2581,79.235,25.716,38.9,17749,86696,0,17710,13584,0,0,43,30.00,16.50,18.00,1901.6,boot
2582,79.260,34.167,29.3,17725,86586,0,17686,13564,0,0,43,30.00,16.50,18.00,1902.2,boot
2583,79.295,36.733,27.2,17699,86470,0,17660,13543,0,0,43,30.00,16.50,18.00,1903.1,boot
2584,79.331,25.935,38.6,17668,86345,0,17629,13521,0,0,43,30.00,16.50,18.00,1904.0,boot
2585,79.357,26.106,38.3,17649,86264,0,17610,13507,0,0,43,30.00,16.50,18.00,1904.6,boot
2586,79.383,29.621,33.8,17632,86175,0,17593,13492,0,0,43,30.00,16.50,18.00,1905.2,boot
2587,79.413,27.257,36.7,17616,86099,0,17577,13480,0,0,43,30.00,16.50,18.00,1905.9,boot
2588,79.440,30.446,32.8,17606,86066,0,17567,13475,0,0,43,30.00,16.50,18.00,1906.6,boot
2589,79.471,26.200,38.2,17590,85986,0,17551,13462,0,0,43,30.00,16.50,18.00,1907.3,boot
2590,79.497,28.653,34.9,17589,85997,0,17550,13465,0,0,43,30.00,16.50,18.00,1907.9,boot
2591,79.526,29.039,34.4,17569,85903,0,17530,13451,0,0,43,30.00,16.50,18.00,1908.6,boot
2592,79.555,29.836,33.5,17579,85950,0,17540,13455,0,0,43,30.00,16.50,18.00,1909.3,boot
2593,79.585,29.745,33.6,17563,85866,0,17524,13444,0,0,43,30.00,16.50,18.00,1910.0,boot
2594,79.614,28.399,35.2,17551,85800,0,17512,13435,0,0,43,30.00,16.50,18.00,1910.7,boot
2595,79.643,27.605,36.2,17548,85761,0,17509,13432,0,0,43,30.00,16.50,18.00,1911.4,boot
2596,79.670,25.787,38.8,17561,85792,0,17522,13441,0,0,43,30.00,16.50,18.00,1912.1,boot
2597,79.696,25.600,39.1,17564,85824,0,17525,13446,0,0,43,30.00,16.50,18.00,1912.7,boot
2598,79.722,25.629,39.0,17539,85637,0,17500,13422,0,0,43,30.00,16.50,18.00,1913.3,boot
2599,79.747,32.215,31.0,17599,85967,0,17560,13488,0,0,43,30.00,16.50,18.00,1913.9,boot
2600,79.780,31.939,31.3,17590,85878,0,17551,13484,0,0,43,30.00,16.50,18.00,1914.7,boot
2601,79.812,31.200,32.1,17605,85924,0,17566,13504,0,0,43,30.00,16.50,18.00,1915.5,boot
2602,79.843,26.082,38.3,17627,85979,0,17588,13529,0,0,43,30.00,16.50,18.00,1916.2,boot
2603,79.869,27.636,36.2,17653,86065,0,17614,13556,0,0,43,30.00,16.50,18.00,1916.9,boot
2604,79.897,26.185,38.2,17670,86109,0,17631,13575,0,0,43,30.00,16.50,18.00,1917.5,boot
2605,79.923,25.524,39.2,17656,85997,0,17617,13570,0,0,43,30.00,16.50,18.00,1918.1,boot
2606,79.948,44.101,22.7,17663,85968,0,17624,13571,0,0,43,30.00,16.50,18.00,1918.8,boot
2607,79.992,33.440,29.9,17700,86071,0,17661,13598,0,0,43,30.00,16.50,18.00,1919.8,boot
2608,80.026,31.161,32.1,17663,85815,0,17624,13571,0,0,43,30.00,16.50,18.00,1920.6,boot
2609,80.057,28.758,34.8,17633,85602,0,17594,13541,0,0,43,30.00,16.50,18.00,1921.4,boot
2610,80.086,26.195,38.2,17604,85407,0,17565,13516,0,0,43,30.00,16.50,18.00,1922.1,boot
2611,80.112,31.639,31.6,17561,85135,0,17522,13476,0,0,43,30.00,16.50,18.00,1922.7,boot
2612,80.144,26.435,37.8,17522,84886,0,17483,13440,0,0,43,30.00,16.50,18.00,1923.4,boot
2613,80.170,25.547,39.1,17503,84711,0,17464,13414,0,0,43,30.00,16.50,18.00,1924.1,boot
2614,80.196,30.264,33.0,17474,84513,0,17435,13385,0,0,43,30.00,16.50,18.00,1924.7,boot
2615,80.226,30.779,32.5,17438,84275,0,17399,13351,0,0,43,30.00,16.50,18.00,1925.4,boot
2616,80.257,24.952,40.1,17376,83903,0,17337,13289,0,0,43,30.00,16.50,18.00,1926.2,boot
2617,80.282,24.942,40.1,17377,83861,0,17338,13291,0,0,43,30.00,16.50,18.00,1926.8,boot
2618,80.307,25.937,38.6,17341,83638,0,17302,13257,0,0,43,30.00,16.50,18.00,1927.4,boot
2619,80.333,25.828,38.7,17312,83418,0,17273,13225,0,0,43,30.00,16.50,18.00,1928.0,boot
2620,80.359,24.746,40.4,17284,83227,0,17245,13197,0,0,43,30.00,16.50,18.00,1928.6,boot
2621,80.383,25.032,39.9,17253,83016,0,17214,13167,0,0,43,30.00,16.50,18.00,1929.2,boot
2622,80.408,26.531,37.7,17225,82835,0,17186,13140,0,0,43,30.00,16.50,18.00,1929.8,boot
2623,80.435,30.059,33.3,17200,82636,0,17161,13110,0,0,43,30.00,16.50,18.00,1930.4,boot
2624,80.465,24.663,40.5,17160,82368,0,17121,13071,0,0,43,30.00,16.50,18.00,1931.2,boot
2625,80.490,26.108,38.3,17129,82168,0,17090,13040,0,0,43,30.00,16.50,18.00,1931.8,boot
2626,80.516,26.276,38.1,17096,81960,0,17057,13009,0,0,43,30.00,16.50,18.00,1932.4,boot
2627,80.542,29.429,34.0,17067,81752,0,17028,12980,0,0,43,30.00,16.50,18.00,1933.0,boot
2628,80.571,29.361,34.1,17046,81592,0,17007,12958,0,0,43,30.00,16.50,18.00,1933.7,boot
2629,80.601,26.550,37.7,17012,81377,0,16973,12930,0,0,43,30.00,16.50,18.00,1934.4,boot
2630,80.627,27.424,36.5,16997,81266,0,16958,12921,0,0,43,30.00,16.50,18.00,1935.1,boot
2631,80.655,32.689,30.6,17016,81307,0,16977,12940,0,0,43,30.00,16.50,18.00,1935.7,boot
2632,80.688,27.727,36.1,17029,81300,0,16990,12951,0,0,43,30.00,16.50,18.00,1936.5,boot
2633,80.715,26.698,37.5,17037,81282,0,16998,12958,0,0,43,30.00,16.50,18.00,1937.2,boot
2634,80.742,25.808,38.7,17041,81248,0,17002,12962,0,0,43,30.00,16.50,18.00,1937.8,boot
2635,80.768,26.272,38.1,17043,81207,0,17004,12964,0,0,43,30.00,16.50,18.00,1938.4,boot
2636,80.794,90.517,11.0,17045,81141,0,17006,12957,0,0,43,30.00,16.50,18.00,1939.1,boot
2637,80.885,46.493,21.5,17032,80892,0,16993,12943,0,0,43,30.00,16.50,18.00,1941.2,boot
2638,80.931,46.335,21.6,17031,80772,0,16992,12935,0,0,43,30.00,16.50,18.00,1942.3,boot
2639,80.978,32.525,30.7,17015,80605,0,16976,12917,0,0,43,30.00,16.50,18.00,1943.5,boot
2640,81.010,34.572,28.9,17031,80594,0,16992,12926,0,0,43,30.00,16.50,18.00,1944.2,boot
2641,81.045,36.824,27.2,17027,80505,0,16988,12922,0,0,43,30.00,16.50,18.00,1945.1,boot
2642,81.082,27.895,35.8,17023,80400,0,16984,12917,0,0,43,30.00,16.50,18.00,1946.0,boot
2643,81.109,39.482,25.3,17028,80374,0,16989,12922,0,0,43,30.00,16.50,18.00,1946.6,boot
2644,81.149,30.684,32.6,17030,80306,0,16991,12924,0,0,43,30.00,16.50,18.00,1947.6,boot
2645,81.180,29.055,34.4,17051,80341,0,17012,12944,0,0,43,30.00,16.50,18.00,1948.3,boot
2646,81.209,30.968,32.3,17065,80356,0,17026,12957,0,0,43,30.00,16.50,18.00,1949.0,boot
2647,81.240,29.634,33.7,17094,80436,0,17055,12984,0,0,43,30.00,16.50,18.00,1949.8,boot
2648,81.269,29.339,34.1,17103,80415,0,17064,12993,0,0,43,30.00,16.50,18.00,1950.5,boot
2649,81.299,31.460,31.8,17113,80416,0,17074,13002,0,0,43,30.00,16.50,18.00,1951.2,boot
2650,81.330,34.497,29.0,17141,80497,0,17102,13028,0,0,43,30.00,16.50,18.00,1951.9,boot
2651,81.365,31.895,31.4,17170,80558,0,17131,13052,0,0,43,30.00,16.50,18.00,1952.8,boot
2652,81.397,30.548,32.7,17208,80710,0,17169,13092,0,0,43,30.00,16.50,18.00,1953.5,boot
2653,81.427,30.615,32.7,17223,80726,0,17184,13105,0,0,43,30.00,16.50,18.00,1954.3,boot
2654,81.458,29.559,33.8,17266,80892,0,17227,13147,0,0,43,30.00,16.50,18.00,1955.0,boot
2655,81.487,30.654,32.6,17308,81063,0,17269,13184,0,0,43,30.00,16.50,18.00,1955.7,boot
2656,81.518,33.190,30.1,17344,81188,0,17305,13219,0,0,43,30.00,16.50,18.00,1956.4,boot
2657,81.551,43.904,22.8,17369,81272,0,17330,13242,0,0,43,30.00,16.50,18.00,1957.2,boot
2658,81.595,32.783,30.5,17412,81418,0,17373,13280,0,0,43,30.00,16.50,18.00,1958.3,boot
2659,81.628,34.291,29.2,17418,81432,0,17379,13291,0,0,43,30.00,16.50,18.00,1959.1,boot
2660,81.662,45.033,22.2,17428,81450,0,17389,13299,0,0,43,30.00,16.50,18.00,1959.9,boot
2661,81.707,41.438,24.1,17433,81424,0,17394,13301,0,0,43,30.00,16.50,18.00,1961.0,boot
2662,81.749,35.852,27.9,17440,81428,0,17401,13307,0,0,43,30.00,16.50,18.00,1962.0,boot
2663,81.785,49.592,20.2,17447,81434,0,17408,13310,0,0,43,30.00,16.50,18.00,1962.8,boot
2664,81.834,32.285,31.0,17471,81533,0,17432,13331,0,0,43,30.00,16.50,18.00,1964.0,boot
2665,81.867,50.932,19.6,17481,81555,0,17442,13340,0,0,43,30.00,16.50,18.00,1964.8,boot
2666,81.918,65.851,15.2,17506,81663,0,17467,13369,0,0,43,30.00,16.50,18.00,1966.0,boot
2667,81.983,37.048,27.0,17568,81961,0,17529,13431,0,0,43,30.00,16.50,18.00,1967.6,boot
2668,82.020,44.968,22.2,17587,82044,0,17548,13450,0,0,43,30.00,16.50,18.00,1968.5,boot
2669,82.065,33.772,29.6,17609,82151,0,17570,13472,0,0,43,30.00,16.50,18.00,1969.6,boot
2670,82.099,35.963,27.8,17621,82205,0,17582,13484,0,0,43,30.00,16.50,18.00,1970.4,boot
2671,82.135,35.166,28.4,17628,82237,0,17589,13491,0,0,43,30.00,16.50,18.00,1971.2,boot
2672,82.170,36.801,27.2,17632,82251,0,17593,13495,0,0,43,30.00,16.50,18.00,1972.1,boot
2673,82.207,48.261,20.7,17634,82264,0,17595,13497,0,0,43,30.00,16.50,18.00,1973.0,boot
2674,82.256,41.360,24.2,17651,82349,0,17612,13514,0,0,43,30.00,16.50,18.00,1974.1,boot
2675,82.297,36.250,27.6,17630,82268,0,17591,13499,0,0,43,30.00,16.50,18.00,1975.1,boot
2676,82.333,47.237,21.2,17622,82219,0,17583,13491,0,0,43,30.00,16.50,18.00,1976.0,boot
2677,82.380,50.245,19.9,17623,82230,0,17584,13492,0,0,43,30.00,16.50,18.00,1977.1,boot
2678,82.431,35.845,27.9,17628,82261,0,17589,13497,0,0,43,30.00,16.50,18.00,1978.3,boot
2679,82.467,42.583,23.5,17629,82263,0,17590,13498,0,0,43,30.00,16.50,18.00,1979.2,boot
2680,82.509,35.794,27.9,17627,82244,0,17588,13496,0,0,43,30.00,16.50,18.00,1980.2,boot
2681,82.545,37.470,26.7,17625,82237,0,17586,13494,0,0,43,30.00,16.50,18.00,1981.1,boot
2682,82.583,41.626,24.0,17632,82257,0,17593,13495,0,0,43,30.00,16.50,18.00,1982.0,boot
2683,82.624,35.062,28.5,17631,82249,0,17592,13494,0,0,43,30.00,16.50,18.00,1983.0,boot
2684,82.659,38.744,25.8,17625,82219,0,17586,13488,0,0,43,30.00,16.50,18.00,1983.8,boot
2685,82.698,41.372,24.2,17623,82227,0,17584,13492,0,0,43,30.00,16.50,18.00,1984.8,boot
2686,82.739,35.412,28.2,17632,82254,0,17593,13501,0,0,43,30.00,16.50,18.00,1985.7,boot
2687,82.775,37.197,26.9,17580,81994,0,17541,13449,0,0,43,30.00,16.50,18.00,1986.6,boot
2688,82.812,43.813,22.8,17621,82232,0,17582,13490,0,0,43,30.00,16.50,18.00,1987.5,boot
2689,82.856,42.801,23.4,17615,82184,0,17576,13484,0,0,43,30.00,16.50,18.00,1988.5,boot
2690,82.899,47.938,20.9,17624,82214,0,17585,13487,0,0,43,30.00,16.50,18.00,1989.6,boot
2691,82.947,49.464,20.2,17628,82258,0,17589,13497,0,0,43,30.00,16.50,18.00,1990.7,boot
2692,82.996,48.845,20.5,17620,82215,0,17581,13489,0,0,43,30.00,16.50,18.00,1991.9,boot
2693,83.045,49.273,20.3,17621,82209,0,17582,13488,0,0,43,30.00,16.50,18.00,1993.1,boot
2694,83.094,49.837,20.1,17635,82265,0,17596,13494,0,0,43,30.00,16.50,18.00,1994.3,boot
2695,83.144,54.610,18.3,17640,82288,0,17601,13494,0,0,43,30.00,16.50,18.00,1995.5,boot
2696,83.199,46.188,21.7,17650,82341,0,17611,13501,0,0,43,30.00,16.50,18.00,1996.8,boot
2697,83.245,56.342,17.7,17652,82329,0,17613,13492,0,0,43,30.00,16.50,18.00,1997.9,boot
2698,83.301,46.119,21.7,17669,82387,0,17630,13494,0,0,43,30.00,16.50,18.00,1999.2,boot
2699,83.348,52.974,18.9,17688,82474,0,17649,13505,0,0,43,30.00,16.50,18.00,2000.3,boot
2700,83.401,52.982,18.9,17705,82555,0,17666,13512,0,0,43,30.00,16.50,18.00,2001.6,boot
2701,83.454,54.015,18.5,17744,82725,0,17705,13543,0,0,43,30.00,16.50,18.00,2002.9,boot
2702,83.508,54.301,18.4,17779,82889,0,17740,13570,0,0,43,30.00,16.50,18.00,2004.2,boot
2703,83.562,62.137,16.1,17836,83159,0,17797,13613,0,0,43,30.00,16.50,18.00,2005.5,boot
2704,83.624,57.153,17.5,17874,83329,0,17835,13646,0,0,43,30.00,16.50,18.00,2007.0,boot
2705,83.681,55.803,17.9,17918,83537,0,17879,13679,0,0,43,30.00,16.50,18.00,2008.4,boot
2706,83.737,57.028,17.5,17984,83837,0,17945,13727,0,0,43,30.00,16.50,18.00,2009.7,boot
2707,83.794,61.009,16.4,18017,84008,0,17978,13759,0,0,43,30.00,16.50,18.00,2011.1,boot
2708,83.855,56.055,17.8,18063,84238,0,18024,13799,0,0,43,30.00,16.50,18.00,2012.5,boot
2709,83.911,59.478,16.8,18121,84534,0,18082,13839,0,0,43,30.00,16.50,18.00,2013.9,boot
2710,83.971,61.464,16.3,18175,84767,0,18136,13872,0,0,43,30.00,16.50,18.00,2015.3,boot
2711,84.032,60.633,16.5,18226,85005,0,18187,13907,0,0,43,30.00,16.50,18.00,2016.8,boot
2712,84.093,61.437,16.3,18280,85269,0,18241,13943,0,0,43,30.00,16.50,18.00,2018.2,boot
2713,84.154,62.304,16.1,18333,85519,0,18294,13978,0,0,43,30.00,16.50,18.00,2019.7,boot
2714,84.217,62.011,16.1,18397,85799,0,18358,14011,0,0,43,30.00,16.50,18.00,2021.2,boot
2715,84.279,69.452,14.4,18433,85916,0,18394,14008,0,0,43,30.00,16.50,18.00,2022.7,boot
2716,84.348,57.049,17.5,18430,85861,0,18391,13975,0,0,43,30.00,16.50,18.00,2024.4,boot
2717,84.405,63.819,15.7,18400,85681,0,18361,13921,0,0,43,30.00,16.50,18.00,2025.7,boot
2718,84.469,65.321,15.3,18329,85320,0,18290,13824,0,0,43,30.00,16.50,18.00,2027.3,boot
2719,84.535,64.929,15.4,18188,84681,0,18149,13679,0,0,43,30.00,16.50,18.00,2028.8,boot
2720,84.600,65.375,15.3,18136,84544,0,18097,13623,0,0,43,30.00,16.50,18.00,2030.4,boot
2721,84.665,66.379,15.1,18214,85016,0,18175,13681,0,0,43,30.00,16.50,18.00,2032.0,boot
2722,84.731,66.420,15.1,18329,85678,0,18290,13769,0,0,43,30.00,16.50,18.00,2033.6,boot
2723,84.798,67.796,14.8,18394,86113,0,18355,13818,0,0,43,30.00,16.50,18.00,2035.1,boot
2724,84.866,69.011,14.5,18459,86567,0,18420,13880,0,0,43,30.00,16.50,18.00,2036.8,boot
2725,84.935,68.115,14.7,18523,87030,0,18484,13943,0,0,43,30.00,16.50,18.00,2038.4,boot
2726,85.003,68.794,14.5,18595,87535,0,18556,14016,0,0,43,30.00,16.50,18.00,2040.1,boot
2727,85.072,73.974,13.5,18655,87962,0,18616,14079,0,0,43,30.00,16.50,18.00,2041.7,boot
2728,85.146,69.197,14.5,18718,88440,0,18679,14144,0,0,43,30.00,16.50,18.00,2043.5,boot
2729,85.215,69.888,14.3,18720,88592,0,18681,14147,0,0,43,30.00,16.50,18.00,2045.2,boot
2730,85.285,69.213,14.4,18662,88429,0,18623,14098,0,0,43,30.00,16.50,18.00,2046.8,boot
2731,85.354,69.402,14.4,18646,88509,0,18607,14083,0,0,43,30.00,16.50,18.00,2048.5,boot
2732,85.424,69.324,14.4,18625,88563,0,18586,14069,0,0,43,30.00,16.50,18.00,2050.2,boot
2733,85.493,69.202,14.5,18607,88634,0,18568,14059,0,0,43,30.00,16.50,18.00,2051.8,boot
2734,85.562,68.290,14.6,18606,88767,0,18567,14058,0,0,43,30.00,16.50,18.00,2053.5,boot
2735,85.630,67.771,14.8,18584,88793,0,18545,14039,0,0,43,30.00,16.50,18.00,2055.1,boot
2736,85.698,67.166,14.9,18554,88797,0,18515,14018,0,0,43,30.00,16.50,18.00,2056.8,boot
2737,85.765,66.685,15.0,18507,88695,0,18468,13972,0,0,43,30.00,16.50,18.00,2058.4,boot
2738,85.832,66.085,15.1,18456,88566,0,18417,13921,0,0,43,30.00,16.50,18.00,2060.0,boot
2739,85.898,62.189,16.1,18407,88452,0,18368,13874,0,0,43,30.00,16.50,18.00,2061.6,boot
2740,85.961,59.645,16.8,18354,88312,0,18315,13823,0,0,43,30.00,16.50,18.00,2063.1,boot
2741,86.020,64.299,15.6,18305,88173,0,18266,13775,0,0,43,30.00,16.50,18.00,2064.5,boot
2742,86.085,75.612,13.2,18220,87883,0,18181,13701,0,0,43,30.00,16.50,18.00,2066.0,boot
2743,86.160,53.312,18.8,18134,87575,0,18095,13616,0,0,43,30.00,16.50,18.00,2067.8,boot
2744,86.214,64.011,15.6,18084,87404,0,18045,13566,0,0,43,30.00,16.50,18.00,2069.1,boot
2745,86.278,62.860,15.9,18054,87352,0,18015,13534,0,0,43,30.00,16.50,18.00,2070.7,boot
2746,86.340,67.064,14.9,18022,87232,0,17983,13503,0,0,43,30.00,16.50,18.00,2072.2,boot
2747,86.408,59.774,16.7,17998,87179,0,17959,13477,0,0,43,30.00,16.50,18.00,2073.8,boot
2748,86.467,63.189,15.8,17959,87041,0,17920,13438,0,0,43,30.00,16.50,18.00,2075.2,boot
2749,86.531,61.583,16.2,17876,86667,0,17837,13354,0,0,43,30.00,16.50,18.00,2076.7,boot
2750,86.592,61.488,16.3,17829,86452,0,17790,13299,0,0,43,30.00,16.50,18.00,2078.2,boot
2751,86.654,59.183,16.9,17788,86261,0,17749,13248,0,0,43,30.00,16.50,18.00,2079.7,boot
2752,86.713,54.351,18.4,17759,86133,0,17720,13215,0,0,43,30.00,16.50,18.00,2081.1,boot
2753,86.767,57.091,17.5,17729,85997,0,17690,13181,0,0,43,30.00,16.50,18.00,2082.4,boot
2754,86.824,78.703,12.7,17686,85789,0,17647,13133,0,0,43,30.00,16.50,18.00,2083.8,boot
2755,86.903,103.428,9.7,17623,85482,0,17584,13066,0,0,43,30.00,16.50,18.00,2085.7,boot
2756,87.007,72.351,13.8,17552,85137,0,17513,12996,0,0,43,30.00,16.50,18.00,2088.2,boot
2757,87.079,66.704,15.0,17503,84889,0,17464,12941,0,0,43,30.00,16.50,18.00,2089.9,boot
2758,87.146,47.164,21.2,17466,84680,0,17427,12895,0,0,43,30.00,16.50,18.00,2091.5,boot
2759,87.193,45.470,22.0,17440,84555,0,17401,12868,0,0,43,30.00,16.50,18.00,2092.6,boot
2760,87.238,45.671,21.9,17437,84554,0,17398,12861,0,0,43,30.00,16.50,18.00,2093.7,boot
2761,87.284,58.504,17.1,17374,84190,0,17335,12791,0,0,43,30.00,16.50,18.00,2094.8,boot
2762,87.343,58.382,17.1,17334,83979,0,17295,12749,0,0,43,30.00,16.50,18.00,2096.2,boot
2763,87.401,54.308,18.4,17289,83744,0,17250,12700,0,0,43,30.00,16.50,18.00,2097.6,boot
2764,87.455,55.405,18.0,17248,83525,0,17209,12657,0,0,43,30.00,16.50,18.00,2098.9,boot
2765,87.511,54.624,18.3,17207,83306,0,17168,12614,0,0,43,30.00,16.50,18.00,2100.3,boot
2766,87.565,51.944,19.3,17168,83110,0,17129,12574,0,0,43,30.00,16.50,18.00,2101.6,boot
2767,87.617,52.250,19.1,17122,82871,0,17083,12528,0,0,43,30.00,16.50,18.00,2102.8,boot
2768,87.670,51.759,19.3,17074,82648,0,17035,12488,0,0,43,30.00,16.50,18.00,2104.1,boot
2769,87.722,50.818,19.7,17023,82368,0,16984,12439,0,0,43,30.00,16.50,18.00,2105.3,boot
2770,87.772,50.898,19.6,16991,82158,0,16952,12402,0,0,43,30.00,16.50,18.00,2106.5,boot
2771,87.823,49.325,20.3,16940,81938,0,