frame,t,ms,fps,draws,uniforms,lookups,vao,tex,dcTerrain,dcObjects,dcHUD,camx,camy,camz,yaw,phase
1,0.000,40.065,25.0,16098,68880,55,16059,11951,15680,307,43,30.00,16.50,18.00,0.0,idle_spawn
2,0.040,25.647,39.0,16137,69034,0,16098,11971,15711,315,43,30.00,16.50,18.00,1.0,idle_spawn
3,0.066,23.784,42.0,16136,69041,0,16097,11974,15714,311,43,30.00,16.50,18.00,1.6,idle_spawn
4,0.090,26.828,37.3,16144,69087,0,16105,11982,15722,311,43,30.00,16.50,18.00,2.1,idle_spawn
5,0.116,27.016,37.0,16155,69144,0,16116,11992,15733,311,43,30.00,16.50,18.00,2.8,idle_spawn
6,0.143,25.781,38.8,16163,69182,0,16124,11998,15741,311,43,30.00,16.50,18.00,3.4,idle_spawn
7,0.169,31.486,31.8,16169,69208,0,16130,12000,15747,311,43,30.00,16.50,18.00,4.1,idle_spawn
8,0.201,30.903,32.4,16177,69241,0,16138,12004,15755,311,43,30.00,16.50,18.00,4.8,idle_spawn
9,0.232,25.012,40.0,16191,69309,0,16152,12016,15769,311,43,30.00,16.50,18.00,5.6,idle_spawn
10,0.257,27.627,36.2,16241,69552,0,16202,12065,15819,311,43,30.00,16.50,18.00,6.2,idle_spawn
11,0.284,29.752,33.6,16192,69303,0,16153,12015,15770,311,43,30.00,16.50,18.00,6.8,idle_spawn
12,0.314,27.774,36.0,16234,69506,0,16195,12053,15812,311,43,30.00,16.50,18.00,7.5,idle_spawn
13,0.342,24.724,40.4,16244,69549,0,16205,12059,15822,311,43,30.00,16.50,18.00,8.2,idle_spawn
14,0.367,25.231,39.6,16241,69534,0,16202,12056,15819,311,43,30.00,16.50,18.00,8.8,idle_spawn
15,0.392,25.096,39.8,16252,69585,0,16213,12066,15830,311,43,30.00,16.50,18.00,9.4,idle_spawn
16,0.417,31.782,31.5,16261,69629,0,16222,12071,15839,311,43,30.00,16.50,18.00,10.0,idle_spawn
17,0.449,27.798,36.0,16276,69703,0,16237,12088,15854,311,43,30.00,16.50,18.00,10.8,idle_spawn
18,0.476,25.361,39.4,16284,69732,0,16245,12088,15862,311,43,30.00,16.50,18.00,11.4,idle_spawn
19,0.502,25.547,39.1,16292,69758,0,16253,12094,15870,311,43,30.00,16.50,18.00,12.0,idle_spawn
20,0.527,25.466,39.3,16310,69843,0,16271,12110,15888,311,43,30.00,16.50,18.00,12.7,idle_spawn
21,0.553,25.144,39.8,16312,69848,0,16273,12110,15890,311,43,30.00,16.50,18.00,13.3,idle_spawn
22,0.578,25.695,38.9,16328,69920,0,16289,12124,15906,311,43,30.00,16.50,18.00,13.9,idle_spawn
23,0.604,25.308,39.5,16338,69969,0,16299,12130,15916,311,43,30.00,16.50,18.00,14.5,idle_spawn
24,0.629,30.841,32.4,16349,70027,0,16310,12138,15927,311,43,30.00,16.50,18.00,15.1,idle_spawn
25,0.660,25.238,39.6,16357,70074,0,16318,12144,15935,311,43,30.00,16.50,18.00,15.8,idle_spawn
26,0.685,27.884,35.9,16372,70148,0,16333,12155,15950,311,43,30.00,16.50,18.00,16.4,idle_spawn
27,0.713,25.306,39.5,16385,70216,0,16346,12162,15963,311,43,30.00,16.50,18.00,17.1,idle_spawn
28,0.738,24.950,40.1,16396,70270,0,16357,12172,15974,311,43,30.00,16.50,18.00,17.7,idle_spawn
29,0.763,27.737,36.1,16410,70336,0,16371,12182,15988,311,43,30.00,16.50,18.00,18.3,idle_spawn
30,0.791,25.480,39.2,16423,70398,0,16384,12192,16001,311,43,30.00,16.50,18.00,19.0,idle_spawn
31,0.817,33.454,29.9,16435,70457,0,16396,12203,16013,311,43,30.00,16.50,18.00,19.6,idle_spawn
32,0.850,39.606,25.2,16456,70556,0,16417,12218,16034,311,43,30.00,16.50,18.00,20.4,idle_spawn
33,0.890,33.664,29.7,16465,70614,0,16426,12229,16047,307,43,30.00,16.50,18.00,21.4,idle_spawn
34,0.923,33.787,29.6,16484,70705,0,16445,12244,16066,307,43,30.00,16.50,18.00,22.2,idle_spawn
35,0.957,33.581,29.8,16496,70759,0,16457,12250,16078,307,43,30.00,16.50,18.00,23.0,idle_spawn
36,0.991,30.236,33.1,16514,70847,0,16475,12266,16096,307,43,30.00,16.50,18.00,23.8,idle_spawn
37,1.021,28.261,35.4,16532,70940,0,16493,12281,16114,307,43,30.00,16.50,18.00,24.5,idle_spawn
38,1.049,26.012,38.4,16539,70974,0,16500,12284,16121,307,43,30.00,16.50,18.00,25.2,idle_spawn
39,1.075,34.371,29.1,16552,71040,0,16513,12295,16134,307,43,30.00,16.50,18.00,25.8,idle_spawn
40,1.110,26.180,38.2,16577,71158,0,16538,12312,16155,311,43,30.00,16.50,18.00,26.6,idle_spawn
41,1.136,25.847,38.7,16590,71224,0,16551,12323,16168,311,43,30.00,16.50,18.00,27.3,idle_spawn
42,1.162,25.760,38.8,16612,71339,0,16573,12341,16190,311,43,30.00,16.50,18.00,27.9,idle_spawn
43,1.187,25.466,39.3,16620,71384,0,16581,12348,16198,311,43,30.00,16.50,18.00,28.5,idle_spawn
44,1.213,30.207,33.1,16635,71465,0,16596,12360,16213,311,43,30.00,16.50,18.00,29.1,idle_spawn
45,1.243,25.855,38.7,16679,71689,0,16640,12402,16257,311,43,30.00,16.50,18.00,29.8,idle_spawn
46,1.269,26.104,38.3,16668,71652,0,16629,12395,16250,307,43,30.00,16.50,18.00,30.5,idle_spawn
47,1.295,31.844,31.4,16661,71627,0,16622,12390,16247,303,43,30.00,16.50,18.00,31.1,idle_spawn
48,1.327,25.726,38.9,16697,71811,0,16658,12418,16283,303,43,30.00,16.50,18.00,31.8,idle_spawn
49,1.353,25.807,38.7,16712,71872,0,16673,12427,16294,307,43,30.00,16.50,18.00,32.5,idle_spawn
50,1.378,28.529,35.1,16724,71937,0,16685,12438,16306,307,43,30.00,16.50,18.00,33.1,idle_spawn
51,1.407,30.226,33.1,16748,72059,0,16709,12461,16330,307,43,30.00,16.50,18.00,33.8,idle_spawn
52,1.437,31.377,31.9,16763,72126,0,16724,12474,16345,307,43,30.00,16.50,18.00,34.5,idle_spawn
53,1.469,27.143,36.8,16790,72259,0,16751,12499,16372,307,43,30.00,16.50,18.00,35.2,idle_spawn
54,1.496,37.869,26.4,16811,72350,0,16772,12518,16393,307,43,30.00,16.50,18.00,35.9,idle_spawn
55,1.534,33.160,30.2,16824,72419,0,16785,12529,16406,307,43,30.00,16.50,18.00,36.8,idle_spawn
56,1.567,26.034,38.4,16861,72605,0,16822,12568,16447,303,43,30.00,16.50,18.00,37.6,idle_spawn
57,1.593,25.595,39.1,16880,72673,0,16841,12580,16462,307,43,30.00,16.50,18.00,38.2,idle_spawn
58,1.618,25.953,38.5,16900,72763,0,16861,12599,16482,307,43,30.00,16.50,18.00,38.8,idle_spawn
59,1.644,26.023,38.4,16924,72881,0,16885,12621,16506,307,43,30.00,16.50,18.00,39.5,idle_spawn
60,1.670,28.346,35.3,16945,72973,0,16906,12641,16527,307,43,30.00,16.50,18.00,40.1,idle_spawn
61,1.699,32.014,31.2,16959,73043,0,16920,12655,16541,307,43,30.00,16.50,18.00,40.8,idle_spawn
62,1.731,26.004,38.5,16987,73175,0,16948,12681,16569,307,43,30.00,16.50,18.00,41.5,idle_spawn
63,1.757,26.138,38.3,17006,73270,0,16967,12700,16588,307,43,30.00,16.50,18.00,42.2,idle_spawn
64,1.783,26.403,37.9,17026,73366,0,16987,12719,16608,307,43,30.00,16.50,18.00,42.8,idle_spawn
65,1.809,26.216,38.1,17042,73451,0,17003,12734,16624,307,43,30.00,16.50,18.00,43.4,idle_spawn
66,1.836,42.878,23.3,17060,73544,0,17021,12752,16642,307,43,30.00,16.50,18.00,44.1,idle_spawn
67,1.879,32.480,30.8,17086,73685,0,17047,12777,16668,307,43,30.00,16.50,18.00,45.1,idle_spawn
68,1.911,32.350,30.9,17113,73825,0,17074,12803,16695,307,43,30.00,16.50,18.00,45.9,idle_spawn
69,1.943,26.152,38.2,17138,73955,0,17099,12827,16720,307,43,30.00,16.50,18.00,46.6,idle_spawn
70,1.970,26.174,38.2,17157,74065,0,17118,12850,16743,303,43,30.00,16.50,18.00,47.3,idle_spawn
71,1.996,30.840,32.4,17176,74164,0,17137,12867,16762,303,43,30.00,16.50,18.00,47.9,idle_spawn
72,2.027,26.707,37.4,17188,74229,0,17149,12878,16774,303,43,30.00,16.50,18.00,48.6,idle_spawn
73,2.053,26.377,37.9,17216,74369,0,17177,12906,16802,303,43,30.00,16.50,18.00,49.3,idle_spawn
74,2.080,26.675,37.5,17232,74452,0,17193,12922,16818,303,43,30.00,16.50,18.00,49.9,idle_spawn
75,2.106,29.062,34.4,17255,74573,0,17216,12945,16841,303,43,30.00,16.50,18.00,50.6,idle_spawn
76,2.135,32.835,30.5,17269,74652,0,17230,12959,16855,303,43,30.00,16.50,18.00,51.2,idle_spawn
77,2.168,26.352,37.9,17295,74787,0,17256,12984,16881,303,43,30.00,16.50,18.00,52.0,idle_spawn
78,2.195,27.185,36.8,17309,74850,0,17270,12997,16895,303,43,30.00,16.50,18.00,52.7,idle_spawn
79,2.222,29.597,33.8,17360,75111,0,17321,13048,16946,303,43,30.00,16.50,18.00,53.3,idle_spawn
80,2.251,26.151,38.2,17337,74996,0,17298,13025,16923,303,43,30.00,16.50,18.00,54.0,idle_spawn
81,2.278,26.471,37.8,17376,75185,0,17337,13064,16962,303,43,30.00,16.50,18.00,54.7,idle_spawn
82,2.304,26.616,37.6,17397,75290,0,17358,13085,16983,303,43,30.00,16.50,18.00,55.3,idle_spawn
83,2.331,29.589,33.8,17416,75379,0,17377,13104,17002,303,43,30.00,16.50,18.00,55.9,idle_spawn
84,2.360,32.449,30.8,17435,75474,0,17396,13123,17021,303,43,30.00,16.50,18.00,56.6,idle_spawn
85,2.393,26.788,37.3,17464,75612,0,17425,13151,17050,303,43,30.00,16.50,18.00,57.4,idle_spawn
86,2.420,26.697,37.5,17487,75715,0,17448,13174,17073,303,43,30.00,16.50,18.00,58.1,idle_spawn
87,2.446,31.100,32.2,17518,75852,0,17479,13197,17096,311,43,30.00,16.50,18.00,58.7,idle_spawn
88,2.477,29.395,34.0,17544,75976,0,17505,13219,17118,315,43,30.00,16.50,18.00,59.5,idle_spawn
89,2.507,30.615,32.7,17580,76163,0,17541,13253,17154,315,43,30.00,16.50,18.00,60.2,idle_spawn
90,2.537,27.877,35.9,17592,76227,0,17553,13266,17166,315,43,30.00,16.50,18.00,60.9,idle_spawn
91,2.565,32.449,30.8,17609,76315,0,17570,13283,17183,315,43,30.00,16.50,18.00,61.6,idle_spawn
92,2.598,26.702,37.5,17639,76459,0,17600,13313,17213,315,43,30.00,16.50,18.00,62.3,idle_spawn
93,2.624,27.038,37.0,17653,76526,0,17614,13327,17227,315,43,30.00,16.50,18.00,63.0,idle_spawn
94,2.651,27.527,36.3,17679,76668,0,17640,13353,17253,315,43,30.00,16.50,18.00,63.6,idle_spawn
95,2.679,30.131,33.2,17688,76716,0,17649,13362,17262,315,43,30.00,16.50,18.00,64.3,idle_spawn
96,2.709,27.204,36.8,17706,76815,0,17667,13380,17280,315,43,30.00,16.50,18.00,65.0,idle_spawn
97,2.736,26.747,37.4,17702,76798,0,17663,13376,17276,315,43,30.00,16.50,18.00,65.7,idle_spawn
98,2.763,27.358,36.6,17765,77119,0,17726,13439,17339,315,43,30.00,16.50,18.00,66.3,idle_spawn
99,2.791,33.305,30.0,17716,76870,0,17677,13389,17290,315,43,30.00,16.50,18.00,67.0,idle_spawn
100,2.824,31.841,31.4,17746,77023,0,17707,13419,17320,315,43,30.00,16.50,18.00,67.8,idle_spawn
101,2.856,38.744,25.8,17760,77105,0,17721,13433,17334,315,43,30.00,16.50,18.00,68.5,idle_spawn
102,2.894,28.432,35.2,17770,77155,0,17731,13443,17344,315,43,30.00,16.50,18.00,69.5,idle_spawn
103,2.923,26.812,37.3,17782,77209,0,17743,13455,17356,315,43,30.00,16.50,18.00,70.1,idle_spawn
104,2.950,27.023,37.0,17785,77223,0,17746,13460,17359,315,43,30.00,16.50,18.00,70.8,idle_spawn
105,2.977,27.048,37.0,17802,77309,0,17763,13478,17376,315,43,30.00,16.50,18.00,71.4,idle_spawn
106,3.004,35.226,28.4,17808,77342,0,17769,13484,17382,315,43,30.00,16.50,18.00,72.1,idle_spawn
107,3.039,27.334,36.6,17820,77402,0,17781,13496,17394,315,43,30.00,16.50,18.00,72.9,idle_spawn
108,3.066,27.071,36.9,17835,77480,0,17796,13511,17409,315,43,30.00,16.50,18.00,73.6,idle_spawn
109,3.093,35.559,28.1,17845,77531,0,17806,13522,17419,315,43,30.00,16.50,18.00,74.2,idle_spawn
110,3.129,35.409,28.2,17855,77587,0,17816,13536,17433,311,43,30.00,16.50,18.00,75.1,idle_spawn
111,3.164,29.464,33.9,17872,77660,0,17833,13553,17450,311,43,30.00,16.50,18.00,75.9,idle_spawn
112,3.194,27.483,36.4,17886,77726,0,17847,13565,17460,315,43,30.00,16.50,18.00,76.7,idle_spawn
113,3.221,33.938,29.5,17891,77757,0,17852,13570,17465,315,43,30.00,16.50,18.00,77.3,idle_spawn
114,3.255,27.376,36.5,17912,77869,0,17873,13592,17486,315,43,30.00,16.50,18.00,78.1,idle_spawn
115,3.283,27.348,36.6,17927,77949,0,17888,13609,17501,315,43,30.00,16.50,18.00,78.8,idle_spawn
116,3.310,27.409,36.5,17939,78016,0,17900,13622,17513,315,43,30.00,16.50,18.00,79.4,idle_spawn
117,3.337,27.719,36.1,17953,78089,0,17914,13636,17527,315,43,30.00,16.50,18.00,80.1,idle_spawn
118,3.365,27.314,36.6,17971,78183,0,17932,13655,17545,315,43,30.00,16.50,18.00,80.8,idle_spawn
119,3.393,27.506,36.4,17985,78260,0,17946,13670,17559,315,43,30.00,16.50,18.00,81.4,idle_spawn
120,3.420,27.503,36.4,17998,78332,0,17959,13684,17572,315,43,30.00,16.50,18.00,82.1,idle_spawn
121,3.448,34.304,29.2,18006,78378,0,17967,13695,17580,315,43,30.00,16.50,18.00,82.7,idle_spawn
122,3.482,27.777,36.0,18030,78503,0,17991,13721,17604,315,43,30.00,16.50,18.00,83.6,idle_spawn
123,3.510,30.448,32.8,18031,78511,0,17992,13725,17605,315,43,30.00,16.50,18.00,84.2,idle_spawn
124,3.540,28.125,35.6,18043,78590,0,18004,13742,17621,311,43,30.00,16.50,18.00,85.0,idle_spawn
125,3.568,28.032,35.7,18057,78653,0,18018,13758,17635,311,43,30.00,16.50,18.00,85.6,idle_spawn
126,3.596,29.976,33.4,18056,78650,0,18017,13759,17634,311,43,30.00,16.50,18.00,86.3,idle_spawn
127,3.626,27.603,36.2,18066,78702,0,18027,13771,17644,311,43,30.00,16.50,18.00,87.0,idle_spawn
128,3.654,34.097,29.3,18059,78654,0,18020,13766,17637,311,43,30.00,16.50,18.00,87.7,idle_spawn
129,3.688,28.620,34.9,18070,78712,0,18031,13777,17648,311,43,30.00,16.50,18.00,88.5,idle_spawn
130,3.717,28.587,35.0,18073,78728,0,18034,13781,17651,311,43,30.00,16.50,18.00,89.2,idle_spawn
131,3.745,28.089,35.6,18056,78644,0,18017,13765,17634,311,43,30.00,16.50,18.00,89.9,idle_spawn
132,3.773,31.629,31.6,18054,78640,0,18015,13763,17632,311,43,30.00,16.50,18.00,90.6,idle_spawn
133,3.805,36.195,27.6,18057,78660,0,18018,13768,17635,311,43,30.00,16.50,18.00,91.3,idle_spawn
134,3.841,36.031,27.8,18028,78525,0,17989,13749,17606,311,43,30.00,16.50,18.00,92.2,idle_spawn
135,3.877,42.061,23.8,18021,78492,0,17982,13747,17599,311,43,30.00,16.50,18.00,93.1,idle_spawn
136,3.919,36.136,27.7,18004,78400,0,17965,13732,17582,311,43,30.00,16.50,18.00,94.1,idle_spawn
137,3.955,34.361,29.1,17985,78304,0,17946,13715,17563,311,43,30.00,16.50,18.00,94.9,idle_spawn
138,3.990,26.527,37.7,17968,78218,0,17929,13700,17546,311,43,30.00,16.50,18.00,95.8,idle_spawn
139,4.016,26.145,38.2,17938,78070,0,17899,13672,17516,311,43,30.00,16.50,18.00,96.4,idle_spawn
140,4.042,26.859,37.2,17929,78028,0,17890,13666,17507,311,43,30.00,16.50,18.00,97.0,idle_spawn
141,4.069,27.722,36.1,17911,77939,0,17872,13649,17489,311,43,30.00,16.50,18.00,97.7,idle_spawn
142,4.097,34.161,29.3,17885,77811,0,17846,13628,17463,311,43,30.00,16.50,18.00,98.3,idle_spawn
143,4.131,32.310,31.0,17863,77704,0,17824,13609,17441,311,43,30.00,16.50,18.00,99.1,idle_spawn
144,4.164,36.346,27.5,17831,77553,0,17792,13583,17409,311,43,30.00,16.50,18.00,99.9,idle_spawn
145,4.200,29.456,33.9,17807,77438,0,17768,13561,17385,311,43,30.00,16.50,18.00,100.8,idle_spawn
146,4.229,35.872,27.9,17781,77315,0,17742,13539,17359,311,43,30.00,16.50,18.00,101.5,idle_spawn
147,4.265,32.720,30.6,17762,77211,0,17723,13522,17336,315,43,30.00,16.50,18.00,102.4,idle_spawn
148,4.298,31.750,31.5,17741,77089,0,17702,13501,17311,319,43,30.00,16.50,18.00,103.2,idle_spawn
149,4.330,25.626,39.0,17708,76928,0,17669,13472,17278,319,43,30.00,16.50,18.00,103.9,idle_spawn
150,4.355,26.061,38.4,17686,76836,0,17647,13460,17260,315,43,30.00,16.50,18.00,104.5,idle_spawn
151,4.381,26.465,37.8,17670,76752,0,17631,13446,17244,315,43,30.00,16.50,18.00,105.2,idle_spawn
152,4.408,30.131,33.2,17655,76687,0,17616,13435,17229,315,43,30.00,16.50,18.00,105.8,idle_spawn
153,4.438,27.492,36.4,17638,76610,0,17599,13423,17212,315,43,30.00,16.50,18.00,106.5,idle_spawn
154,4.466,27.357,36.6,17628,76569,0,17589,13416,17202,315,43,30.00,16.50,18.00,107.2,idle_spawn
155,4.493,28.106,35.6,17622,76555,0,17583,13414,17196,315,43,30.00,16.50,18.00,107.8,idle_spawn
156,4.521,33.509,29.8,17605,76475,0,17566,13405,17179,315,43,30.00,16.50,18.00,108.5,idle_spawn
157,4.555,27.124,36.9,17602,76458,0,17563,13403,17176,315,43,30.00,16.50,18.00,109.3,idle_spawn
158,4.582,27.697,36.1,17590,76414,0,17551,13398,17164,315,43,30.00,16.50,18.00,110.0,idle_spawn
159,4.609,27.111,36.9,17577,76337,0,17538,13388,17151,315,43,30.00,16.50,18.00,110.6,idle_spawn
160,4.637,26.773,37.4,17578,76345,0,17539,13392,17152,315,43,30.00,16.50,18.00,111.3,idle_spawn
161,4.663,28.034,35.7,17580,76356,0,17541,13401,17154,315,43,30.00,16.50,18.00,111.9,idle_spawn
162,4.691,27.377,36.5,17572,76322,0,17533,13396,17146,315,43,30.00,16.50,18.00,112.6,idle_spawn
163,4.719,26.811,37.3,17561,76268,0,17522,13386,17135,315,43,30.00,16.50,18.00,113.2,idle_spawn
164,4.746,33.782,29.6,17616,76552,0,17577,13447,17190,315,43,30.00,16.50,18.00,113.9,idle_spawn
165,4.779,27.275,36.7,17622,76575,0,17583,13453,17196,315,43,30.00,16.50,18.00,114.7,idle_spawn
166,4.807,28.068,35.6,17650,76699,0,17611,13477,17220,319,43,30.00,16.50,18.00,115.4,idle_spawn
167,4.835,27.457,36.4,17667,76798,0,17628,13501,17241,315,43,30.00,16.50,18.00,116.0,idle_spawn
168,4.862,27.564,36.3,17694,76945,0,17655,13535,17272,311,43,30.00,16.50,18.00,116.7,idle_spawn
169,4.890,27.638,36.2,17719,77068,0,17680,13556,17297,311,43,30.00,16.50,18.00,117.4,idle_spawn
170,4.917,27.797,36.0,17712,77039,0,17673,13555,17290,311,43,30.00,16.50,18.00,118.0,idle_spawn
171,4.945,27.393,36.5,17717,77061,0,17678,13558,17295,311,43,30.00,16.50,18.00,118.7,idle_spawn
172,4.973,33.377,30.0,17733,77131,0,17694,13567,17311,311,43,30.00,16.50,18.00,119.3,idle_spawn
173,5.006,28.859,34.7,17745,77192,0,17706,13580,17323,311,43,30.00,16.50,18.00,120.1,idle_spawn
174,5.035,28.082,35.6,17717,77055,0,17678,13555,17295,311,43,30.00,16.50,18.00,120.8,idle_spawn
175,5.063,27.875,35.9,17683,76886,0,17644,13522,17261,311,43,30.00,16.50,18.00,121.5,idle_spawn
176,5.091,27.636,36.2,17651,76730,0,17612,13494,17229,311,43,30.00,16.50,18.00,122.2,idle_spawn
177,5.118,28.055,35.6,17609,76524,0,17570,13456,17187,311,43,30.00,16.50,18.00,122.8,idle_spawn
178,5.147,27.167,36.8,17578,76368,0,17539,13425,17156,311,43,30.00,16.50,18.00,123.5,idle_spawn
179,5.174,33.373,30.0,17553,76243,0,17514,13400,17131,311,43,30.00,16.50,18.00,124.2,idle_spawn
180,5.207,27.014,37.0,17507,76013,0,17468,13356,17085,311,43,30.00,16.50,18.00,125.0,idle_spawn
181,5.234,26.829,37.3,17480,75879,0,17441,13330,17058,311,43,30.00,16.50,18.00,125.6,idle_spawn
182,5.261,27.126,36.9,17433,75642,0,17394,13283,17011,311,43,30.00,16.50,18.00,126.3,idle_spawn
183,5.288,26.774,37.3,17413,75544,0,17374,13265,16991,311,43,30.00,16.50,18.00,126.9,idle_spawn
184,5.315,26.683,37.5,17380,75375,0,17341,13234,16958,311,43,30.00,16.50,18.00,127.6,idle_spawn
185,5.342,27.476,36.4,17348,75208,0,17309,13204,16926,311,43,30.00,16.50,18.00,128.2,idle_spawn
186,5.369,27.329,36.6,17320,75063,0,17281,13177,16898,311,43,30.00,16.50,18.00,128.9,idle_spawn
187,5.396,32.987,30.3,17282,74880,0,17243,13144,16864,307,43,30.00,16.50,18.00,129.5,idle_spawn
188,5.429,31.647,31.6,17249,74713,0,17210,13112,16831,307,43,30.00,16.50,18.00,130.3,idle_spawn
189,5.461,34.493,29.0,17192,74438,0,17153,13060,16778,303,43,30.00,16.50,18.00,131.1,idle_spawn
190,5.496,34.394,29.1,17164,74304,0,17125,13032,16750,303,43,30.00,16.50,18.00,131.9,idle_spawn
191,5.530,31.871,31.4,17128,74117,0,17089,12994,16710,307,43,30.00,16.50,18.00,132.7,idle_spawn
192,5.562,35.251,28.4,17092,73936,0,17053,12957,16674,307,43,30.00,16.50,18.00,133.5,idle_spawn
193,5.597,39.480,25.3,17062,73789,0,17023,12927,16644,307,43,30.00,16.50,18.00,134.3,idle_spawn
194,5.637,35.449,28.2,17056,73756,0,17017,12921,16638,307,43,30.00,16.50,18.00,135.3,idle_spawn
195,5.672,35.360,28.3,17079,73877,0,17040,12944,16661,307,43,30.00,16.50,18.00,136.1,idle_spawn
196,5.707,30.607,32.7,17097,73960,0,17058,12959,16679,307,43,30.00,16.50,18.00,137.0,idle_spawn
197,5.738,27.424,36.5,17097,73951,0,17058,12959,16679,307,43,30.00,16.50,18.00,137.7,idle_spawn
198,5.765,27.409,36.5,17097,73945,0,17058,12959,16679,307,43,30.00,16.50,18.00,138.4,idle_spawn
199,5.793,27.506,36.4,17099,73945,0,17060,12958,16681,307,43,30.00,16.50,18.00,139.0,idle_spawn
200,5.820,34.165,29.3,17098,73940,0,17059,12957,16680,307,43,30.00,16.50,18.00,139.7,idle_spawn
201,5.855,27.361,36.5,17086,73874,0,17047,12945,16668,307,43,30.00,16.50,18.00,140.5,idle_spawn
202,5.882,27.474,36.4,17083,73855,0,17044,12941,16665,307,43,30.00,16.50,18.00,141.2,idle_spawn
203,5.909,27.161,36.8,17072,73797,0,17033,12930,16654,307,43,30.00,16.50,18.00,141.8,idle_spawn
204,5.937,33.218,30.1,17073,73798,0,17034,12930,16655,307,43,30.00,16.50,18.00,142.5,idle_spawn
205,5.970,35.538,28.1,17078,73811,0,17039,12933,16660,307,43,30.00,16.50,18.00,143.3,idle_spawn
206,6.005,35.300,28.3,17066,73739,0,17027,12921,16648,307,43,30.00,16.50,18.00,144.1,spin_360
207,6.041,35.068,28.5,17059,73709,0,17020,12917,16645,303,43,30.00,16.50,18.00,145.0,spin_360
208,6.076,28.146,35.5,17055,73682,0,17016,12912,16641,303,43,30.00,16.50,18.00,145.8,spin_360
209,6.104,33.108,30.2,17060,73707,0,17021,12917,16646,303,43,30.00,16.50,18.00,146.5,spin_360
210,6.137,34.674,28.8,17047,73639,0,17008,12904,16633,303,43,30.00,16.50,18.00,147.3,spin_360
211,6.172,30.582,32.7,17083,73803,0,17044,12939,16669,303,43,30.00,16.50,18.00,148.1,spin_360
212,6.202,27.280,36.7,17089,73827,0,17050,12945,16675,303,43,30.00,16.50,18.00,148.9,spin_360
213,6.230,27.506,36.4,17115,73946,0,17076,12969,16701,303,43,30.00,16.50,18.00,149.5,spin_360
214,6.257,35.621,28.1,17127,74014,0,17088,12984,16717,299,43,30.00,16.50,18.00,150.2,spin_360
215,6.293,36.273,27.6,17128,74012,0,17089,12984,16718,299,43,30.00,16.50,18.00,151.0,spin_360
216,6.329,35.332,28.3,17163,74173,0,17124,13013,16749,303,43,30.00,16.50,18.00,151.9,spin_360
217,6.364,26.679,37.5,17202,74353,0,17163,13047,16788,303,43,30.00,16.50,18.00,152.7,spin_360
218,6.391,26.885,37.2,17233,74501,0,17194,13075,16819,303,43,30.00,16.50,18.00,153.4,spin_360
219,6.418,25.572,39.1,17251,74592,0,17212,13091,16837,303,43,30.00,16.50,18.00,154.0,spin_360
220,6.444,26.871,37.2,17275,74716,0,17236,13113,16861,303,43,30.00,16.50,18.00,154.6,spin_360
221,6.470,32.959,30.3,17329,74984,0,17290,13163,16915,303,43,30.00,16.50,18.00,155.3,spin_360
222,6.503,27.459,36.4,17367,75161,0,17328,13196,16949,307,43,30.00,16.50,18.00,156.1,spin_360
223,6.531,27.448,36.4,17391,75268,0,17352,13219,16973,307,43,30.00,16.50,18.00,156.7,spin_360
224,6.558,27.319,36.6,17417,75390,0,17378,13243,16999,307,43,30.00,16.50,18.00,157.4,spin_360
225,6.586,27.489,36.4,17460,75597,0,17421,13282,17042,307,43,30.00,16.50,18.00,158.1,spin_360
226,6.613,32.365,30.9,17476,75670,0,17437,13297,17058,307,43,30.00,16.50,18.00,158.7,spin_360
227,6.645,32.963,30.3,17482,75704,0,17443,13301,17064,307,43,30.00,16.50,18.00,159.5,spin_360
228,6.678,41.821,23.9,17493,75754,0,17454,13310,17075,307,43,30.00,16.50,18.00,160.3,spin_360
229,6.720,35.058,28.5,17503,75775,0,17464,13314,17081,311,43,30.00,16.50,18.00,161.3,spin_360
230,6.755,27.829,35.9,17506,75792,0,17467,13316,17084,311,43,30.00,16.50,18.00,162.1,spin_360
231,6.783,27.872,35.9,17513,75819,0,17474,13319,17091,311,43,30.00,16.50,18.00,162.8,spin_360
232,6.811,28.486,35.1,17524,75866,0,17485,13328,17102,311,43,30.00,16.50,18.00,163.5,spin_360
233,6.840,31.185,32.1,17544,75956,0,17505,13347,17122,311,43,30.00,16.50,18.00,164.1,spin_360
234,6.871,30.092,33.2,17549,75974,0,17510,13351,17127,311,43,30.00,16.50,18.00,164.9,spin_360
235,6.901,41.247,24.2,17571,76070,0,17532,13371,17149,311,43,30.00,16.50,18.00,165.6,spin_360
236,6.942,28.153,35.5,17597,76215,0,17558,13405,17183,303,43,30.00,16.50,18.00,166.6,spin_360
237,6.970,28.998,34.5,17622,76328,0,17583,13426,17204,307,43,30.00,16.50,18.00,167.3,spin_360
238,6.999,29.134,34.3,17645,76434,0,17606,13449,17227,307,43,30.00,16.50,18.00,168.0,spin_360
239,7.028,36.773,27.2,17669,76548,0,17630,13473,17251,307,43,30.00,16.50,18.00,168.7,spin_360
240,7.065,30.813,32.5,17684,76614,0,17645,13488,17266,307,43,30.00,16.50,18.00,169.6,spin_360
241,7.096,28.264,35.4,17699,76680,0,17660,13499,17277,311,43,30.00,16.50,18.00,170.3,spin_360
242,7.124,33.992,29.4,17709,76727,0,17670,13509,17287,311,43,30.00,16.50,18.00,171.0,spin_360
243,7.158,28.876,34.6,17716,76756,0,17677,13516,17294,311,43,30.00,16.50,18.00,171.8,spin_360
244,7.187,27.990,35.7,17703,76694,0,17664,13507,17285,307,43,30.00,16.50,18.00,172.5,spin_360
245,7.215,28.152,35.5,17697,76664,0,17658,13501,17279,307,43,30.00,16.50,18.00,173.2,spin_360
246,7.243,28.710,34.8,17721,76775,0,17682,13525,17303,307,43,30.00,16.50,18.00,173.8,spin_360
247,7.272,28.523,35.1,17701,76678,0,17662,13505,17283,307,43,30.00,16.50,18.00,174.5,spin_360
248,7.301,29.085,34.4,17711,76725,0,17672,13515,17293,307,43,30.00,16.50,18.00,175.2,spin_360
249,7.330,34.621,28.9,17708,76713,0,17669,13512,17290,307,43,30.00,16.50,18.00,175.9,spin_360
250,7.364,28.525,35.1,17715,76742,0,17676,13519,17297,307,43,30.00,16.50,18.00,176.7,spin_360
251,7.393,28.492,35.1,17712,76724,0,17673,13516,17294,307,43,30.00,16.50,18.00,177.4,spin_360
252,7.421,28.769,34.8,17714,76731,0,17675,13518,17296,307,43,30.00,16.50,18.00,178.1,spin_360
253,7.450,28.483,35.1,17714,76737,0,17675,13518,17296,307,43,30.00,16.50,18.00,178.8,spin_360
254,7.479,28.367,35.3,17719,76753,0,17680,13519,17297,311,43,30.00,16.50,18.00,179.5,spin_360
255,7.507,29.384,34.0,17722,76786,0,17683,13526,17304,307,43,30.00,16.50,18.00,180.2,spin_360
256,7.536,37.926,26.4,17717,76764,0,17678,13521,17299,307,43,30.00,16.50,18.00,180.9,spin_360
257,7.574,29.128,34.3,17717,76761,0,17678,13521,17299,307,43,30.00,16.50,18.00,181.8,spin_360
258,7.603,30.584,32.7,17715,76736,0,17676,13519,17297,307,43,30.00,16.50,18.00,182.5,spin_360
259,7.634,29.405,34.0,17717,76740,0,17678,13521,17299,307,43,30.00,16.50,18.00,183.2,spin_360
260,7.664,28.752,34.8,17706,76682,0,17667,13510,17288,307,43,30.00,16.50,18.00,183.9,spin_360
261,7.692,29.383,34.0,17711,76704,0,17672,13515,17293,307,43,30.00,16.50,18.00,184.6,spin_360
262,7.722,28.403,35.2,17707,76684,0,17668,13511,17289,307,43,30.00,16.50,18.00,185.3,spin_360
263,7.750,34.720,28.8,17741,76860,0,17702,13545,17323,307,43,30.00,16.50,18.00,186.0,spin_360
264,7.785,28.032,35.7,17700,76643,0,17661,13504,17282,307,43,30.00,16.50,18.00,186.8,spin_360
265,7.813,28.540,35.0,17704,76660,0,17665,13508,17286,307,43,30.00,16.50,18.00,187.5,spin_360
266,7.841,37.746,26.5,17714,76701,0,17675,13518,17296,307,43,30.00,16.50,18.00,188.2,spin_360
267,7.879,28.822,34.7,17707,76663,0,17668,13511,17289,307,43,30.00,16.50,18.00,189.1,spin_360
268,7.908,31.104,32.2,17710,76681,0,17671,13514,17292,307,43,30.00,16.50,18.00,189.8,spin_360
269,7.939,31.716,31.5,17705,76644,0,17666,13505,17283,311,43,30.00,16.50,18.00,190.5,spin_360
270,7.971,34.900,28.7,17710,76675,0,17671,13510,17288,311,43,30.00,16.50,18.00,191.3,spin_360
271,8.006,33.859,29.5,17714,76698,0,17675,13514,17292,311,43,30.00,16.50,18.00,192.1,spin_360
272,8.040,37.094,27.0,17712,76695,0,17673,13510,17290,311,43,30.00,16.50,18.00,193.0,spin_360
273,8.077,28.714,34.8,17721,76744,0,17682,13517,17299,311,43,30.00,16.50,18.00,193.8,spin_360
274,8.105,28.777,34.7,17717,76716,0,17678,13511,17295,311,43,30.00,16.50,18.00,194.5,spin_360
275,8.134,28.698,34.8,17724,76750,0,17685,13517,17302,311,43,30.00,16.50,18.00,195.2,spin_360
276,8.163,30.484,32.8,17720,76735,0,17681,13513,17302,307,43,30.00,16.50,18.00,195.9,spin_360
277,8.193,34.952,28.6,17727,76769,0,17688,13519,17309,307,43,30.00,16.50,18.00,196.6,spin_360
278,8.228,28.943,34.6,17732,76781,0,17693,13517,17314,307,43,30.00,16.50,18.00,197.5,spin_360
279,8.257,30.430,32.9,17736,76805,0,17697,13519,17322,303,43,30.00,16.50,18.00,198.2,spin_360
280,8.288,31.113,32.1,17745,76836,0,17706,13519,17327,307,43,30.00,16.50,18.00,198.9,spin_360
281,8.319,28.837,34.7,17758,76890,0,17719,13524,17340,307,43,30.00,16.50,18.00,199.7,spin_360
282,8.348,28.560,35.0,17769,76952,0,17730,13533,17351,307,43,30.00,16.50,18.00,200.3,spin_360
283,8.376,34.012,29.4,17780,77004,0,17741,13538,17362,307,43,30.00,16.50,18.00,201.0,spin_360
284,8.410,34.765,28.8,17786,77038,0,17747,13539,17368,307,43,30.00,16.50,18.00,201.8,spin_360
285,8.445,28.462,35.1,17808,77142,0,17769,13554,17390,307,43,30.00,16.50,18.00,202.7,spin_360
286,8.474,28.524,35.1,17842,77311,0,17803,13585,17424,307,43,30.00,16.50,18.00,203.4,spin_360
287,8.502,30.638,32.6,17862,77411,0,17823,13601,17444,307,43,30.00,16.50,18.00,204.1,spin_360
288,8.533,29.371,34.0,17882,77511,0,17843,13613,17464,307,43,30.00,16.50,18.00,204.8,spin_360
289,8.562,27.584,36.3,17917,77685,0,17878,13641,17499,307,43,30.00,16.50,18.00,205.5,spin_360
290,8.590,31.821,31.4,17930,77759,0,17891,13651,17512,307,43,30.00,16.50,18.00,206.2,spin_360
291,8.622,41.026,24.4,17967,77945,0,17928,13682,17545,311,43,30.00,16.50,18.00,206.9,spin_360
292,8.663,35.169,28.4,18008,78170,0,17969,13717,17586,311,43,30.00,16.50,18.00,207.9,spin_360
293,8.698,35.281,28.3,18035,78312,0,17996,13739,17613,311,43,30.00,16.50,18.00,208.7,spin_360
294,8.733,32.485,30.8,18084,78557,0,18045,13778,17658,315,43,30.00,16.50,18.00,209.6,spin_360
295,8.766,27.966,35.8,18116,78744,0,18077,13810,17690,315,43,30.00,16.50,18.00,210.4,spin_360
296,8.794,29.741,33.6,18130,78817,0,18091,13817,17704,315,43,30.00,16.50,18.00,211.0,spin_360
297,8.823,36.977,27.0,18176,79053,0,18137,13860,17750,315,43,30.00,16.50,18.00,211.8,spin_360
298,8.860,30.062,33.3,18199,79175,0,18160,13872,17773,315,43,30.00,16.50,18.00,212.6,spin_360
299,8.890,29.941,33.4,18222,79291,0,18183,13887,17796,315,43,30.00,16.50,18.00,213.4,spin_360
300,8.920,31.086,32.2,18261,79486,0,18222,13914,17835,315,43,30.00,16.50,18.00,214.1,spin_360
301,8.951,30.221,33.1,18289,79617,0,18250,13931,17863,315,43,30.00,16.50,18.00,214.8,spin_360
302,8.982,38.473,26.0,18321,79768,0,18282,13954,17895,315,43,30.00,16.50,18.00,215.6,spin_360
303,9.020,37.546,26.6,18334,79835,0,18295,13960,17908,315,43,30.00,16.50,18.00,216.5,spin_360
304,9.058,36.517,27.4,18375,80043,0,18336,13987,17949,315,43,30.00,16.50,18.00,217.4,spin_360
305,9.094,29.759,33.6,18416,80262,0,18377,14024,17990,315,43,30.00,16.50,18.00,218.3,spin_360
306,9.124,29.497,33.9,18444,80401,0,18405,14045,18018,315,43,30.00,16.50,18.00,219.0,spin_360
307,9.154,36.545,27.4,18475,80545,0,18436,14065,18049,315,43,30.00,16.50,18.00,219.7,spin_360
308,9.190,34.375,29.1,18506,80676,0,18467,14081,18080,315,43,30.00,16.50,18.00,220.6,spin_360
309,9.224,35.596,28.1,18543,80828,0,18504,14088,18117,315,43,30.00,16.50,18.00,221.4,spin_360
310,9.260,46.354,21.6,18583,81006,0,18544,14100,18157,315,43,30.00,16.50,18.00,222.2,spin_360
311,9.306,38.767,25.8,18583,81004,0,18544,14087,18161,311,43,30.00,16.50,18.00,223.4,spin_360
312,9.345,38.541,25.9,18579,80966,0,18540,14063,18157,311,43,30.00,16.50,18.00,224.3,spin_360
313,9.384,30.778,32.5,18556,80832,0,18517,14024,18134,311,43,30.00,16.50,18.00,225.2,spin_360
314,9.415,34.429,29.0,18531,80706,0,18492,13983,18109,311,43,30.00,16.50,18.00,225.9,spin_360
315,9.449,30.272,33.0,18477,80440,0,18438,13919,18055,311,43,30.00,16.50,18.00,226.8,spin_360
316,9.479,37.059,27.0,18413,80146,0,18374,13848,17991,311,43,30.00,16.50,18.00,227.5,spin_360
317,9.516,32.489,30.8,18330,79748,0,18291,13761,17908,311,43,30.00,16.50,18.00,228.4,spin_360
318,9.549,31.270,32.0,18264,79434,0,18225,13691,17842,311,43,30.00,16.50,18.00,229.2,spin_360
319,9.580,30.320,33.0,18236,79321,0,18197,13661,17814,311,43,30.00,16.50,18.00,229.9,spin_360
320,9.610,31.855,31.4,18258,79451,0,18219,13678,17836,311,43,30.00,16.50,18.00,230.6,spin_360
321,9.642,30.023,33.3,18300,79672,0,18261,13707,17878,311,43,30.00,16.50,18.00,231.4,spin_360
322,9.672,31.926,31.3,18337,79868,0,18298,13734,17915,311,43,30.00,16.50,18.00,232.1,spin_360
323,9.704,40.324,24.8,18378,80116,0,18339,13758,17956,311,43,30.00,16.50,18.00,232.9,spin_360
324,9.745,38.714,25.8,18408,80298,0,18369,13776,17990,307,43,30.00,16.50,18.00,233.9,spin_360
325,9.783,38.727,25.8,18479,80688,0,18440,13838,18065,303,43,30.00,16.50,18.00,234.8,spin_360
326,9.822,38.968,25.7,18530,80973,0,18491,13883,18116,303,43,30.00,16.50,18.00,235.7,spin_360
327,9.861,39.572,25.3,18563,81163,0,18524,13914,18149,303,43,30.00,16.50,18.00,236.7,spin_360
328,9.901,39.271,25.5,18596,81364,0,18557,13947,18182,303,43,30.00,16.50,18.00,237.6,spin_360
329,9.940,45.678,21.9,18632,81628,0,18593,13983,18218,303,43,30.00,16.50,18.00,238.6,spin_360
330,9.986,39.372,25.4,18679,81900,0,18640,14031,18265,303,43,30.00,16.50,18.00,239.7,spin_360
331,10.025,33.387,30.0,18710,82092,0,18671,14065,18296,303,43,30.00,16.50,18.00,240.6,spin_360
332,10.058,30.119,33.2,18742,82297,0,18703,14100,18331,300,43,30.00,16.50,18.00,241.4,spin_360
333,10.088,30.745,32.5,18780,82520,0,18741,14138,18369,300,43,30.00,16.50,18.00,242.1,spin_360
334,10.119,34.832,28.7,18800,82642,0,18761,14155,18385,304,43,30.00,16.50,18.00,242.9,spin_360
335,10.154,38.817,25.8,18826,82847,0,18787,14175,18404,304,43,30.00,16.50,18.00,243.7,spin_360
336,10.193,32.000,31.2,18842,82976,0,18803,14192,18420,304,43,30.00,16.50,18.00,244.6,spin_360
337,10.225,30.760,32.5,18813,82870,0,18774,14163,18391,304,43,30.00,16.50,18.00,245.4,spin_360
338,10.256,32.339,30.9,18824,82967,0,18785,14174,18402,304,43,30.00,16.50,18.00,246.1,spin_360
339,10.288,30.631,32.6,18775,82732,0,18736,14128,18353,304,43,30.00,16.50,18.00,246.9,spin_360
340,10.319,29.773,33.6,18767,82725,0,18728,14120,18345,304,43,30.00,16.50,18.00,247.6,spin_360
341,10.348,29.632,33.7,18763,82745,0,18724,14117,18341,304,43,30.00,16.50,18.00,248.4,spin_360
342,10.378,38.729,25.8,18754,82802,0,18715,14108,18332,304,43,30.00,16.50,18.00,249.1,spin_360
343,10.417,29.560,33.8,18749,82816,0,18710,14103,18327,304,43,30.00,16.50,18.00,250.0,spin_360
344,10.446,30.503,32.8,18738,82795,0,18699,14094,18316,304,43,30.00,16.50,18.00,250.7,spin_360
345,10.477,30.394,32.9,18729,82786,0,18690,14085,18307,304,43,30.00,16.50,18.00,251.4,spin_360
346,10.507,36.008,27.8,18733,82834,0,18694,14090,18311,304,43,30.00,16.50,18.00,252.2,spin_360
347,10.543,32.130,31.1,18735,82892,0,18696,14092,18313,304,43,30.00,16.50,18.00,253.0,spin_360
348,10.576,30.642,32.6,18720,82862,0,18681,14081,18302,300,43,30.00,16.50,18.00,253.8,spin_360
349,10.606,46.362,21.6,18711,82932,0,18672,14073,18293,300,43,30.00,16.50,18.00,254.5,spin_360
350,10.653,56.901,17.6,18696,82900,0,18657,14059,18274,304,43,30.00,16.50,18.00,255.7,spin_360
351,10.709,32.997,30.3,18666,82831,0,18627,14033,18248,300,43,30.00,16.50,18.00,257.0,spin_360
352,10.742,39.971,25.0,18634,82708,0,18595,14002,18216,300,43,30.00,16.50,18.00,257.8,spin_360
353,10.782,39.701,25.2,18607,82619,0,18568,13976,18189,300,43,30.00,16.50,18.00,258.8,spin_360
354,10.822,40.236,24.9,18585,82643,0,18546,13953,18167,300,43,30.00,16.50,18.00,259.7,spin_360
355,10.862,39.052,25.6,18557,82553,0,18518,13927,18139,300,43,30.00,16.50,18.00,260.7,spin_360
356,10.901,37.399,26.7,18523,82432,0,18484,13894,18105,300,43,30.00,16.50,18.00,261.6,spin_360
357,10.939,39.476,25.3,18483,82272,0,18444,13855,18065,300,43,30.00,16.50,18.00,262.5,spin_360
358,10.978,36.948,27.1,18462,82215,0,18423,13834,18044,300,43,30.00,16.50,18.00,263.5,spin_360
359,11.015,39.198,25.5,18425,82059,0,18386,13795,18003,304,43,30.00,16.50,18.00,264.4,spin_360
360,11.054,45.909,21.8,18373,81940,0,18334,13745,17951,304,43,30.00,16.50,18.00,265.3,spin_360
361,11.100,38.829,25.8,18320,81718,0,18281,13693,17898,304,43,30.00,16.50,18.00,266.4,spin_360
362,11.139,30.164,33.2,18275,81527,0,18236,13651,17853,304,43,30.00,16.50,18.00,267.3,spin_360
363,11.169,30.065,33.3,18238,81371,0,18199,13613,17816,304,43,30.00,16.50,18.00,268.1,spin_360
364,11.199,29.777,33.6,18211,81267,0,18172,13586,17789,304,43,30.00,16.50,18.00,268.8,spin_360
365,11.229,29.384,34.0,18159,81039,0,18120,13536,17737,304,43,30.00,16.50,18.00,269.5,spin_360
366,11.259,36.267,27.6,18136,81067,0,18097,13515,17714,304,43,30.00,16.50,18.00,270.2,spin_360
367,11.295,29.557,33.8,18157,81227,0,18118,13530,17735,304,43,30.00,16.50,18.00,271.1,spin_360
368,11.325,29.458,33.9,18138,81163,0,18099,13512,17716,304,43,30.00,16.50,18.00,271.8,spin_360
369,11.354,29.652,33.7,18131,81147,0,18092,13503,17709,304,43,30.00,16.50,18.00,272.5,spin_360
370,11.384,30.055,33.3,18117,81104,0,18078,13489,17695,304,43,30.00,16.50,18.00,273.2,spin_360
371,11.414,32.151,31.1,18099,81049,0,18060,13470,17677,304,43,30.00,16.50,18.00,273.9,spin_360
372,11.446,29.761,33.6,18073,80958,0,18034,13444,17651,304,43,30.00,16.50,18.00,274.7,spin_360
373,11.476,36.572,27.3,18046,80966,0,18007,13419,17624,304,43,30.00,16.50,18.00,275.4,spin_360
374,11.512,31.759,31.5,17989,80724,0,17950,13364,17571,300,43,30.00,16.50,18.00,276.3,spin_360
375,11.544,29.698,33.7,17954,80562,0,17915,13329,17536,300,43,30.00,16.50,18.00,277.1,spin_360
376,11.574,29.241,34.2,17932,80457,0,17893,13306,17514,300,43,30.00,16.50,18.00,277.8,spin_360
377,11.603,29.708,33.7,17907,80335,0,17868,13278,17489,300,43,30.00,16.50,18.00,278.5,spin_360
378,11.633,31.323,31.9,17879,80195,0,17840,13250,17461,300,43,30.00,16.50,18.00,279.2,spin_360
379,11.664,29.780,33.6,17851,80065,0,17812,13224,17437,296,43,30.00,16.50,18.00,279.9,spin_360
380,11.694,36.699,27.2,17835,80148,0,17796,13206,17421,296,43,30.00,16.50,18.00,280.7,spin_360
381,11.731,31.740,31.5,17811,80030,0,17772,13178,17397,296,43,30.00,16.50,18.00,281.5,spin_360
382,11.762,29.977,33.4,17796,79965,0,17757,13161,17382,296,43,30.00,16.50,18.00,282.3,spin_360
383,11.792,30.440,32.9,17787,79920,0,17748,13148,17369,300,43,30.00,16.50,18.00,283.0,spin_360
384,11.823,29.789,33.6,17754,79753,0,17715,13110,17336,300,43,30.00,16.50,18.00,283.7,spin_360
385,11.852,40.513,24.7,17736,79669,0,17697,13092,17318,300,43,30.00,16.50,18.00,284.5,spin_360
386,11.893,38.818,25.8,17690,79454,0,17651,13043,17272,300,43,30.00,16.50,18.00,285.4,spin_360
387,11.932,37.360,26.8,17669,79531,0,17630,13021,17251,300,43,30.00,16.50,18.00,286.4,spin_360
388,11.969,39.031,25.6,17641,79390,0,17602,12989,17223,300,43,30.00,16.50,18.00,287.3,spin_360
389,12.008,38.536,25.9,17622,79291,0,17583,12969,17204,300,43,30.00,16.50,18.00,288.2,spin_360
390,12.047,38.342,26.1,17590,79128,0,17551,12931,17172,300,43,30.00,16.50,18.00,289.1,spin_360
391,12.085,38.382,26.1,17576,79055,0,17537,12917,17158,300,43,30.00,16.50,18.00,290.0,spin_360
392,12.124,36.520,27.4,17549,78924,0,17510,12888,17131,300,43,30.00,16.50,18.00,291.0,spin_360
393,12.160,35.400,28.2,17531,78985,0,17492,12864,17109,304,43,30.00,16.50,18.00,291.8,spin_360
394,12.195,29.252,34.2,17505,78854,0,17466,12837,17083,304,43,30.00,16.50,18.00,292.7,spin_360
395,12.225,28.935,34.6,17490,78765,0,17451,12820,17068,304,43,30.00,16.50,18.00,293.4,spin_360
396,12.254,28.936,34.6,17460,78595,0,17421,12788,17038,304,43,30.00,16.50,18.00,294.1,spin_360
397,12.283,28.853,34.7,17451,78548,0,17412,12777,17029,304,43,30.00,16.50,18.00,294.8,spin_360
398,12.311,29.478,33.9,17422,78384,0,17383,12743,16996,308,43,30.00,16.50,18.00,295.5,spin_360
399,12.341,29.281,34.2,17414,78342,0,17375,12733,16988,308,43,30.00,16.50,18.00,296.2,spin_360
400,12.370,35.565,28.1,17389,78374,0,17350,12706,16963,308,43,30.00,16.50,18.00,296.9,spin_360
401,12.406,29.780,33.6,17369,78272,0,17330,12684,16943,308,43,30.00,16.50,18.00,297.7,spin_360
402,12.436,30.172,33.1,17346,78153,0,17307,12660,16920,308,43,30.00,16.50,18.00,298.5,spin_360
403,12.466,28.879,34.6,17325,78044,0,17286,12638,16899,308,43,30.00,16.50,18.00,299.2,spin_360
404,12.495,30.398,32.9,17313,77984,0,17274,12626,16887,308,43,30.00,16.50,18.00,299.9,spin_360
405,12.525,33.934,29.5,17281,77821,0,17242,12591,16855,308,43,30.00,16.50,18.00,300.6,spin_360
406,12.559,38.582,25.9,17262,77737,0,17223,12571,16836,308,43,30.00,16.50,18.00,301.4,spin_360
407,12.598,44.685,22.4,17223,77723,0,17184,12533,16797,308,43,30.00,16.50,18.00,302.3,spin_360
408,12.642,37.755,26.5,17189,77561,0,17150,12501,16763,308,43,30.00,16.50,18.00,303.4,spin_360
409,12.680,37.841,26.4,17157,77395,0,17118,12469,16731,308,43,30.00,16.50,18.00,304.3,spin_360
410,12.718,29.579,33.8,17125,77235,0,17086,12437,16699,308,43,30.00,16.50,18.00,305.2,spin_360
411,12.748,31.495,31.8,17085,77033,0,17046,12398,16659,308,43,30.00,16.50,18.00,305.9,spin_360
412,12.779,37.594,26.6,17099,77106,0,17060,12415,16673,308,43,30.00,16.50,18.00,306.7,spin_360
413,12.817,43.791,22.8,17044,77013,0,17005,12368,16618,308,43,30.00,16.50,18.00,307.6,spin_360
414,12.860,43.355,23.1,16995,76786,0,16956,12329,16573,304,43,30.00,16.50,18.00,308.7,spin_360
415,12.904,36.862,27.1,16958,76614,0,16919,12299,16536,304,43,30.00,16.50,18.00,309.7,spin_360
416,12.941,29.161,34.3,16920,76428,0,16881,12265,16498,304,43,30.00,16.50,18.00,310.6,spin_360
417,12.970,28.774,34.8,16894,76305,0,16855,12246,16472,304,43,30.00,16.50,18.00,311.3,spin_360
418,12.999,28.458,35.1,16880,76231,0,16841,12234,16458,304,43,30.00,16.50,18.00,312.0,spin_360
419,13.027,35.412,28.2,16854,76264,0,16815,12212,16432,304,43,30.00,16.50,18.00,312.7,spin_360
420,13.063,29.233,34.2,16838,76177,0,16799,12198,16416,304,43,30.00,16.50,18.00,313.5,spin_360
421,13.092,34.116,29.3,16814,76054,0,16775,12180,16392,304,43,30.00,16.50,18.00,314.2,spin_360
422,13.126,29.420,34.0,16795,75969,0,16756,12170,16377,300,43,30.00,16.50,18.00,315.0,spin_360
423,13.155,28.994,34.5,16764,75809,0,16725,12146,16346,300,43,30.00,16.50,18.00,315.7,spin_360
424,13.184,28.590,35.0,16749,75719,0,16710,12134,16327,304,43,30.00,16.50,18.00,316.4,spin_360
425,13.213,28.433,35.2,16738,75666,0,16699,12128,16316,304,43,30.00,16.50,18.00,317.1,spin_360
426,13.241,34.971,28.6,16723,75740,0,16684,12118,16301,304,43,30.00,16.50,18.00,317.8,spin_360
427,13.276,28.166,35.5,16712,75661,0,16673,12110,16290,304,43,30.00,16.50,18.00,318.6,spin_360
428,13.305,32.093,31.2,16695,75560,0,16656,12100,16273,304,43,30.00,16.50,18.00,319.3,spin_360
429,13.337,28.424,35.2,16673,75422,0,16634,12080,16251,304,43,30.00,16.50,18.00,320.1,spin_360
430,13.365,28.336,35.3,16660,75321,0,16621,12069,16234,308,43,30.00,16.50,18.00,320.8,spin_360
431,13.393,32.257,31.0,16645,75229,0,16606,12058,16219,308,43,30.00,16.50,18.00,321.4,spin_360
432,13.426,28.821,34.7,16607,75030,0,16568,12030,16181,308,43,30.00,16.50,18.00,322.2,spin_360
433,13.455,35.189,28.4,16576,74974,0,16537,12005,16150,308,43,30.00,16.50,18.00,322.9,spin_360
434,13.490,28.083,35.6,16528,74719,0,16489,11970,16106,304,43,30.00,16.50,18.00,323.8,spin_360
435,13.518,29.615,33.8,16500,74560,0,16461,11950,16078,304,43,30.00,16.50,18.00,324.4,spin_360
436,13.547,30.439,32.9,16476,74419,0,16437,11941,16054,304,43,30.00,16.50,18.00,325.1,spin_360
437,13.578,28.622,34.9,16462,74324,0,16423,11935,16040,304,43,30.00,16.50,18.00,325.9,spin_360
438,13.607,27.933,35.8,16438,74188,0,16399,11925,16016,304,43,30.00,16.50,18.00,326.6,spin_360
439,13.635,31.619,31.6,16424,74093,0,16385,11916,16002,304,43,30.00,16.50,18.00,327.2,spin_360
440,13.666,34.676,28.8,16393,74046,0,16354,11898,15975,300,43,30.00,16.50,18.00,328.0,spin_360
441,13.701,33.201,30.1,16357,73846,0,16318,11879,15943,296,43,30.00,16.50,18.00,328.8,spin_360
442,13.734,37.163,26.9,16338,73721,0,16299,11874,15924,296,43,30.00,16.50,18.00,329.6,spin_360
443,13.771,35.626,28.1,16319,73592,0,16280,11860,15905,296,43,30.00,16.50,18.00,330.5,spin_360
444,13.807,36.654,27.3,16279,73357,0,16240,11830,15865,296,43,30.00,16.50,18.00,331.4,spin_360
445,13.844,36.707,27.2,16263,73231,0,16224,11821,15845,300,43,30.00,16.50,18.00,332.2,spin_360
446,13.880,43.216,23.1,16238,73171,0,16199,11801,15820,300,43,30.00,16.50,18.00,333.1,spin_360
447,13.923,35.582,28.1,16209,72975,0,16170,11775,15791,300,43,30.00,16.50,18.00,334.2,spin_360
448,13.959,36.584,27.3,16170,72755,0,16131,11750,15752,300,43,30.00,16.50,18.00,335.0,spin_360
449,13.996,36.341,27.5,16137,72568,0,16098,11743,15719,300,43,30.00,16.50,18.00,335.9,spin_360
450,14.032,33.537,29.8,16108,72398,0,16069,11739,15690,300,43,30.00,16.50,18.00,336.8,walk_forward
451,14.066,36.332,27.5,16084,72253,0,16045,11729,15666,300,43,30.00,16.50,18.00,337.6,walk_forward
452,14.102,42.879,23.3,16077,72295,0,16038,11739,15659,300,43,30.00,16.50,18.00,338.4,walk_forward
453,14.145,34.468,29.0,16059,72172,0,16020,11739,15641,300,43,30.00,16.50,18.00,339.5,walk_forward
454,14.179,35.233,28.4,16058,72151,0,16019,11751,15640,300,43,30.00,16.50,18.00,340.3,walk_forward
455,14.214,36.074,27.7,16047,72066,0,16008,11755,15629,300,43,30.00,16.50,18.00,341.1,walk_forward
456,14.251,33.603,29.8,16046,72025,0,16007,11769,15628,300,43,30.00,16.50,18.00,342.0,walk_forward
457,14.284,36.233,27.6,16041,71975,0,16002,11778,15623,300,43,30.00,16.50,18.00,342.8,walk_forward
458,14.320,34.672,28.8,16036,72033,0,15997,11787,15618,300,43,30.00,16.50,18.00,343.7,walk_forward
459,14.355,29.414,34.0,16033,71973,0,15994,11795,15611,304,43,30.00,16.50,18.00,344.5,walk_forward
460,14.385,27.990,35.7,16030,71935,0,15991,11805,15608,304,43,30.00,16.50,18.00,345.2,walk_forward
461,14.412,28.044,35.7,16027,71892,0,15988,11814,15605,304,43,30.00,16.50,18.00,345.9,walk_forward
462,14.441,29.166,34.3,16023,71857,0,15984,11825,15601,304,43,30.00,16.50,18.00,346.6,walk_forward
463,14.470,28.376,35.2,16019,71817,0,15980,11834,15597,304,43,30.00,16.50,18.00,347.3,walk_forward
464,14.498,27.892,35.9,16018,71776,0,15979,11841,15592,308,43,30.00,16.50,18.00,348.0,walk_forward
465,14.526,35.560,28.1,16026,71915,0,15987,11858,15600,308,43,30.00,16.50,18.00,348.6,walk_forward
466,14.562,27.668,36.1,16021,71856,0,15982,11870,15595,308,43,30.00,16.50,18.00,349.5,walk_forward
467,14.589,27.897,35.8,16025,71822,0,15986,11870,15595,312,43,30.00,16.50,18.00,350.1,walk_forward
468,14.617,27.312,36.6,16024,71787,0,15985,11872,15594,312,43,30.00,16.50,18.00,350.8,walk_forward
469,14.644,28.265,35.4,16035,71790,0,15996,11885,15605,312,43,30.00,16.50,18.00,351.5,walk_forward
470,14.673,29.796,33.6,16039,71770,0,16000,11891,15609,312,43,30.00,16.50,18.00,352.1,walk_forward
471,14.703,28.125,35.6,16022,71620,0,15983,11879,15596,308,43,30.00,16.50,18.00,352.9,walk_forward
472,14.731,33.992,29.4,16065,71939,0,16026,11921,15639,308,43,30.00,16.50,18.00,353.5,walk_forward
473,14.765,28.508,35.1,16046,71763,0,16007,11902,15620,308,43,30.00,16.50,18.00,354.4,walk_forward
474,14.793,27.487,36.4,16056,71761,0,16017,11911,15630,308,43,30.00,16.50,18.00,355.0,walk_forward
475,14.821,27.614,36.2,16068,71784,0,16029,11922,15642,308,43,30.00,16.50,18.00,355.7,walk_forward
476,14.848,28.235,35.4,16080,71807,0,16041,11930,15654,308,43,30.00,16.50,18.00,356.4,walk_forward
477,14.877,27.299,36.6,16075,71758,0,16036,11930,15657,300,43,30.00,16.50,18.00,357.0,walk_forward
478,14.904,27.624,36.2,16077,71740,0,16038,11938,15663,296,43,30.00,16.50,18.00,357.7,walk_forward
479,14.932,33.967,29.4,16086,71836,0,16047,11944,15672,296,43,30.00,16.50,18.00,358.4,walk_forward
480,14.966,28.066,35.6,16101,71852,0,16062,11954,15687,296,43,30.00,16.50,18.00,359.2,walk_forward
481,14.994,29.438,34.0,16101,71801,0,16062,11954,15687,296,43,30.00,16.50,18.00,359.8,walk_forward
482,15.023,27.859,35.9,16114,71807,0,16075,11962,15700,296,43,30.00,16.50,18.00,360.6,walk_forward
483,15.051,27.064,36.9,16127,71831,0,16088,11973,15713,296,43,30.00,16.50,18.00,361.2,walk_forward
484,15.078,27.549,36.3,16137,71827,0,16098,11983,15723,296,43,30.00,16.50,18.00,361.9,walk_forward
485,15.106,27.694,36.1,16147,71838,0,16108,11993,15733,296,43,30.00,16.50,18.00,362.5,walk_forward
486,15.133,33.801,29.6,16151,71917,0,16112,11996,15737,296,43,30.00,16.50,18.00,363.2,walk_forward
487,15.167,27.075,36.9,16166,71929,0,16127,12005,15752,296,43,30.00,16.50,18.00,364.0,walk_forward
488,15.194,27.066,36.9,16169,71885,0,16130,12006,15755,296,43,30.00,16.50,18.00,364.7,walk_forward
489,15.221,27.481,36.4,16195,71969,0,16156,12028,15781,296,43,30.00,16.50,18.00,365.3,walk_forward
490,15.249,27.373,36.5,16201,71941,0,16162,12029,15783,300,43,30.00,16.50,18.00,366.0,walk_forward
491,15.276,26.976,37.1,16209,71927,0,16170,12034,15791,300,43,30.00,16.50,18.00,366.6,walk_forward
492,15.303,27.196,36.8,16224,71949,0,16185,12047,15806,300,43,30.00,16.50,18.00,367.3,walk_forward
493,15.330,27.945,35.8,16220,71884,0,16181,12043,15802,300,43,30.00,16.50,18.00,367.9,walk_forward
494,15.358,34.215,29.2,16238,72026,0,16199,12059,15820,300,43,30.00,16.50,18.00,368.6,walk_forward
495,15.392,27.540,36.3,16250,72023,0,16211,12068,15832,300,43,30.00,16.50,18.00,369.4,walk_forward
496,15.420,27.481,36.4,16261,72022,0,16222,12074,15843,300,43,30.00,16.50,18.00,370.1,walk_forward
497,15.448,29.087,34.4,16271,72026,0,16232,12086,15853,300,43,30.00,16.50,18.00,370.7,walk_forward
498,15.477,28.453,35.1,16282,72020,0,16243,12090,15864,300,43,30.00,16.50,18.00,371.4,walk_forward
499,15.505,27.698,36.1,16297,72030,0,16258,12099,15875,304,43,30.00,16.50,18.00,372.1,walk_forward
500,15.533,31.017,32.2,16300,71988,0,16261,12099,15878,304,43,30.00,16.50,18.00,372.8,walk_forward
501,15.564,35.508,28.2,16323,72155,0,16284,12120,15901,304,43,30.00,16.50,18.00,373.5,walk_forward
502,15.599,27.713,36.1,16337,72167,0,16298,12130,15915,304,43,30.00,16.50,18.00,374.4,walk_forward
503,15.627,30.171,33.1,16352,72196,0,16313,12141,15930,304,43,30.00,16.50,18.00,375.0,walk_forward
504,15.657,32.867,30.4,16362,72203,0,16323,12150,15940,304,43,30.00,16.50,18.00,375.8,walk_forward
505,15.690,37.028,27.0,16374,72204,0,16335,12157,15952,304,43,30.00,16.50,18.00,376.6,walk_forward
506,15.727,29.474,33.9,16388,72211,0,16349,12165,15966,304,43,30.00,16.50,18.00,377.5,walk_forward
507,15.757,34.213,29.2,16408,72253,0,16369,12181,15986,304,43,30.00,16.50,18.00,378.2,walk_forward
508,15.791,43.057,23.2,16427,72377,0,16388,12196,16005,304,43,30.00,16.50,18.00,379.0,walk_forward
509,15.834,35.975,27.8,16445,72387,0,16406,12209,16023,304,43,30.00,16.50,18.00,380.0,walk_forward
510,15.870,35.888,27.9,16463,72412,0,16424,12225,16041,304,43,30.00,16.50,18.00,380.9,walk_forward
511,15.906,36.010,27.8,16484,72443,0,16445,12241,16062,304,43,30.00,16.50,18.00,381.7,walk_forward
512,15.942,35.815,27.9,16493,72414,0,16454,12245,16071,304,43,30.00,16.50,18.00,382.6,walk_forward
513,15.978,30.587,32.7,16531,72541,0,16492,12280,16109,304,43,30.00,16.50,18.00,383.5,walk_forward
514,16.008,43.410,23.0,16531,72587,0,16492,12278,16109,304,43,30.00,16.50,18.00,384.2,walk_forward
515,16.052,30.138,33.2,16550,72598,0,16511,12291,16128,304,43,30.00,16.50,18.00,385.2,walk_forward
516,16.082,35.823,27.9,16565,72613,0,16526,12303,16143,304,43,30.00,16.50,18.00,386.0,walk_forward
517,16.118,36.671,27.3,16587,72666,0,16548,12322,16165,304,43,30.00,16.50,18.00,386.8,walk_forward
518,16.154,36.455,27.4,16607,72697,0,16568,12336,16185,304,43,30.00,16.50,18.00,387.7,walk_forward
519,16.191,30.439,32.9,16622,72728,0,16583,12353,16204,300,43,30.00,16.50,18.00,388.6,walk_forward
520,16.221,34.492,29.0,16639,72857,0,16600,12366,16221,300,43,30.00,16.50,18.00,389.3,walk_forward
521,16.256,27.477,36.4,16682,73018,0,16643,12409,16264,300,43,30.00,16.50,18.00,390.1,walk_forward
522,16.283,29.494,33.9,16671,72900,0,16632,12394,16249,304,43,30.00,16.50,18.00,390.8,walk_forward
523,16.313,28.074,35.6,16694,72939,0,16655,12406,16268,308,43,30.00,16.50,18.00,391.5,walk_forward
524,16.341,28.125,35.6,16714,72996,0,16675,12422,16288,308,43,30.00,16.50,18.00,392.2,walk_forward
525,16.369,27.276,36.7,16729,73025,0,16690,12436,16303,308,43,30.00,16.50,18.00,392.9,walk_forward
526,16.396,27.917,35.8,16751,73085,0,16712,12456,16325,308,43,30.00,16.50,18.00,393.5,walk_forward
527,16.424,34.370,29.1,16768,73205,0,16729,12472,16342,308,43,30.00,16.50,18.00,394.2,walk_forward
528,16.459,27.938,35.8,16795,73278,0,16756,12497,16369,308,43,30.00,16.50,18.00,395.0,walk_forward
529,16.487,27.639,36.2,16808,73295,0,16769,12507,16382,308,43,30.00,16.50,18.00,395.7,walk_forward
530,16.514,27.539,36.3,16841,73416,0,16802,12538,16415,308,43,30.00,16.50,18.00,396.3,walk_forward
531,16.542,27.583,36.3,16851,73419,0,16812,12546,16425,308,43,30.00,16.50,18.00,397.0,walk_forward
532,16.569,35.193,28.4,16876,73499,0,16837,12571,16450,308,43,30.00,16.50,18.00,397.7,walk_forward
533,16.604,29.708,33.7,16902,73566,0,16863,12594,16476,308,43,30.00,16.50,18.00,398.5,walk_forward
534,16.634,34.352,29.1,16924,73704,0,16885,12614,16498,308,43,30.00,16.50,18.00,399.2,walk_forward
535,16.669,28.996,34.5,16947,73754,0,16908,12635,16521,308,43,30.00,16.50,18.00,400.0,walk_forward
536,16.698,28.387,35.2,16966,73816,0,16927,12658,16544,304,43,30.00,16.50,18.00,400.7,walk_forward
537,16.726,26.437,37.8,16984,73868,0,16945,12678,16566,300,43,30.00,16.50,18.00,401.4,walk_forward
538,16.752,24.956,40.1,17006,73936,0,16967,12700,16588,300,43,30.00,16.50,18.00,402.1,walk_forward
539,16.777,27.480,36.4,17019,73964,0,16980,12712,16601,300,43,30.00,16.50,18.00,402.7,walk_forward
540,16.805,25.089,39.9,17038,74016,0,16999,12730,16620,300,43,30.00,16.50,18.00,403.3,walk_forward
541,16.830,25.330,39.5,17057,74087,0,17018,12753,16643,296,43,30.00,16.50,18.00,403.9,walk_forward
542,16.855,32.263,31.0,17071,74192,0,17032,12766,16657,296,43,30.00,16.50,18.00,404.5,walk_forward
543,16.888,36.223,27.6,17090,74238,0,17051,12784,16676,296,43,30.00,16.50,18.00,405.3,walk_forward
544,16.924,31.791,31.5,17120,74333,0,17081,12813,16706,296,43,30.00,16.50,18.00,406.2,walk_forward
545,16.956,27.753,36.0,17145,74425,0,17106,12838,16731,296,43,30.00,16.50,18.00,406.9,walk_forward
546,16.983,27.250,36.7,17159,74450,0,17120,12852,16745,296,43,30.00,16.50,18.00,407.6,walk_forward
547,17.011,30.297,33.0,17184,74533,0,17145,12870,16766,300,43,30.00,16.50,18.00,408.3,walk_forward
548,17.041,27.790,36.0,17213,74639,0,17174,12899,16795,300,43,30.00,16.50,18.00,409.0,walk_forward
549,17.069,33.861,29.5,17226,74731,0,17187,12912,16808,300,43,30.00,16.50,18.00,409.6,walk_forward
550,17.103,30.675,32.6,17255,74840,0,17216,12941,16837,300,43,30.00,16.50,18.00,410.5,walk_forward
551,17.133,25.777,38.8,17271,74893,0,17232,12957,16853,300,43,30.00,16.50,18.00,411.2,walk_forward
552,17.159,25.278,39.6,17284,74945,0,17245,12969,16866,300,43,30.00,16.50,18.00,411.8,walk_forward
553,17.184,25.132,39.8,17313,75044,0,17274,12997,16895,300,43,30.00,16.50,18.00,412.4,walk_forward
554,17.210,25.219,39.7,17333,75144,0,17294,13017,16915,300,43,30.00,16.50,18.00,413.0,walk_forward
555,17.235,26.910,37.2,17344,75148,0,17305,13028,16926,300,43,30.00,16.50,18.00,413.6,walk_forward
556,17.262,26.804,37.3,17365,75259,0,17326,13049,16947,300,43,30.00,16.50,18.00,414.3,walk_forward
557,17.288,32.867,30.4,17379,75326,0,17340,13063,16961,300,43,30.00,16.50,18.00,414.9,walk_forward
558,17.321,28.569,35.0,17412,75476,0,17373,13096,16994,300,43,30.00,16.50,18.00,415.7,walk_forward
559,17.350,29.137,34.3,17430,75542,0,17391,13114,17012,300,43,30.00,16.50,18.00,416.4,walk_forward
560,17.379,31.211,32.0,17454,75640,0,17415,13137,17036,300,43,30.00,16.50,18.00,417.1,walk_forward
561,17.410,26.750,37.4,17476,75723,0,17437,13159,17058,300,43,30.00,16.50,18.00,417.8,walk_forward
562,17.437,26.838,37.3,17502,75838,0,17463,13185,17084,300,43,30.00,16.50,18.00,418.5,walk_forward
563,17.464,26.879,37.2,17524,75948,0,17485,13207,17106,300,43,30.00,16.50,18.00,419.1,walk_forward
564,17.491,33.105,30.2,17555,76114,0,17516,13237,17137,300,43,30.00,16.50,18.00,419.8,walk_forward
565,17.524,29.967,33.4,17572,76186,0,17533,13253,17154,300,43,30.00,16.50,18.00,420.6,walk_forward
566,17.554,33.533,29.8,17594,76288,0,17555,13276,17176,300,43,30.00,16.50,18.00,421.3,walk_forward
567,17.587,32.005,31.2,17619,76401,0,17580,13301,17201,300,43,30.00,16.50,18.00,422.1,walk_forward
568,17.619,32.049,31.2,17644,76514,0,17605,13326,17226,300,43,30.00,16.50,18.00,422.9,walk_forward
569,17.651,35.075,28.5,17671,76655,0,17632,13353,17253,300,43,30.00,16.50,18.00,423.6,walk_forward
570,17.687,27.405,36.5,17690,76753,0,17651,13372,17272,300,43,30.00,16.50,18.00,424.5,walk_forward
571,17.714,39.196,25.5,17706,76842,0,17667,13388,17288,300,43,30.00,16.50,18.00,425.1,walk_forward
572,17.753,35.153,28.4,17745,77043,0,17706,13427,17327,300,43,30.00,16.50,18.00,426.1,walk_forward
573,17.788,31.912,31.3,17708,76854,0,17669,13389,17290,300,43,30.00,16.50,18.00,426.9,walk_forward
574,17.820,28.014,35.7,17740,77017,0,17701,13421,17322,300,43,30.00,16.50,18.00,427.7,walk_forward
575,17.848,26.415,37.9,17751,77084,0,17712,13432,17333,300,43,30.00,16.50,18.00,428.4,walk_forward
576,17.875,34.074,29.3,17761,77137,0,17722,13442,17343,300,43,30.00,16.50,18.00,429.0,walk_forward
577,17.909,30.340,33.0,17771,77184,0,17732,13452,17353,300,43,30.00,16.50,18.00,429.8,walk_forward
578,17.939,36.602,27.3,17782,77231,0,17743,13464,17364,300,43,30.00,16.50,18.00,430.5,walk_forward
579,17.976,28.052,35.6,17795,77301,0,17756,13479,17377,300,43,30.00,16.50,18.00,431.4,walk_forward
580,18.004,32.718,30.6,17804,77346,0,17765,13484,17382,304,43,30.00,16.50,18.00,432.1,walk_forward
581,18.037,30.714,32.6,17815,77410,0,17776,13495,17393,304,43,30.00,16.50,18.00,432.9,walk_forward
582,18.067,27.744,36.0,17832,77507,0,17793,13512,17410,304,43,30.00,16.50,18.00,433.6,walk_forward
583,18.095,27.475,36.4,17839,77549,0,17800,13520,17417,304,43,30.00,16.50,18.00,434.3,walk_forward
584,18.122,27.343,36.6,17849,77602,0,17810,13530,17427,304,43,30.00,16.50,18.00,434.9,walk_forward
585,18.150,33.198,30.1,17863,77690,0,17824,13544,17441,304,43,30.00,16.50,18.00,435.6,walk_forward
586,18.183,27.508,36.4,17875,77752,0,17836,13558,17453,304,43,30.00,16.50,18.00,436.4,walk_forward
587,18.211,27.979,35.7,17885,77823,0,17846,13568,17463,304,43,30.00,16.50,18.00,437.1,walk_forward
588,18.239,27.238,36.7,17897,77914,0,17858,13585,17479,300,43,30.00,16.50,18.00,437.7,walk_forward
589,18.266,27.012,37.0,17911,77996,0,17872,13599,17493,300,43,30.00,16.50,18.00,438.4,walk_forward
590,18.293,27.381,36.5,17918,78046,0,17879,13609,17500,300,43,30.00,16.50,18.00,439.0,walk_forward
591,18.320,27.478,36.4,17937,78156,0,17898,13628,17519,300,43,30.00,16.50,18.00,439.7,walk_forward
592,18.348,27.592,36.2,17951,78242,0,17912,13643,17533,300,43,30.00,16.50,18.00,440.3,walk_forward
593,18.375,34.931,28.6,17962,78334,0,17923,13655,17544,300,43,30.00,16.50,18.00,441.0,walk_forward
594,18.410,26.916,37.2,17986,78482,0,17947,13680,17568,300,43,30.00,16.50,18.00,441.8,walk_forward
595,18.437,26.662,37.5,17993,78532,0,17954,13690,17575,300,43,30.00,16.50,18.00,442.5,walk_forward
596,18.464,28.285,35.4,18001,78582,0,17962,13699,17583,300,43,30.00,16.50,18.00,443.1,walk_forward
597,18.492,27.163,36.8,18015,78654,0,17976,13711,17593,304,43,30.00,16.50,18.00,443.8,walk_forward
598,18.519,28.523,35.1,18024,78710,0,17985,13722,17602,304,43,30.00,16.50,18.00,444.5,walk_forward
599,18.548,30.093,33.2,18052,78866,0,18013,13751,17630,304,43,30.00,16.50,18.00,445.1,walk_forward
600,18.578,33.895,29.5,18055,78932,0,18016,13757,17633,304,43,30.00,16.50,18.00,445.9,walk_forward
601,18.612,27.241,36.7,18063,78986,0,18024,13767,17641,304,43,30.00,16.50,18.00,446.7,walk_forward
602,18.639,27.651,36.2,18062,78989,0,18023,13768,17640,304,43,30.00,16.50,18.00,447.3,walk_forward
603,18.667,28.324,35.3,18056,78957,0,18017,13763,17634,304,43,30.00,16.50,18.00,448.0,walk_forward
604,18.695,28.257,35.4,18079,79069,0,18040,13782,17653,308,43,30.00,16.50,18.00,448.7,walk_forward
605,18.723,27.616,36.2,18072,79044,0,18033,13776,17646,308,43,30.00,16.50,18.00,449.4,walk_forward
606,18.751,27.545,36.3,18054,78964,0,18015,13759,17628,308,43,30.00,16.50,18.00,450.0,walk_forward
607,18.779,33.695,29.7,18063,79081,0,18024,13768,17637,308,43,30.00,16.50,18.00,450.7,walk_forward
608,18.812,27.231,36.7,18056,79066,0,18017,13766,17630,308,43,30.00,16.50,18.00,451.5,walk_forward
609,18.840,28.028,35.7,18027,78937,0,17988,13744,17601,308,43,30.00,16.50,18.00,452.1,walk_forward
610,18.868,27.214,36.7,18029,78960,0,17990,13750,17603,308,43,30.00,16.50,18.00,452.8,walk_forward
611,18.895,27.920,35.8,18013,78883,0,17974,13737,17587,308,43,30.00,16.50,18.00,453.5,walk_forward
612,18.923,27.803,36.0,18008,78858,0,17969,13732,17582,308,43,30.00,16.50,18.00,454.1,walk_forward
613,18.950,27.952,35.8,17996,78809,0,17957,13722,17570,308,43,30.00,16.50,18.00,454.8,walk_forward
614,18.978,29.957,33.4,17984,78751,0,17945,13712,17558,308,43,30.00,16.50,18.00,455.5,walk_forward
615,19.008,42.366,23.6,17964,78730,0,17925,13693,17538,308,43,30.00,16.50,18.00,456.2,walk_forward
616,19.051,38.704,25.8,17930,78558,0,17891,13659,17500,312,43,30.00,16.50,18.00,457.2,walk_forward
617,19.090,32.531,30.7,17901,78420,0,17862,13634,17471,312,43,30.00,16.50,18.00,458.1,walk_forward
618,19.122,37.055,27.0,17882,78336,0,17843,13620,17452,312,43,30.00,16.50,18.00,458.9,walk_forward
619,19.159,33.542,29.8,17845,78163,0,17806,13589,17415,312,43,30.00,16.50,18.00,459.8,walk_forward
620,19.193,33.541,29.8,17817,78043,0,17778,13567,17391,308,43,30.00,16.50,18.00,460.6,walk_forward
621,19.226,42.079,23.8,17788,77995,0,17749,13542,17362,308,43,30.00,16.50,18.00,461.4,walk_forward
622,19.268,33.403,29.9,17755,77837,0,17716,13516,17329,308,43,30.00,16.50,18.00,462.4,walk_forward
623,19.302,33.584,29.8,17731,77714,0,17692,13495,17305,308,43,30.00,16.50,18.00,463.2,walk_forward
624,19.335,33.552,29.8,17702,77576,0,17663,13470,17276,308,43,30.00,16.50,18.00,464.0,walk_forward
625,19.369,33.744,29.6,17682,77476,0,17643,13456,17256,308,43,30.00,16.50,18.00,464.9,walk_forward
626,19.403,33.788,29.6,17656,77358,0,17617,13436,17230,308,43,30.00,16.50,18.00,465.7,walk_forward
627,19.436,42.535,23.5,17637,77367,0,17598,13422,17211,308,43,30.00,16.50,18.00,466.5,walk_forward
628,19.479,35.267,28.4,17630,77354,0,17591,13422,17204,308,43,30.00,16.50,18.00,467.5,walk_forward
629,19.514,34.313,29.1,17614,77280,0,17575,13412,17188,308,43,30.00,16.50,18.00,468.3,walk_forward
630,19.549,34.541,29.0,17607,77248,0,17568,13408,17181,308,43,30.00,16.50,18.00,469.2,walk_forward
631,19.583,35.513,28.2,17589,77168,0,17550,13397,17163,308,43,30.00,16.50,18.00,470.0,walk_forward
632,19.619,35.464,28.2,17581,77119,0,17542,13392,17155,308,43,30.00,16.50,18.00,470.8,walk_forward
633,19.654,43.554,23.0,17577,77199,0,17538,13395,17151,308,43,30.00,16.50,18.00,471.7,walk_forward
634,19.698,37.172,26.9,17581,77228,0,17542,13405,17155,308,43,30.00,16.50,18.00,472.7,walk_forward
635,19.735,35.598,28.1,17588,77257,0,17549,13411,17158,312,43,30.00,16.50,18.00,473.6,walk_forward
636,19.770,35.166,28.4,17622,77423,0,17583,13448,17192,312,43,30.00,16.50,18.00,474.5,walk_forward
637,19.806,36.251,27.6,17650,77560,0,17611,13477,17220,312,43,30.00,16.50,18.00,475.3,walk_forward
638,19.842,35.273,28.4,17674,77692,0,17635,13509,17248,308,43,30.00,16.50,18.00,476.2,walk_forward
639,19.877,44.409,22.5,17711,78000,0,17672,13550,17289,304,43,30.00,16.50,18.00,477.1,walk_forward
640,19.922,36.030,27.8,17715,78023,0,17676,13558,17293,304,43,30.00,16.50,18.00,478.1,walk_forward
641,19.958,34.113,29.3,17719,78033,0,17680,13556,17297,304,43,30.00,16.50,18.00,479.0,walk_forward
642,19.992,36.839,27.1,17746,78161,0,17707,13576,17324,304,43,30.00,16.50,18.00,479.8,walk_forward
643,20.029,35.243,28.4,17724,78059,0,17685,13562,17302,304,43,30.00,16.50,18.00,480.7,walk_forward
644,20.064,35.161,28.4,17686,77870,0,17647,13525,17264,304,43,30.00,16.50,18.00,481.5,walk_forward
645,20.099,43.555,23.0,17634,77729,0,17595,13478,17212,304,43,30.00,16.50,18.00,482.4,walk_forward
646,20.143,35.934,27.8,17576,77443,0,17537,13424,17154,304,43,30.00,16.50,18.00,483.4,walk_forward
647,20.179,35.232,28.4,17552,77309,0,17513,13395,17126,308,43,30.00,16.50,18.00,484.3,walk_forward
648,20.214,35.246,28.4,17500,77050,0,17461,13346,17074,308,43,30.00,16.50,18.00,485.1,walk_forward
649,20.249,35.888,27.9,17452,76810,0,17413,13298,17026,308,43,30.00,16.50,18.00,486.0,walk_forward
650,20.285,35.328,28.3,17426,76680,0,17387,13274,17000,308,43,30.00,16.50,18.00,486.8,walk_forward
651,20.320,46.875,21.3,17382,76578,0,17343,13234,16956,308,43,30.00,16.50,18.00,487.7,walk_forward
652,20.367,35.193,28.4,17328,76281,0,17289,13176,16898,312,43,30.00,16.50,18.00,488.8,walk_forward
653,20.402,35.053,28.5,17287,76069,0,17248,13137,16857,312,43,30.00,16.50,18.00,489.7,walk_forward
654,20.437,39.052,25.6,17254,75905,0,17215,13105,16824,312,43,30.00,16.50,18.00,490.5,walk_forward
655,20.477,45.585,21.9,17200,75639,0,17161,13052,16770,312,43,30.00,16.50,18.00,491.4,walk_forward
656,20.522,53.542,18.7,17150,75517,0,17111,13004,16720,312,43,30.00,16.50,18.00,492.5,walk_forward
657,20.576,44.736,22.4,17094,75239,0,17055,12947,16664,312,43,30.00,16.50,18.00,493.8,walk_forward
658,20.620,35.587,28.1,17063,75087,0,17024,12916,16633,312,43,30.00,16.50,18.00,494.9,walk_forward
659,20.656,35.134,28.5,17079,75164,0,17040,12932,16649,312,43,30.00,16.50,18.00,495.7,walk_forward
660,20.691,38.397,26.0,17097,75254,0,17058,12948,16667,312,43,30.00,16.50,18.00,496.6,walk_forward
661,20.730,43.856,22.8,17106,75415,0,17067,12956,16676,312,43,30.00,16.50,18.00,497.5,walk_forward
662,20.773,37.319,26.8,17106,75417,0,17067,12959,16680,308,43,30.00,16.50,18.00,498.6,walk_forward
663,20.811,36.524,27.4,17105,75403,0,17066,12956,16679,308,43,30.00,16.50,18.00,499.5,walk_forward
664,20.847,36.182,27.6,17102,75385,0,17063,12953,16676,308,43,30.00,16.50,18.00,500.3,walk_forward
665,20.883,36.489,27.4,17091,75323,0,17052,12941,16665,308,43,30.00,16.50,18.00,501.2,walk_forward
666,20.920,37.967,26.3,17087,75276,0,17048,12930,16654,315,43,30.00,16.50,18.00,502.1,walk_forward
667,20.958,44.939,22.3,17092,75417,0,17053,12932,16659,315,43,30.00,16.50,18.00,503.0,walk_forward
668,21.003,36.709,27.2,17081,75332,0,17042,12917,16644,319,43,30.00,16.50,18.00,504.1,walk_forward
669,21.040,36.421,27.5,17085,75345,0,17046,12920,16648,319,43,30.00,16.50,18.00,505.0,walk_forward
670,21.076,37.200,26.9,17079,75308,0,17040,12913,16642,319,43,30.00,16.50,18.00,505.8,walk_forward
671,21.113,37.508,26.7,17079,75308,0,17040,12913,16642,319,43,30.00,16.50,18.00,506.7,walk_forward
672,21.151,39.308,25.4,17088,75347,0,17049,12922,16651,319,43,30.00,16.50,18.00,507.6,walk_forward
673,21.190,45.541,22.0,17112,75580,0,17073,12945,16675,319,43,30.00,16.50,18.00,508.6,walk_forward
674,21.236,39.017,25.6,17146,75732,0,17107,12976,16709,319,43,30.00,16.50,18.00,509.7,walk_forward
675,21.275,37.978,26.3,17164,75819,0,17125,12994,16727,319,43,30.00,16.50,18.00,510.6,walk_forward
676,21.313,37.785,26.5,17167,75826,0,17128,12995,16730,319,43,30.00,16.50,18.00,511.5,walk_forward
677,21.350,39.041,25.6,17204,76002,0,17165,13029,16767,319,43,30.00,16.50,18.00,512.4,walk_forward
678,21.390,42.090,23.8,17254,76238,0,17215,13073,16817,319,43,30.00,16.50,18.00,513.3,walk_forward
679,21.432,48.549,20.6,17288,76546,0,17249,13104,16851,319,43,30.00,16.50,18.00,514.4,walk_forward
680,21.480,38.257,26.1,17366,76939,0,17327,13177,16929,319,43,30.00,16.50,18.00,515.5,walk_forward
681,21.518,38.614,25.9,17412,77164,0,17373,13221,16975,319,43,30.00,16.50,18.00,516.4,walk_forward
682,21.557,38.659,25.9,17430,77249,0,17391,13241,16997,315,43,30.00,16.50,18.00,517.4,walk_forward
683,21.596,44.117,22.7,17477,77475,0,17438,13283,17044,315,43,30.00,16.50,18.00,518.3,walk_forward
684,21.640,50.356,19.9,17498,77738,0,17459,13307,17069,311,43,30.00,16.50,18.00,519.4,walk_forward
685,21.690,44.650,22.4,17507,77776,0,17468,13312,17078,311,43,30.00,16.50,18.00,520.6,walk_forward
686,21.735,46.913,21.3,17517,77816,0,17478,13321,17088,311,43,30.00,16.50,18.00,521.6,walk_forward
687,21.782,48.012,20.8,17520,77822,0,17481,13319,17091,311,43,30.00,16.50,18.00,522.8,walk_forward
688,21.830,52.272,19.1,17535,77882,0,17496,13331,17106,311,43,30.00,16.50,18.00,523.9,walk_forward
689,21.882,64.612,15.5,17566,78170,0,17527,13360,17137,311,43,30.00,16.50,18.00,525.2,walk_forward
690,21.947,45.219,22.1,17610,78368,0,17571,13407,17185,307,43,30.00,16.50,18.00,526.7,walk_forward
691,21.992,52.773,18.9,17648,78528,0,17609,13445,17223,307,43,30.00,16.50,18.00,527.8,walk_forward
692,22.045,46.031,21.7,17683,78667,0,17644,13480,17258,307,43,30.00,16.50,18.00,529.1,walk_forward
693,22.091,63.884,15.7,17699,78819,0,17660,13496,17274,307,43,30.00,16.50,18.00,530.2,walk_forward
694,22.155,51.988,19.2,17712,78827,0,17673,13509,17287,307,43,30.00,16.50,18.00,531.7,walk_forward
695,22.207,52.287,19.1,17732,78885,0,17693,13529,17307,307,43,30.00,16.50,18.00,533.0,walk_forward
696,22.259,50.473,19.8,17733,78815,0,17694,13530,17308,307,43,30.00,16.50,18.00,534.2,walk_forward
697,22.309,60.178,16.6,17711,78846,0,17672,13508,17286,307,43,30.00,16.50,18.00,535.4,walk_forward
698,22.370,42.393,23.6,17713,78886,0,17674,13510,17288,307,43,30.00,16.50,18.00,536.9,walk_forward
699,22.412,55.006,18.2,17716,78925,0,17677,13513,17291,307,43,30.00,16.50,18.00,537.9,walk_forward
700,22.467,47.917,20.9,17721,78971,0,17682,13514,17292,311,43,30.00,16.50,18.00,539.2,walk_forward
701,22.515,58.046,17.2,17728,79189,0,17689,13521,17299,311,43,30.00,16.50,18.00,540.4,walk_forward
702,22.573,44.181,22.6,17734,79240,0,17695,13523,17301,315,43,30.00,16.50,18.00,541.8,walk_forward
703,22.617,44.067,22.7,17728,79252,0,17689,13521,17299,311,43,30.00,16.50,18.00,542.8,walk_forward
704,22.661,45.789,21.8,17717,79221,0,17678,13510,17288,311,43,30.00,16.50,18.00,543.9,walk_forward
705,22.707,81.565,12.3,17734,79324,0,17695,13523,17301,315,43,30.00,16.50,18.00,545.0,walk_forward
706,22.789,62.371,16.0,17727,79469,0,17688,13516,17294,315,43,30.00,16.50,18.00,546.9,walk_forward
707,22.851,47.332,21.1,17720,79503,0,17681,13513,17291,311,43,30.00,16.50,18.00,548.4,walk_forward
708,22.898,56.537,17.7,17719,79522,0,17680,13512,17290,311,43,30.00,16.50,18.00,549.6,walk_forward
709,22.955,53.271,18.8,17718,79580,0,17679,13515,17293,307,43,30.00,16.50,18.00,550.9,walk_forward
710,23.008,56.805,17.6,17722,79783,0,17683,13519,17297,307,43,30.00,16.50,18.00,552.2,walk_forward
711,23.065,53.112,18.8,17727,79843,0,17688,13520,17302,307,43,30.00,16.50,18.00,553.6,walk_forward
712,23.118,51.301,19.5,17735,79911,0,17696,13526,17310,307,43,30.00,16.50,18.00,554.8,walk_forward
713,23.170,49.292,20.3,17733,79944,0,17694,13519,17308,307,43,30.00,16.50,18.00,556.1,walk_forward
714,23.219,58.643,17.1,17743,80151,0,17704,13521,17318,307,43,30.00,16.50,18.00,557.3,walk_forward
715,23.278,48.146,20.8,17762,80285,0,17723,13530,17337,307,43,30.00,16.50,18.00,558.7,walk_forward
716,23.326,47.689,21.0,17780,80385,0,17741,13533,17351,311,43,30.00,16.50,18.00,559.8,walk_forward
717,23.373,48.611,20.6,17797,80501,0,17758,13545,17368,311,43,30.00,16.50,18.00,561.0,walk_forward
718,23.422,58.312,17.1,17813,80747,0,17774,13553,17384,311,43,30.00,16.50,18.00,562.1,walk_forward
719,23.480,50.358,19.9,17866,81040,0,17827,13601,17441,307,43,30.00,16.50,18.00,563.5,walk_forward
720,23.531,48.018,20.8,17892,81197,0,17853,13616,17467,307,43,30.00,16.50,18.00,564.7,walk_forward
721,23.579,51.139,19.6,17934,81424,0,17895,13644,17505,311,43,30.00,16.50,18.00,565.9,walk_forward
722,23.630,60.377,16.6,17981,81795,0,17942,13686,17552,311,43,30.00,16.50,18.00,567.1,walk_forward
723,23.690,54.888,18.2,18024,82061,0,17985,13721,17595,311,43,30.00,16.50,18.00,568.6,walk_forward
724,23.745,53.385,18.7,18074,82335,0,18035,13765,17645,311,43,30.00,16.50,18.00,569.9,walk_forward
725,23.799,66.908,14.9,18117,82609,0,18078,13800,17688,311,43,30.00,16.50,18.00,571.2,walk_forward
726,23.866,91.029,11.0,18172,83031,0,18133,13840,17743,311,43,30.00,16.50,18.00,572.8,walk_forward
727,23.957,53.328,18.8,18266,83541,0,18227,13899,17833,315,43,30.00,16.50,18.00,575.0,walk_forward
728,24.010,59.068,16.9,18289,83754,0,18250,13933,17880,291,43,30.00,16.50,18.00,576.2,fly_high
729,24.069,63.538,15.7,18328,84106,0,18289,13956,17919,291,43,30.00,16.50,18.00,577.7,fly_high
730,24.133,53.905,18.6,18392,84485,0,18353,14007,17983,291,43,30.00,16.50,18.00,579.2,fly_high
731,24.186,51.388,19.5,18437,84746,0,18398,14034,18028,291,43,30.00,16.50,18.00,580.5,fly_high
732,24.238,51.591,19.4,18497,85034,0,18458,14055,18088,291,43,30.00,16.50,18.00,581.7,fly_high
733,24.289,64.758,15.4,18518,85233,0,18479,14050,18109,291,43,30.00,16.50,18.00,582.9,fly_high
734,24.354,52.359,19.1,18504,85172,0,18465,14007,18095,291,43,30.00,16.50,18.00,584.5,fly_high
735,24.407,58.476,17.1,18471,85020,0,18432,13954,18062,291,43,30.00,16.50,18.00,585.8,fly_high
736,24.465,50.909,19.6,18387,84637,0,18348,13854,17978,291,43,30.00,16.50,18.00,587.2,fly_high
737,24.516,62.953,15.9,18271,84186,0,18232,13732,17862,291,43,30.00,16.50,18.00,588.4,fly_high
738,24.579,51.882,19.3,18184,83866,0,18145,13642,17775,291,43,30.00,16.50,18.00,589.9,fly_high
739,24.631,51.456,19.4,18230,84182,0,18191,13674,17821,291,43,30.00,16.50,18.00,591.1,fly_high
740,24.682,53.716,18.6,18299,84610,0,18260,13727,17890,291,43,30.00,16.50,18.00,592.4,fly_high
741,24.736,66.577,15.0,18361,85074,0,18322,13769,17952,291,43,30.00,16.50,18.00,593.7,fly_high
742,24.803,52.347,19.1,18453,85652,0,18414,13844,18044,291,43,30.00,16.50,18.00,595.3,fly_high
743,24.855,54.801,18.2,18496,85993,0,18457,13888,18091,287,43,30.00,16.50,18.00,596.5,fly_high
744,24.910,52.086,19.2,18552,86393,0,18513,13944,18147,287,43,30.00,16.50,18.00,597.8,fly_high
745,24.962,65.375,15.3,18594,86781,0,18555,13987,18189,287,43,30.00,16.50,18.00,599.1,fly_high
746,25.027,52.837,18.9,18657,87244,0,18618,14053,18252,287,43,30.00,16.50,18.00,600.7,fly_high
747,25.080,56.359,17.7,18714,87649,0,18675,14110,18309,287,43,30.00,16.50,18.00,601.9,fly_high
748,25.137,56.997,17.5,18763,88009,0,18724,14157,18354,291,43,30.00,16.50,18.00,603.3,fly_high
749,25.194,69.093,14.5,18780,88287,0,18741,14175,18371,291,43,30.00,16.50,18.00,604.6,fly_high
750,25.263,58.682,17.0,18744,88266,0,18705,14139,18335,291,43,30.00,16.50,18.00,606.3,fly_high
751,25.321,62.018,16.1,18706,88188,0,18667,14104,18297,291,43,30.00,16.50,18.00,607.7,fly_high
752,25.383,55.867,17.9,18696,88283,0,18657,14095,18287,291,43,30.00,16.50,18.00,609.2,fly_high
753,25.439,63.312,15.8,18684,88404,0,18645,14085,18275,291,43,30.00,16.50,18.00,610.5,fly_high
754,25.503,57.176,17.5,18686,88532,0,18647,14084,18273,295,43,30.00,16.50,18.00,612.1,fly_high
755,25.560,52.037,19.2,18677,88607,0,18638,14075,18264,295,43,30.00,16.50,18.00,613.4,fly_high
756,25.612,56.423,17.7,18660,88631,0,18621,14059,18247,295,43,30.00,16.50,18.00,614.7,fly_high
757,25.668,67.900,14.7,18636,88692,0,18597,14040,18223,295,43,30.00,16.50,18.00,616.0,fly_high
758,25.736,56.908,17.6,18598,88641,0,18559,14003,18185,295,43,30.00,16.50,18.00,617.7,fly_high
759,25.793,52.795,18.9,18556,88548,0,18517,13961,18143,295,43,30.00,16.50,18.00,619.0,fly_high
760,25.846,51.922,19.3,18528,88524,0,18489,13932,18115,295,43,30.00,16.50,18.00,620.3,fly_high
761,25.898,62.914,15.9,18481,88430,0,18442,13888,18068,295,43,30.00,16.50,18.00,621.5,fly_high
762,25.961,52.726,19.0,18423,88280,0,18384,13836,18014,291,43,30.00,16.50,18.00,623.1,fly_high
763,26.013,51.338,19.5,18378,88162,0,18339,13793,17969,291,43,30.00,16.50,18.00,624.3,fly_high
764,26.065,57.190,17.5,18307,87913,0,18268,13729,17902,287,43,30.00,16.50,18.00,625.6,fly_high
765,26.122,62.286,16.1,18249,87771,0,18210,13674,17844,287,43,30.00,16.50,18.00,626.9,fly_high
766,26.184,51.233,19.5,18168,87464,0,18129,13591,17763,287,43,30.00,16.50,18.00,628.4,fly_high
767,26.236,50.852,19.7,18120,87368,0,18081,13550,17719,283,43,30.00,16.50,18.00,629.7,fly_high
768,26.286,62.317,16.0,18107,87377,0,18068,13532,17706,283,43,30.00,16.50,18.00,630.9,fly_high
769,26.349,74.882,13.4,18082,87379,0,18043,13508,17681,283,43,30.00,16.50,18.00,632.4,fly_high
770,26.424,62.310,16.0,18041,87243,0,18002,13464,17640,283,43,30.00,16.50,18.00,634.2,fly_high
771,26.486,56.427,17.7,17984,87015,0,17945,13410,17583,283,43,30.00,16.50,18.00,635.7,fly_high
772,26.542,47.536,21.0,17924,86744,0,17885,13344,17519,287,43,30.00,16.50,18.00,637.0,fly_high
773,26.590,59.853,16.7,17878,86549,0,17839,13301,17477,283,43,30.00,16.50,18.00,638.2,fly_high
774,26.650,49.556,20.2,17831,86346,0,17792,13250,17430,283,43,30.00,16.50,18.00,639.6,fly_high
775,26.699,49.557,20.2,17801,86202,0,17762,13217,17400,283,43,30.00,16.50,18.00,640.8,fly_high
776,26.749,49.573,20.2,17769,86076,0,17730,13184,17372,279,43,30.00,16.50,18.00,642.0,fly_high
777,26.799,59.087,16.9,17744,85955,0,17705,13153,17343,283,43,30.00,16.50,18.00,643.2,fly_high
778,26.858,51.420,19.4,17704,85759,0,17665,13108,17303,283,43,30.00,16.50,18.00,644.6,fly_high
779,26.909,53.184,18.8,17659,85534,0,17620,13060,17258,283,43,30.00,16.50,18.00,645.8,fly_high
780,26.962,56.903,17.6,17624,85353,0,17585,13022,17223,283,43,30.00,16.50,18.00,647.1,fly_high
781,27.019,61.883,16.2,17591,85188,0,17552,12986,17190,283,43,30.00,16.50,18.00,648.5,fly_high
782,27.081,52.922,18.9,17550,84978,0,17511,12940,17149,283,43,30.00,16.50,18.00,649.9,fly_high
783,27.134,50.561,19.8,17509,84765,0,17470,12897,17108,283,43,30.00,16.50,18.00,651.2,fly_high
784,27.185,52.106,19.2,17476,84604,0,17437,12862,17075,283,43,30.00,16.50,18.00,652.4,fly_high
785,27.237,72.004,13.9,17477,84629,0,17438,12859,17076,283,43,30.00,16.50,18.00,653.7,fly_high
786,27.309,59.351,16.8,17387,84141,0,17348,12767,16986,283,43,30.00,16.50,18.00,655.4,fly_high
787,27.368,51.595,19.4,17346,83922,0,17307,12724,16945,283,43,30.00,16.50,18.00,656.8,fly_high
788,27.420,45.896,21.8,17310,83735,0,17271,12684,16909,283,43,30.00,16.50,18.00,658.1,fly_high
789,27.466,54.838,18.2,17278,83568,0,17239,12651,16877,283,43,30.00,16.50,18.00,659.2,fly_high
790,27.520,56.417,17.7,17235,83339,0,17196,12606,16834,283,43,30.00,16.50,18.00,660.5,fly_high
791,27.577,44.799,22.3,17193,83115,0,17154,12562,16792,283,43,30.00,16.50,18.00,661.8,fly_high
792,27.622,43.809,22.8,17156,82931,0,17117,12526,16755,283,43,30.00,16.50,18.00,662.9,fly_high
793,27.666,56.214,17.8,17120,82735,0,17081,12488,16715,287,43,30.00,16.50,18.00,664.0,fly_high
794,27.722,66.283,15.1,17070,82466,0,17031,12440,16665,287,43,30.00,16.50,18.00,665.3,fly_high
795,27.788,55.940,17.9,17016,82239,0,16977,12397,16615,283,43,30.00,16.50,18.00,666.9,fly_high
796,27.844,54.021,18.5,16953,81898,0,16914,12338,16552,283,43,30.00,16.50,18.00,668.3,fly_high
797,27.898,61.280,16.3,16903,81644,0,16864,12299,16502,283,43,30.00,16.50,18.00,669.6,fly_high
798,27.959,62.746,15.9,16860,81414,0,16821,12257,16451,291,43,30.00,16.50,18.00,671.0,fly_high
799,28.022,44.494,22.5,16795,81064,0,16756,12200,16386,291,43,30.00,16.50,18.00,672.5,fly_high
800,28.067,44.997,22.2,16781,81008,0,16742,12188,16372,291,43,30.00,16.50,18.00,673.6,fly_high
801,28.112,42.509,23.5,16747,80843,0,16708,12163,16338,291,43,30.00,16.50,18.00,674.7,fly_high
802,28.154,42.294,23.6,16713,80681,0,16674,12137,16304,291,43,30.00,16.50,18.00,675.7,fly_high
803,28.196,52.779,18.9,16679,80528,0,16640,12116,16274,287,43,30.00,16.50,18.00,676.7,fly_high
804,28.249,42.705,23.4,16667,80465,0,16628,12106,16258,291,43,30.00,16.50,18.00,678.0,fly_high
805,28.292,41.881,23.9,16646,80358,0,16607,12091,16237,291,43,30.00,16.50,18.00,679.0,fly_high
806,28.334,42.611,23.5,16627,80283,0,16588,12077,16218,291,43,30.00,16.50,18.00,680.0,fly_high
807,28.376,42.293,23.6,16604,80169,0,16565,12061,16195,291,43,30.00,16.50,18.00,681.0,fly_high
808,28.419,51.927,19.3,16566,80004,0,16527,12034,16157,291,43,30.00,16.50,18.00,682.0,fly_high
809,28.471,41.629,24.0,16521,79802,0,16482,11997,16112,291,43,30.00,16.50,18.00,683.3,fly_high
810,28.512,42.219,23.7,16474,79589,0,16435,11963,16065,291,43,30.00,16.50,18.00,684.3,fly_high
811,28.555,44.119,22.7,16451,79521,0,16412,11964,16046,287,43,30.00,16.50,18.00,685.3,fly_high
812,28.599,41.012,24.4,16415,79362,0,16376,11943,16010,287,43,30.00,16.50,18.00,686.4,fly_high
813,28.640,49.946,20.0,16387,79225,0,16348,11924,15982,287,43,30.00,16.50,18.00,687.4,fly_high
814,28.690,53.128,18.8,16358,79101,0,16319,11910,15953,287,43,30.00,16.50,18.00,688.6,fly_high
815,28.743,51.685,19.3,16317,78889,0,16278,11888,15912,287,43,30.00,16.50,18.00,689.8,fly_high
816,28.795,51.349,19.5,16282,78749,0,16243,11864,15877,287,43,30.00,16.50,18.00,691.1,fly_high
817,28.846,57.287,17.5,16247,78586,0,16208,11844,15842,287,43,30.00,16.50,18.00,692.3,fly_high
818,28.903,38.714,25.8,16217,78449,0,16178,11818,15812,287,43,30.00,16.50,18.00,693.7,fly_high
819,28.942,38.396,26.0,16197,78362,0,16158,11805,15792,287,43,30.00,16.50,18.00,694.6,fly_high
820,28.980,38.671,25.9,16163,78225,0,16124,11792,15758,287,43,30.00,16.50,18.00,695.5,fly_high
821,29.019,47.386,21.1,16104,77978,0,16065,11759,15699,287,43,30.00,16.50,18.00,696.5,fly_high
822,29.066,58.974,17.0,16102,78006,0,16063,11774,15697,287,43,30.00,16.50,18.00,697.6,fly_high
823,29.125,45.343,22.1,16084,77969,0,16045,11779,15679,287,43,30.00,16.50,18.00,699.0,fly_high
824,29.171,42.655,23.4,16068,77934,0,16029,11787,15667,283,43,30.00,16.50,18.00,700.1,fly_high
825,29.213,37.438,26.7,16063,77937,0,16024,11798,15662,283,43,30.00,16.50,18.00,701.1,fly_high
826,29.251,37.139,26.9,16062,77955,0,16023,11811,15661,283,43,30.00,16.50,18.00,702.0,fly_high
827,29.288,46.390,21.6,16048,77910,0,16009,11813,15647,283,43,30.00,16.50,18.00,702.9,fly_high
828,29.334,38.462,26.0,16056,77997,0,16017,11835,15655,283,43,30.00,16.50,18.00,704.0,fly_high
829,29.373,39.392,25.4,16053,78019,0,16014,11851,15652,283,43,30.00,16.50,18.00,704.9,fly_high
830,29.412,40.389,24.8,16038,77996,0,15999,11858,15645,275,43,30.00,16.50,18.00,705.9,fly_high
831,29.453,38.703,25.8,16036,78029,0,15997,11875,15643,275,43,30.00,16.50,18.00,706.9,fly_high
832,29.491,48.040,20.8,16035,78056,0,15996,11891,15642,275,43,30.00,16.50,18.00,707.8,fly_high
833,29.539,40.003,25.0,16031,78055,0,15992,11906,15638,275,43,30.00,16.50,18.00,708.9,fly_high
834,29.579,39.395,25.4,16030,78076,0,15991,11913,15637,275,43,30.00,16.50,18.00,709.9,fly_high
835,29.619,37.868,26.4,16031,78085,0,15992,11918,15638,275,43,30.00,16.50,18.00,710.9,fly_high
836,29.657,39.289,25.5,16048,78183,0,16009,11936,15655,275,43,30.00,16.50,18.00,711.8,fly_high
837,29.696,53.453,18.7,16054,78182,0,16015,11940,15657,279,43,30.00,16.50,18.00,712.7,fly_high
838,29.749,42.627,23.5,16072,78247,0,16033,11953,15671,283,43,30.00,16.50,18.00,714.0,fly_high
839,29.792,38.444,26.0,16078,78300,0,16039,11958,15677,283,43,30.00,16.50,18.00,715.0,fly_high
840,29.831,37.612,26.6,16088,78344,0,16049,11965,15687,283,43,30.00,16.50,18.00,715.9,fly_high
841,29.868,38.107,26.2,16099,78397,0,16060,11971,15698,283,43,30.00,16.50,18.00,716.8,fly_high
842,29.906,47.034,21.3,16107,78433,0,16068,11981,15706,283,43,30.00,16.50,18.00,717.8,fly_high
843,29.953,37.586,26.6,16126,78524,0,16087,11993,15725,283,43,30.00,16.50,18.00,718.9,fly_high
844,29.991,38.130,26.2,16139,78603,0,16100,12005,15738,283,43,30.00,16.50,18.00,719.8,fly_high
845,30.029,38.492,26.0,16144,78588,0,16105,12003,15743,283,43,30.00,16.50,18.00,720.7,night
846,30.068,43.702,22.9,16161,78655,0,16122,12020,15760,283,43,30.00,16.50,18.00,721.6,night
847,30.111,56.292,17.8,16177,78725,0,16138,12035,15776,283,43,30.00,16.50,18.00,722.7,night
848,30.168,42.248,23.7,16190,78754,0,16151,12046,15793,279,43,30.00,16.50,18.00,724.0,night
849,30.210,36.122,27.7,16204,78778,0,16165,12056,15807,279,43,30.00,16.50,18.00,725.0,night
850,30.246,36.660,27.3,16211,78747,0,16172,12060,15814,279,43,30.00,16.50,18.00,725.9,night
851,30.283,36.959,27.1,16215,78733,0,16176,12063,15818,279,43,30.00,16.50,18.00,726.8,night
852,30.320,48.776,20.5,16242,78886,0,16203,12087,15845,279,43,30.00,16.50,18.00,727.7,night
853,30.368,41.702,24.0,16254,78879,0,16215,12098,15857,279,43,30.00,16.50,18.00,728.8,night
854,30.410,36.260,27.6,16269,78922,0,16230,12111,15872,279,43,30.00,16.50,18.00,729.8,night
855,30.446,37.535,26.6,16277,78914,0,16238,12119,15880,279,43,30.00,16.50,18.00,730.7,night
856,30.484,36.707,27.2,16291,78946,0,16252,12124,15890,283,43,30.00,16.50,18.00,731.6,night
857,30.521,45.028,22.2,16305,79094,0,16266,12135,15904,283,43,30.00,16.50,18.00,732.5,night
858,30.566,35.776,28.0,16325,79156,0,16286,12149,15920,287,43,30.00,16.50,18.00,733.6,night
859,30.601,38.284,26.1,16337,79191,0,16298,12157,15932,287,43,30.00,16.50,18.00,734.4,night
860,30.640,36.909,27.1,16345,79212,0,16306,12165,15944,283,43,30.00,16.50,18.00,735.4,night
861,30.677,43.799,22.8,16363,79286,0,16324,12179,15962,283,43,30.00,16.50,18.00,736.2,night
862,30.720,45.422,22.0,16388,79383,0,16349,12197,15987,283,43,30.00,16.50,18.00,737.3,night
863,30.766,45.586,21.9,16403,79535,0,16364,12208,16002,283,43,30.00,16.50,18.00,738.4,night
864,30.812,36.123,27.7,16430,79662,0,16391,12233,16029,283,43,30.00,16.50,18.00,739.5,night
865,30.848,35.957,27.8,16442,79686,0,16403,12235,16037,287,43,30.00,16.50,18.00,740.3,night
866,30.884,36.486,27.4,16464,79791,0,16425,12255,16059,287,43,30.00,16.50,18.00,741.2,night
867,30.920,36.937,27.1,16482,79868,0,16443,12269,16077,287,43,30.00,16.50,18.00,742.1,night
868,30.957,38.135,26.2,16500,79961,0,16461,12281,16095,287,43,30.00,16.50,18.00,743.0,night
869,30.995,45.976,21.8,16511,80032,0,16472,12290,16106,287,43,30.00,16.50,18.00,743.9,night
870,31.041,35.847,27.9,16537,80170,0,16498,12312,16132,287,43,30.00,16.50,18.00,745.0,night
871,31.077,35.626,28.1,16561,80268,0,16522,12328,16152,291,43,30.00,16.50,18.00,745.8,night
872,31.113,36.029,27.8,16576,80334,0,16537,12340,16167,291,43,30.00,16.50,18.00,746.7,night
873,31.149,36.576,27.3,16592,80385,0,16553,12351,16183,291,43,30.00,16.50,18.00,747.6,night
874,31.185,36.266,27.6,16617,80521,0,16578,12375,16208,291,43,30.00,16.50,18.00,748.4,night
875,31.222,45.001,22.2,16627,80587,0,16588,12380,16218,291,43,30.00,16.50,18.00,749.3,night
876,31.267,40.723,24.6,16648,80680,0,16609,12401,16239,291,43,30.00,16.50,18.00,750.4,night
877,31.307,45.144,22.2,16681,80870,0,16642,12429,16272,291,43,30.00,16.50,18.00,751.4,night
878,31.352,46.432,21.5,16698,80917,0,16659,12441,16289,291,43,30.00,16.50,18.00,752.5,night
879,31.399,41.542,24.1,16736,81117,0,16697,12477,16327,291,43,30.00,16.50,18.00,753.6,night
880,31.440,45.862,21.8,16757,81254,0,16718,12497,16348,291,43,30.00,16.50,18.00,754.6,night
881,31.486,35.163,28.4,16788,81400,0,16749,12525,16379,291,43,30.00,16.50,18.00,755.7,night
882,31.522,37.437,26.7,16826,81555,0,16787,12557,16413,295,43,30.00,16.50,18.00,756.5,night
883,31.559,42.819,23.4,16837,81629,0,16798,12570,16428,291,43,30.00,16.50,18.00,757.4,night
884,31.602,44.913,22.3,16873,81806,0,16834,12603,16464,291,43,30.00,16.50,18.00,758.4,night
885,31.647,52.649,19.0,16915,82047,0,16876,12643,16506,291,43,30.00,16.50,18.00,759.5,night
886,31.699,37.014,27.0,16942,82173,0,16903,12670,16533,291,43,30.00,16.50,18.00,760.8,night
887,31.736,34.392,29.1,16974,82335,0,16935,12701,16565,291,43,30.00,16.50,18.00,761.7,night
888,31.771,38.579,25.9,17001,82469,0,16962,12727,16592,291,43,30.00,16.50,18.00,762.5,night
889,31.809,38.928,25.7,17027,82595,0,16988,12752,16618,291,43,30.00,16.50,18.00,763.4,night
890,31.848,47.062,21.2,17055,82767,0,17016,12779,16646,291,43,30.00,16.50,18.00,764.4,night
891,31.895,37.909,26.4,17092,82951,0,17053,12815,16683,291,43,30.00,16.50,18.00,765.5,night
892,31.933,48.858,20.5,17117,83067,0,17078,12840,16708,291,43,30.00,16.50,18.00,766.4,night
893,31.982,44.351,22.5,17157,83282,0,17118,12880,16748,291,43,30.00,16.50,18.00,767.6,night
894,32.027,35.502,28.2,17183,83395,0,17144,12904,16774,291,43,30.00,16.50,18.00,768.6,night
895,32.062,44.237,22.6,17220,83613,0,17181,12941,16811,291,43,30.00,16.50,18.00,769.5,night
896,32.106,36.641,27.3,17246,83758,0,17207,12971,16841,287,43,30.00,16.50,18.00,770.6,night
897,32.143,46.992,21.3,17267,83878,0,17228,12996,16866,283,43,30.00,16.50,18.00,771.4,night
898,32.190,46.453,21.5,17292,83983,0,17253,13019,16891,283,43,30.00,16.50,18.00,772.6,night
899,32.236,37.192,26.9,17324,84161,0,17285,13055,16927,279,43,30.00,16.50,18.00,773.7,night
900,32.274,48.255,20.7,17359,84381,0,17320,13094,16966,275,43,30.00,16.50,18.00,774.6,night
901,32.322,35.864,27.9,17399,84590,0,17360,13134,17006,275,43,30.00,16.50,18.00,775.7,night
902,32.358,47.470,21.1,17421,84697,0,17382,13156,17028,275,43,30.00,16.50,18.00,776.6,night
903,32.405,45.030,22.2,17457,84895,0,17418,13192,17064,275,43,30.00,16.50,18.00,777.7,night
904,32.450,44.499,22.5,17500,85110,0,17461,13235,17107,275,43,30.00,16.50,18.00,778.8,night
905,32.495,45.705,21.9,17544,85338,0,17505,13278,17151,275,43,30.00,16.50,18.00,779.9,night
906,32.541,39.695,25.2,17573,85489,0,17534,13307,17180,275,43,30.00,16.50,18.00,781.0,night
907,32.580,40.699,24.6,17607,85653,0,17568,13337,17210,279,43,30.00,16.50,18.00,781.9,night
908,32.621,45.134,22.2,17635,85808,0,17596,13369,17242,275,43,30.00,16.50,18.00,782.9,night
909,32.666,36.600,27.3,17668,85979,0,17629,13402,17275,275,43,30.00,16.50,18.00,784.0,night
910,32.703,46.116,21.7,17687,86077,0,17648,13421,17294,275,43,30.00,16.50,18.00,784.9,night
911,32.749,36.443,27.4,17715,86181,0,17676,13445,17318,279,43,30.00,16.50,18.00,786.0,night
912,32.785,37.095,27.0,17706,86159,0,17667,13435,17309,279,43,30.00,16.50,18.00,786.8,night
913,32.822,35.480,28.2,17741,86346,0,17702,13470,17344,279,43,30.00,16.50,18.00,787.7,night
914,32.858,35.269,28.4,17752,86380,0,17713,13477,17351,283,43,30.00,16.50,18.00,788.6,night
915,32.893,43.886,22.8,17765,86451,0,17726,13490,17364,283,43,30.00,16.50,18.00,789.4,night
916,32.937,68.546,14.6,17779,86516,0,17740,13505,17378,283,43,30.00,16.50,18.00,790.5,night
917,33.006,44.461,22.5,17815,86700,0,17776,13538,17410,287,43,30.00,16.50,18.00,792.1,night
918,33.050,45.186,22.1,17824,86736,0,17785,13547,17419,287,43,30.00,16.50,18.00,793.2,night
919,33.095,43.215,23.1,17854,86886,0,17815,13573,17445,291,43,30.00,16.50,18.00,794.3,night
920,33.138,45.165,22.1,17870,86963,0,17831,13589,17461,291,43,30.00,16.50,18.00,795.3,night
921,33.184,36.704,27.2,17889,87062,0,17850,13609,17480,291,43,30.00,16.50,18.00,796.4,night
922,33.220,36.912,27.1,17901,87128,0,17862,13621,17492,291,43,30.00,16.50,18.00,797.3,night
923,33.257,37.593,26.6,17921,87228,0,17882,13641,17512,291,43,30.00,16.50,18.00,798.2,night
924,33.295,36.853,27.1,17934,87298,0,17895,13656,17525,291,43,30.00,16.50,18.00,799.1,night
925,33.332,36.982,27.0,17962,87447,0,17923,13684,17553,291,43,30.00,16.50,18.00,800.0,night
926,33.369,45.154,22.1,17980,87532,0,17941,13703,17571,291,43,30.00,16.50,18.00,800.8,night
927,33.414,36.712,27.2,18004,87657,0,17965,13729,17595,291,43,30.00,16.50,18.00,801.9,night
928,33.451,37.252,26.8,18018,87732,0,17979,13745,17609,291,43,30.00,16.50,18.00,802.8,night
929,33.488,37.843,26.4,18028,87802,0,17989,13757,17619,291,43,30.00,16.50,18.00,803.7,night
930,33.526,38.012,26.3,18052,87918,0,18013,13783,17643,291,43,30.00,16.50,18.00,804.6,night
931,33.564,39.046,25.6,18079,88070,0,18040,13812,17670,291,43,30.00,16.50,18.00,805.5,night
932,33.603,46.152,21.7,18071,88018,0,18032,13807,17662,291,43,30.00,16.50,18.00,806.5,night
933,33.649,37.278,26.8,18086,88108,0,18047,13821,17673,295,43,30.00,16.50,18.00,807.6,night
934,33.686,38.746,25.8,18084,88086,0,18045,13819,17671,295,43,30.00,16.50,18.00,808.5,night
935,33.725,37.271,26.8,18093,88162,0,18054,13829,17680,295,43,30.00,16.50,18.00,809.4,night
936,33.762,36.357,27.5,18079,88102,0,18040,13820,17670,291,43,30.00,16.50,18.00,810.3,night
937,33.799,43.601,22.9,18073,88042,0,18034,13814,17664,291,43,30.00,16.50,18.00,811.2,night
938,33.842,47.449,21.1,18049,87963,0,18010,13801,17640,291,43,30.00,16.50,18.00,812.2,night
939,33.890,36.337,27.5,18024,87837,0,17985,13781,17615,291,43,30.00,16.50,18.00,813.4,night
940,33.926,42.334,23.6,18024,87853,0,17985,13782,17615,291,43,30.00,16.50,18.00,814.2,night
941,33.968,35.484,28.2,17994,87702,0,17955,13754,17585,291,43,30.00,16.50,18.00,815.2,night
942,34.004,35.867,27.9,17976,87629,0,17937,13742,17571,287,43,30.00,16.50,18.00,816.1,night
943,34.040,36.163,27.7,17941,87484,0,17902,13714,17540,283,43,30.00,16.50,18.00,817.0,night
944,34.076,43.518,23.0,17914,87350,0,17875,13691,17513,283,43,30.00,16.50,18.00,817.8,night
945,34.120,40.014,25.0,17883,87212,0,17844,13665,17482,283,43,30.00,16.50,18.00,818.9,night
946,34.160,36.400,27.5,17847,87037,0,17808,13634,17446,283,43,30.00,16.50,18.00,819.8,night
947,34.196,36.963,27.1,17823,86928,0,17784,13612,17422,283,43,30.00,16.50,18.00,820.7,night
948,34.233,37.078,27.0,17792,86779,0,17753,13584,17391,283,43,30.00,16.50,18.00,821.6,night
949,34.270,35.350,28.3,17760,86639,0,17721,13560,17359,283,43,30.00,16.50,18.00,822.5,night
950,34.305,43.459,23.0,17737,86533,0,17698,13540,17336,283,43,30.00,16.50,18.00,823.3,night
951,34.349,35.852,27.9,17706,86382,0,17667,13512,17301,287,43,30.00,16.50,18.00,824.4,night
952,34.385,36.903,27.1,17682,86267,0,17643,13490,17277,287,43,30.00,16.50,18.00,825.2,night
953,34.422,37.508,26.7,17659,86162,0,17620,13474,17254,287,43,30.00,16.50,18.00,826.1,night
954,34.459,36.549,27.4,17651,86132,0,17612,13470,17246,287,43,30.00,16.50,18.00,827.0,night
955,34.496,38.403,26.0,17644,86113,0,17605,13467,17239,287,43,30.00,16.50,18.00,827.9,night
956,34.534,44.751,22.3,17621,86007,0,17582,13450,17216,287,43,30.00,16.50,18.00,828.8,night
957,34.579,36.983,27.0,17607,85939,0,17568,13441,17202,287,43,30.00,16.50,18.00,829.9,night
958,34.616,36.632,27.3,17598,85891,0,17559,13435,17193,287,43,30.00,16.50,18.00,830.8,night
959,34.652,36.674,27.3,17588,85834,0,17549,13433,17183,287,43,30.00,16.50,18.00,831.7,night
960,34.689,37.721,26.5,17581,85793,0,17542,13429,17176,287,43,30.00,16.50,18.00,832.5,night
961,34.727,36.463,27.4,17563,85666,0,17524,13417,17162,283,43,30.00,16.50,18.00,833.4,night
962,34.763,45.367,22.0,17619,85906,0,17580,13476,17218,283,43,30.00,16.50,18.00,834.3,night
963,34.809,37.606,26.6,17655,86040,0,17616,13508,17250,287,43,30.00,16.50,18.00,835.4,night
964,34.846,36.630,27.3,17667,86060,0,17628,13531,17270,279,43,30.00,16.50,18.00,836.3,night
965,34.883,36.510,27.4,17707,86174,0,17668,13566,17306,283,43,30.00,16.50,18.00,837.2,night
966,34.920,37.186,26.9,17708,86115,0,17669,13572,17307,283,43,30.00,16.50,18.00,838.1,night
967,34.957,36.617,27.3,17711,86045,0,17672,13569,17310,283,43,30.00,16.50,18.00,839.0,night
968,34.993,44.047,22.7,17746,86153,0,17707,13597,17345,283,43,30.00,16.50,18.00,839.8,night
969,35.037,36.659,27.3,17704,85843,0,17665,13563,17303,283,43,30.00,16.50,18.00,840.9,night
970,35.074,50.313,19.9,17664,85580,0,17625,13526,17263,283,43,30.00,16.50,18.00,841.8,night
971,35.124,53.172,18.8,17595,85117,0,17556,13458,17190,287,43,30.00,16.50,18.00,843.0,night
972,35.178,48.602,20.6,17547,84769,0,17508,13408,17139,287,43,30.00,16.50,18.00,844.3,night
973,35.226,53.326,18.8,17487,84371,0,17448,13351,17079,287,43,30.00,16.50,18.00,845.4,night
974,35.280,36.875,27.1,17432,83978,0,17393,13293,17020,291,43,30.00,16.50,18.00,846.7,night
975,35.316,35.972,27.8,17383,83667,0,17344,13247,16971,291,43,30.00,16.50,18.00,847.6,night
976,35.352,36.641,27.3,17335,83348,0,17296,13201,16923,291,43,30.00,16.50,18.00,848.5,night
977,35.389,37.607,26.6,17291,83066,0,17252,13162,16883,287,43,30.00,16.50,18.00,849.3,night
978,35.427,44.960,22.2,17247,82773,0,17208,13120,16839,287,43,30.00,16.50,18.00,850.2,night
979,35.472,44.395,22.5,17197,82419,0,17158,13067,16785,291,43,30.00,16.50,18.00,851.3,night
980,35.516,45.372,22.0,17136,82032,0,17097,13008,16724,291,43,30.00,16.50,18.00,852.4,night
981,35.561,46.704,21.4,17087,81687,0,17048,12958,16675,291,43,30.00,16.50,18.00,853.5,night
982,35.608,40.297,24.8,17050,81409,0,17011,12921,16638,291,43,30.00,16.50,18.00,854.6,night
983,35.648,44.985,22.2,17063,81390,0,17024,12934,16651,291,43,30.00,16.50,18.00,855.6,night
984,35.693,36.972,27.0,17083,81397,0,17044,12952,16671,291,43,30.00,16.50,18.00,856.6,night
985,35.730,35.866,27.9,17089,81354,0,17050,12957,16677,291,43,30.00,16.50,18.00,857.5,night
986,35.766,36.993,27.0,17088,81289,0,17049,12960,16680,287,43,30.00,16.50,18.00,858.4,night
987,35.803,37.320,26.8,17095,81242,0,17056,12964,16687,287,43,30.00,16.50,18.00,859.3,night
988,35.841,37.947,26.4,17082,81105,0,17043,12951,16674,287,43,30.00,16.50,18.00,860.2,night
989,35.879,46.382,21.6,17080,81016,0,17041,12948,16672,287,43,30.00,16.50,18.00,861.1,night
990,35.925,37.419,26.7,17067,80851,0,17028,12934,16659,287,43,30.00,16.50,18.00,862.2,night
991,35.962,38.428,26.0,17072,80792,0,17033,12937,16664,287,43,30.00,16.50,18.00,863.1,night
992,36.001,31.739,31.5,14316,63092,0,14277,10135,13908,287,43,30.00,16.50,18.00,864.0,birdseye
993,36.033,31.688,31.6,14320,63100,0,14281,10135,13908,291,43,30.00,16.50,18.00,864.8,birdseye
994,36.064,35.037,28.5,14320,63100,0,14281,10135,13908,291,43,30.00,16.50,18.00,865.5,birdseye
995,36.099,41.262,24.2,14320,63100,0,14281,10135,13908,291,43,30.00,16.50,18.00,866.4,birdseye
996,36.141,37.610,26.6,14320,63100,0,14281,10135,13908,291,43,30.00,16.50,18.00,867.4,birdseye
997,36.178,37.784,26.5,14316,63092,0,14277,10135,13908,287,43,30.00,16.50,18.00,868.3,birdseye
998,36.216,39.527,25.3,14316,63092,0,14277,10135,13908,287,43,30.00,16.50,18.00,869.2,birdseye
999,36.256,39.856,25.1,14316,63092,0,14277,10135,13908,287,43,30.00,16.50,18.00,870.1,birdseye
1000,36.295,37.817,26.4,14316,63092,0,14277,10135,13908,287,43,30.00,16.50,18.00,871.1,birdseye
1001,36.333,39.732,25.2,14316,63092,0,14277,10135,13908,287,43,30.00,16.50,18.00,872.0,birdseye
1002,36.373,32.414,30.9,14316,63092,0,14277,10135,13908,287,43,30.00,16.50,18.00,873.0,birdseye
1003,36.405,31.951,31.3,14316,63092,0,14277,10135,13908,287,43,30.00,16.50,18.00,873.7,birdseye
1004,36.437,32.658,30.6,14320,63100,0,14281,10135,13908,291,43,30.00,16.50,18.00,874.5,birdseye
1005,36.470,31.591,31.7,14320,63100,0,14281,10135,13908,291,43,30.00,16.50,18.00,875.3,birdseye
1006,36.502,33.552,29.8,14320,63100,0,14281,10135,13908,291,43,30.00,16.50,18.00,876.0,birdseye
1007,36.535,41.111,24.3,14320,63100,0,14281,10135,13908,291,43,30.00,16.50,18.00,876.8,birdseye
1008,36.576,32.476,30.8,14320,63100,0,14281,10135,13908,291,43,30.00,16.50,18.00,877.8,birdseye
1009,36.609,33.163,30.2,14324,63108,0,14285,10135,13908,295,43,30.00,16.50,18.00,878.6,birdseye
1010,36.642,33.430,29.9,14324,63108,0,14285,10135,13908,295,43,30.00,16.50,18.00,879.4,birdseye
1011,36.675,33.908,29.5,14324,63108,0,14285,10135,13908,295,43,30.00,16.50,18.00,880.2,birdseye
1012,36.709,33.673,29.7,14324,63108,0,14285,10135,13908,295,43,30.00,16.50,18.00,881.0,birdseye
1013,36.743,42.341,23.6,14324,63108,0,14285,10135,13908,295,43,30.00,16.50,18.00,881.8,birdseye
1014,36.785,32.900,30.4,14324,63108,0,14285,10135,13908,295,43,30.00,16.50,18.00,882.8,birdseye
1015,36.818,34.941,28.6,14324,63108,0,14285,10135,13908,295,43,30.00,16.50,18.00,883.6,birdseye
1016,36.853,33.426,29.9,14324,63108,0,14285,10135,13908,295,43,30.00,16.50,18.00,884.5,birdseye
1017,36.887,33.270,30.1,14324,63108,0,14285,10135,13908,295,43,30.00,16.50,18.00,885.3,birdseye
1018,36.920,35.073,28.5,14324,63108,0,14285,10135,13908,295,43,30.00,16.50,18.00,886.1,birdseye
1019,36.955,46.699,21.4,14324,63108,0,14285,10135,13908,295,43,30.00,16.50,18.00,886.9,birdseye
1020,37.002,38.702,25.8,14324,63108,0,14285,10135,13908,295,43,30.00,16.50,18.00,888.0,birdseye
1021,37.040,40.542,24.7,14324,63108,0,14285,10135,13908,295,43,30.00,16.50,18.00,889.0,birdseye
1022,37.081,40.054,25.0,14324,63108,0,14285,10135,13908,295,43,30.00,16.50,18.00,889.9,birdseye
1023,37.121,33.415,29.9,14324,63108,0,14285,10135,13908,295,43,30.00,16.50,18.00,890.9,birdseye
1024,37.155,35.453,28.2,14324,63108,0,14285,10135,13908,295,43,30.00,16.50,18.00,891.7,birdseye
1025,37.190,44.847,22.3,14324,63108,0,14285,10135,13908,295,43,30.00,16.50,18.00,892.6,birdseye
1026,37.235,33.313,30.0,14324,63108,0,14285,10135,13908,295,43,30.00,16.50,18.00,893.6,birdseye
1027,37.268,37.353,26.8,14324,63108,0,14285,10135,13908,295,43,30.00,16.50,18.00,894.4,birdseye
1028,37.306,33.179,30.1,14324,63108,0,14285,10135,13908,295,43,30.00,16.50,18.00,895.3,birdseye
1029,37.339,33.013,30.3,14324,63108,0,14285,10135,13908,295,43,30.00,16.50,18.00,896.1,birdseye
1030,37.372,33.443,29.9,14324,63108,0,14285,10135,13908,295,43,30.00,16.50,18.00,896.9,birdseye
1031,37.405,47.166,21.2,14324,63108,0,14285,10135,13908,295,43,30.00,16.50,18.00,897.7,birdseye
1032,37.452,41.494,24.1,14324,63108,0,14285,10135,13908,295,43,30.00,16.50,18.00,898.9,birdseye
1033,37.494,40.862,24.5,14324,63108,0,14285,10135,13908,295,43,30.00,16.50,18.00,899.9,birdseye
1034,37.535,32.028,31.2,14324,63108,0,14285,10135,13908,295,43,30.00,16.50,18.00,900.8,birdseye
1035,37.567,37.281,26.8,14324,63108,0,14285,10135,13908,295,43,30.00,16.50,18.00,901.6,birdseye
1036,37.604,34.764,28.8,14324,63108,0,14285,10135,13908,295,43,30.00,16.50,18.00,902.5,birdseye
1037,37.639,41.017,24.4,14324,63108,0,14285,10135,13908,295,43,30.00,16.50,18.00,903.3,birdseye
1038,37.680,32.761,30.5,14324,63108,0,14285,10135,13908,295,43,30.00,16.50,18.00,904.3,birdseye
1039,37.713,34.279,29.2,14324,63108,0,14285,10135,13908,295,43,30.00,16.50,18.00,905.1,birdseye
1040,37.747,33.040,30.3,14324,63108,0,14285,10135,13908,295,43,30.00,16.50,18.00,905.9,birdseye
1041,37.780,32.233,31.0,14324,63108,0,14285,10135,13908,295,43,30.00,16.50,18.00,906.7,birdseye
1042,37.812,38.541,25.9,14324,63108,0,14285,10135,13908,295,43,30.00,16.50,18.00,907.5,birdseye
1043,37.851,69.869,14.3,14324,63108,0,14285,10135,13908,295,43,30.00,16.50,18.00,908.4,birdseye
1044,37.921,36.285,27.6,14324,63108,0,14285,10135,13908,295,43,30.00,16.50,18.00,910.1,birdseye
1045,37.957,44.606,22.4,14324,63108,0,14285,10135,13908,295,43,30.00,16.50,18.00,911.0,birdseye
1046,38.002,40.699,24.6,14324,63108,0,14285,10135,13908,295,43,30.00,16.50,18.00,912.0,birdseye
1047,38.042,37.712,26.5,14328,63116,0,14289,10135,13908,299,43,30.00,16.50,18.00,913.0,birdseye
1048,38.080,48.782,20.5,14328,63116,0,14289,10135,13908,299,43,30.00,16.50,18.00,913.9,birdseye
1049,38.129,35.632,28.1,14328,63116,0,14289,10135,13908,299,43,30.00,16.50,18.00,915.1,birdseye
1050,38.164,38.134,26.2,14328,63116,0,14289,10135,13908,299,43,30.00,16.50,18.00,915.9,birdseye
1051,38.203,34.803,28.7,14320,63100,0,14281,10135,13908,291,43,30.00,16.50,18.00,916.9,birdseye
1052,38.237,34.140,29.3,14320,63100,0,14281,10135,13908,291,43,30.00,16.50,18.00,917.7,birdseye
1053,38.272,34.937,28.6,14320,63100,0,14281,10135,13908,291,43,30.00,16.50,18.00,918.5,birdseye
1054,38.306,43.762,22.9,14320,63100,0,14281,10135,13908,291,43,30.00,16.50,18.00,919.4,birdseye
1055,38.350,34.115,29.3,14320,63100,0,14281,10135,13908,291,43,30.00,16.50,18.00,920.4,birdseye
1056,38.384,35.128,28.5,14320,63100,0,14281,10135,13908,291,43,30.00,16.50,18.00,921.2,birdseye
1057,38.420,33.915,29.5,14320,63100,0,14281,10135,13908,291,43,30.00,16.50,18.00,922.1,birdseye
1058,38.453,33.634,29.7,14320,63100,0,14281,10135,13908,291,43,30.00,16.50,18.00,922.9,birdseye
1059,38.487,34.704,28.8,14320,63100,0,14281,10135,13908,291,43,30.00,16.50,18.00,923.7,birdseye
1060,38.522,41.717,24.0,14320,63100,0,14281,10135,13908,291,43,30.00,16.50,18.00,924.5,birdseye
1061,38.564,32.434,30.8,14316,63092,0,14277,10135,13908,287,43,30.00,16.50,18.00,925.5,birdseye
1062,38.596,32.660,30.6,14316,63092,0,14277,10135,13908,287,43,30.00,16.50,18.00,926.3,birdseye
1063,38.629,33.902,29.5,14309,63078,0,14270,10135,13908,280,43,30.00,16.50,18.00,927.1,birdseye
1064,38.663,33.880,29.5,14309,63078,0,14270,10135,13908,280,43,30.00,16.50,18.00,927.9,birdseye
1065,38.696,35.477,28.2,14309,63078,0,14270,10135,13908,280,43,30.00,16.50,18.00,928.7,birdseye
1066,38.732,51.014,19.6,14309,63078,0,14270,10135,13908,280,43,30.00,16.50,18.00,929.6,birdseye
1067,38.783,41.052,24.4,14309,63078,0,14270,10135,13908,280,43,30.00,16.50,18.00,930.8,birdseye
1068,38.824,41.094,24.3,14309,63078,0,14270,10135,13908,280,43,30.00,16.50,18.00,931.8,birdseye
1069,38.865,33.234,30.1,14309,63078,0,14270,10135,13908,280,43,30.00,16.50,18.00,932.8,birdseye
1070,38.898,36.642,27.3,14317,63094,0,14278,10135,13908,288,43,30.00,16.50,18.00,933.6,birdseye
1071,38.935,44.277,22.6,14313,63086,0,14274,10135,13908,284,43,30.00,16.50,18.00,934.4,birdseye
1072,38.979,31.769,31.5,14313,63086,0,14274,10135,13908,284,43,30.00,16.50,18.00,935.5,birdseye
1073,39.011,31.142,32.1,14313,63086,0,14274,10135,13908,284,43,30.00,16.50,18.00,936.3,birdseye
1074,39.042,33.442,29.9,14313,63086,0,14274,10135,13908,284,43,30.00,16.50,18.00,937.0,birdseye
1075,39.076,33.139,30.2,14313,63086,0,14274,10135,13908,284,43,30.00,16.50,18.00,937.8,birdseye
1076,39.109,33.000,30.3,14313,63086,0,14274,10135,13908,284,43,30.00,16.50,18.00,938.6,birdseye
1077,39.142,41.311,24.2,14313,63086,0,14274,10135,13908,284,43,30.00,16.50,18.00,939.4,birdseye
1078,39.183,32.527,30.7,14313,63086,0,14274,10135,13908,284,43,30.00,16.50,18.00,940.4,birdseye
1079,39.216,32.114,31.1,14313,63086,0,14274,10135,13908,284,43,30.00,16.50,18.00,941.2,birdseye
1080,39.248,32.547,30.7,14317,63094,0,14278,10135,13908,288,43,30.00,16.50,18.00,941.9,birdseye
1081,39.280,32.322,30.9,14317,63094,0,14278,10135,13908,288,43,30.00,16.50,18.00,942.7,birdseye
1082,39.313,32.739,30.5,14317,63094,0,14278,10135,13908,288,43,30.00,16.50,18.00,943.5,birdseye
1083,39.345,54.541,18.3,14317,63094,0,14278,10135,13908,288,43,30.00,16.50,18.00,944.3,birdseye
1084,39.400,38.630,25.9,14317,63094,0,14278,10135,13908,288,43,30.00,16.50,18.00,945.6,birdseye
1085,39.439,42.867,23.3,14317,63094,0,14278,10135,13908,288,43,30.00,16.50,18.00,946.5,birdseye
1086,39.482,41.034,24.4,14317,63094,0,14278,10135,13908,288,43,30.00,16.50,18.00,947.6,birdseye
1087,39.523,33.089,30.2,14321,63102,0,14282,10135,13908,292,43,30.00,16.50,18.00,948.5,birdseye
1088,39.556,42.886,23.3,14321,63102,0,14282,10135,13908,292,43,30.00,16.50,18.00,949.3,birdseye
1089,39.599,32.709,30.6,14321,63102,0,14282,10135,13908,292,43,30.00,16.50,18.00,950.4,birdseye
1090,39.631,35.771,28.0,14321,63102,0,14282,10135,13908,292,43,30.00,16.50,18.00,951.2,birdseye
1091,39.667,33.221,30.1,14321,63102,0,14282,10135,13908,292,43,30.00,16.50,18.00,952.0,birdseye
1092,39.700,38.352,26.1,14321,63102,0,14282,10135,13908,292,43,30.00,16.50,18.00,952.8,birdseye
1093,39.739,41.083,24.3,14321,63102,0,14282,10135,13908,292,43,30.00,16.50,18.00,953.7,birdseye
1094,39.780,50.410,19.8,14321,63102,0,14282,10135,13908,292,43,30.00,16.50,18.00,954.7,birdseye
1095,39.830,40.043,25.0,14321,63102,0,14282,10135,13908,292,43,30.00,16.50,18.00,955.9,birdseye
1096,39.870,39.117,25.6,14321,63102,0,14282,10135,13908,292,43,30.00,16.50,18.00,956.9,birdseye
1097,39.909,30.898,32.4,14321,63102,0,14282,10135,13908,292,43,30.00,16.50,18.00,957.8,birdseye
1098,39.940,31.689,31.6,14321,63102,0,14282,10135,13908,292,43,30.00,16.50,18.00,958.6,birdseye
1099,39.972,30.898,32.4,14321,63102,0,14282,10135,13908,292,43,30.00,16.50,18.00,959.3,birdseye
1100,40.003,41.241,24.2,14321,63102,0,14282,10135,13908,292,43,30.00,16.50,18.00,960.1,birdseye
