frame,t,ms,fps,draws,uniforms,lookups,vao,tex,dcTerrain,dcObjects,dcHUD,camx,camy,camz,yaw,phase,msTerrain,msObjects,msHUD,msSwap,colTested,colCulledDist,blkTested,blkAir,blkOccluded,blkFrustum,blkDrawn,dcBlocks,dcTrees,dcTorches,dcRuins,nTrees,nTorch,msTopScan
1,0.000,43.654,22.9,83067,206529,206529,83028,12331,82584,376,43,3.03,30.26,7.13,-90.0,idle_spawn,37.067,0.211,0.108,0.283,32761,20666,162146,76018,36219,36551,13358,13358,65423,142,364,55,71,0.031
2,0.044,42.989,23.3,83093,206645,206645,83054,12346,82610,376,43,3.03,29.99,7.13,-90.0,idle_spawn,42.126,0.210,0.088,0.391,32761,20666,162146,76018,36219,36525,13384,13384,65423,142,364,55,71,0.027
3,0.087,33.150,30.2,83410,208247,208247,83371,12665,82927,376,43,3.03,29.70,7.13,-90.0,idle_spawn,32.259,0.121,0.087,0.300,32761,20666,162146,76018,36219,36208,13701,13701,65423,142,364,55,71,0.026
4,0.120,34.870,28.7,83452,208457,208457,83413,12707,82969,376,43,3.03,29.45,7.13,-90.0,idle_spawn,34.013,0.129,0.090,0.287,32761,20666,162146,76018,36219,36166,13743,13743,65423,142,364,55,71,0.031
5,0.155,43.049,23.2,83469,208537,208537,83430,12722,82986,376,43,3.03,29.18,7.13,-90.0,idle_spawn,42.220,0.223,0.080,0.279,32761,20666,162146,76018,36219,36149,13760,13760,65423,142,364,55,71,0.029
6,0.198,44.203,22.6,83773,210058,210058,83734,13021,83290,376,43,3.03,28.81,7.13,-90.0,idle_spawn,43.325,0.184,0.091,0.339,32761,20666,162146,76018,36219,35845,14064,14064,65423,142,364,55,71,0.026
7,0.242,40.884,24.5,83825,210288,210288,83786,13046,83342,376,43,3.03,28.41,7.13,-90.0,idle_spawn,38.110,0.202,0.152,0.244,32761,20666,162146,76018,36219,35793,14116,14116,65423,142,364,55,71,0.029
8,0.283,42.343,23.6,84006,211185,211185,83967,13222,83523,376,43,3.03,28.01,7.13,-90.0,idle_spawn,41.397,0.238,0.109,0.392,32761,20666,162146,76018,36219,35612,14297,14297,65423,142,364,55,71,0.020
9,0.325,40.889,24.5,84132,211814,211814,84093,13350,83649,376,43,3.03,27.56,7.13,-90.0,idle_spawn,40.000,0.137,0.091,0.298,32761,20666,162146,76018,36219,35486,14423,14423,65423,142,364,55,71,0.028
10,0.366,42.139,23.7,84285,212586,212586,84246,13501,83802,376,43,3.03,27.11,7.13,-90.0,idle_spawn,41.387,0.126,0.089,0.304,32761,20666,162146,76018,36219,35333,14576,14576,65423,142,364,55,71,0.036
11,0.408,40.570,24.6,84410,213210,213210,84371,13628,83927,376,43,3.03,26.62,7.13,-90.0,idle_spawn,39.806,0.126,0.106,0.273,32761,20666,162146,76018,36219,35208,14701,14701,65423,142,364,55,71,0.018
12,0.449,42.796,23.4,84665,214496,214496,84626,13882,84182,376,43,3.03,26.12,7.13,-90.0,idle_spawn,39.600,0.135,0.096,0.279,32761,20666,162146,76018,36219,34953,14956,14956,65423,142,364,55,71,0.024
13,0.492,40.059,25.0,84692,214620,214620,84653,13910,84209,376,43,3.03,25.57,7.13,-90.0,idle_spawn,39.362,0.123,0.082,0.260,32761,20666,162146,76018,36219,34926,14983,14983,65423,142,364,55,71,0.023
14,0.532,40.773,24.5,84839,215369,215369,84800,14059,84356,376,43,3.03,25.33,7.13,-90.0,idle_spawn,39.944,0.123,0.083,0.322,32761,20666,162146,76018,36219,34779,15130,15130,65423,142,364,55,71,0.023
15,0.573,40.773,24.5,84839,215369,215369,84800,14059,84356,376,43,3.03,25.33,7.13,-90.0,idle_spawn,39.928,0.128,0.092,0.270,32761,20666,162146,76018,36219,34779,15130,15130,65423,142,364,55,71,0.028
16,0.613,40.781,24.5,84839,215369,215369,84800,14059,84356,376,43,3.03,25.33,7.13,-90.0,idle_spawn,40.073,0.121,0.086,0.254,32761,20666,162146,76018,36219,34779,15130,15130,65423,142,364,55,71,0.024
17,0.654,43.757,22.9,84839,215369,215369,84800,14059,84356,376,43,3.03,25.33,7.13,-90.0,idle_spawn,40.090,0.126,0.116,0.277,32761,20666,162146,76018,36219,34779,15130,15130,65423,142,364,55,71,0.033
18,0.698,40.593,24.6,84839,215369,215369,84800,14059,84356,376,43,3.03,25.33,7.13,-90.0,idle_spawn,39.847,0.124,0.083,0.259,32761,20666,162146,76018,36219,34779,15130,15130,65423,142,364,55,71,0.031
19,0.738,41.255,24.2,84839,215369,215369,84800,14059,84356,376,43,3.03,25.33,7.13,-90.0,idle_spawn,40.443,0.128,0.085,0.254,32761,20666,162146,76018,36219,34779,15130,15130,65423,142,364,55,71,0.023
20,0.780,41.076,24.3,84839,215369,215369,84800,14059,84356,376,43,3.03,25.33,7.13,-90.0,idle_spawn,40.186,0.133,0.088,0.258,32761,20666,162146,76018,36219,34779,15130,15130,65423,142,364,55,71,0.028
21,0.821,40.432,24.7,84839,215369,215369,84800,14059,84356,376,43,3.03,25.33,7.13,-90.0,idle_spawn,39.636,0.129,0.083,0.258,32761,20666,162146,76018,36219,34779,15130,15130,65423,142,364,55,71,0.024
22,0.861,43.071,23.2,84839,215369,215369,84800,14059,84356,376,43,3.03,25.33,7.13,-90.0,idle_spawn,40.296,0.126,0.105,0.263,32761,20666,162146,76018,36219,34779,15130,15130,65423,142,364,55,71,0.033
23,0.904,40.253,24.8,84839,215369,215369,84800,14059,84356,376,43,3.03,25.33,7.13,-90.0,idle_spawn,39.409,0.125,0.098,0.258,32761,20666,162146,76018,36219,34779,15130,15130,65423,142,364,55,71,0.024
24,0.945,41.431,24.1,84839,215369,215369,84800,14059,84356,376,43,3.03,25.33,7.13,-90.0,idle_spawn,40.581,0.122,0.087,0.254,32761,20666,162146,76018,36219,34779,15130,15130,65423,142,364,55,71,0.024
25,0.986,41.873,23.9,84839,215369,215369,84800,14059,84356,376,43,3.03,25.33,7.13,-90.0,idle_spawn,41.100,0.126,0.091,0.259,32761,20666,162146,76018,36219,34779,15130,15130,65423,142,364,55,71,0.033
26,1.028,40.922,24.4,84839,215369,215369,84800,14059,84356,376,43,3.03,25.33,7.13,-90.0,idle_spawn,39.925,0.125,0.090,0.312,32761,20666,162146,76018,36219,34779,15130,15130,65423,142,364,55,71,0.025
27,1.069,41.323,24.2,84839,215369,215369,84800,14059,84356,376,43,3.03,25.33,7.13,-90.0,idle_spawn,38.607,0.126,0.078,0.249,32761,20666,162146,76018,36219,34779,15130,15130,65423,142,364,55,71,0.020
28,1.110,40.231,24.9,84839,215369,215369,84800,14059,84356,376,43,3.03,25.33,7.13,-90.0,idle_spawn,39.335,0.124,0.081,0.264,32761,20666,162146,76018,36219,34779,15130,15130,65423,142,364,55,71,0.031
29,1.150,39.762,25.1,84839,215369,215369,84800,14059,84356,376,43,3.03,25.33,7.13,-90.0,idle_spawn,38.929,0.130,0.089,0.257,32761,20666,162146,76018,36219,34779,15130,15130,65423,142,364,55,71,0.022
30,1.190,40.559,24.7,84839,215369,215369,84800,14059,84356,376,43,3.03,25.33,7.13,-90.0,idle_spawn,39.734,0.135,0.125,0.256,32761,20666,162146,76018,36219,34779,15130,15130,65423,142,364,55,71,0.038
31,1.231,48.200,20.7,84839,215369,215369,84800,14059,84356,376,43,3.03,25.33,7.13,-90.0,idle_spawn,47.331,0.127,0.086,0.261,32761,20666,162146,76018,36219,34779,15130,15130,65423,142,364,55,71,0.021
32,1.279,41.533,24.1,84839,215369,215369,84800,14059,84356,376,43,3.03,25.33,7.13,-90.0,idle_spawn,38.889,0.123,0.086,0.260,32761,20666,162146,76018,36219,34779,15130,15130,65423,142,364,55,71,0.017
33,1.321,42.505,23.5,84839,215369,215369,84800,14059,84356,376,43,3.03,25.33,7.13,-90.0,idle_spawn,40.866,0.122,0.087,0.719,32761,20666,162146,76018,36219,34779,15130,15130,65423,142,364,55,71,0.022
34,1.363,41.336,24.2,84839,215369,215369,84800,14059,84356,376,43,3.03,25.33,7.13,-90.0,idle_spawn,40.623,0.128,0.080,0.255,32761,20666,162146,76018,36219,34779,15130,15130,65423,142,364,55,71,0.025
35,1.404,40.422,24.7,84839,215369,215369,84800,14059,84356,376,43,3.03,25.33,7.13,-90.0,idle_spawn,39.619,0.130,0.084,0.258,32761,20666,162146,76018,36219,34779,15130,15130,65423,142,364,55,71,0.023
36,1.445,41.063,24.4,84839,215369,215369,84800,14059,84356,376,43,3.03,25.33,7.13,-90.0,idle_spawn,40.299,0.135,0.088,0.255,32761,20666,162146,76018,36219,34779,15130,15130,65423,142,364,55,71,0.030
37,1.486,42.601,23.5,84839,215369,215369,84800,14059,84356,376,43,3.03,25.33,7.13,-90.0,idle_spawn,39.880,0.122,0.094,0.311,32761,20666,162146,76018,36219,34779,15130,15130,65423,142,364,55,71,0.019
38,1.529,40.932,24.4,84839,215369,215369,84800,14059,84356,376,43,3.03,25.33,7.13,-90.0,idle_spawn,40.053,0.127,0.100,0.312,32761,20666,162146,76018,36219,34779,15130,15130,65423,142,364,55,71,0.033
39,1.569,40.390,24.8,84839,215369,215369,84800,14059,84356,376,43,3.03,25.33,7.13,-90.0,idle_spawn,39.646,0.136,0.087,0.255,32761,20666,162146,76018,36219,34779,15130,15130,65423,142,364,55,71,0.029
40,1.610,47.525,21.0,84839,215369,215369,84800,14059,84356,376,43,3.03,25.33,7.13,-90.0,idle_spawn,46.701,0.126,0.098,0.254,32761,20666,162146,76018,36219,34779,15130,15130,65423,142,364,55,71,0.020
41,1.657,46.745,21.4,84839,215369,215369,84800,14059,84356,376,43,3.03,25.33,7.13,-90.0,idle_spawn,46.035,0.122,0.085,0.251,32761,20666,162146,76018,36219,34779,15130,15130,65423,142,364,55,71,0.035
42,1.704,41.788,23.9,84839,215369,215369,84800,14059,84356,376,43,3.03,25.33,7.13,-90.0,idle_spawn,39.192,0.125,0.083,0.244,32761,20666,162146,76018,36219,34779,15130,15130,65423,142,364,55,71,0.025
43,1.746,40.606,24.6,84839,215369,215369,84800,14059,84356,376,43,3.03,25.33,7.13,-90.0,idle_spawn,39.827,0.127,0.085,0.268,32761,20666,162146,76018,36219,34779,15130,15130,65423,142,364,55,71,0.034
44,1.787,42.442,23.6,84839,215369,215369,84800,14059,84356,376,43,3.03,25.33,7.13,-90.0,idle_spawn,41.638,0.140,0.096,0.322,32761,20666,162146,76018,36219,34779,15130,15130,65423,142,364,55,71,0.023
45,1.829,40.207,24.9,84839,215369,215369,84800,14059,84356,376,43,3.03,25.33,7.13,-90.0,idle_spawn,39.432,0.124,0.086,0.252,32761,20666,162146,76018,36219,34779,15130,15130,65423,142,364,55,71,0.024
46,1.869,42.666,23.4,84839,215369,215369,84800,14059,84356,376,43,3.03,25.33,7.13,-90.0,idle_spawn,41.936,0.127,0.086,0.247,32761,20666,162146,76018,36219,34779,15130,15130,65423,142,364,55,71,0.036
47,1.912,44.158,22.6,84839,215369,215369,84800,14059,84356,376,43,3.03,25.33,7.13,-90.0,idle_spawn,41.528,0.123,0.084,0.257,32761,20666,162146,76018,36219,34779,15130,15130,65423,142,364,55,71,0.035
48,1.956,52.785,18.9,84839,215369,215369,84800,14059,84356,376,43,3.03,25.33,7.13,-90.0,idle_spawn,52.066,0.129,0.089,0.251,32761,20666,162146,76018,36219,34779,15130,15130,65423,142,364,55,71,0.021
49,2.009,47.399,21.1,84839,215369,215369,84800,14059,84356,376,43,3.03,25.33,7.13,-90.0,idle_spawn,46.594,0.121,0.085,0.290,32761,20666,162146,76018,36219,34779,15130,15130,65423,142,364,55,71,0.023
50,2.056,40.333,24.8,84839,215369,215369,84800,14059,84356,376,43,3.03,25.33,7.13,-90.0,idle_spawn,39.363,0.125,0.094,0.290,32761,20666,162146,76018,36219,34779,15130,15130,65423,142,364,55,71,0.027
51,2.097,42.022,23.8,84839,215369,215369,84800,14059,84356,376,43,3.03,25.33,7.13,-90.0,idle_spawn,40.972,0.124,0.105,0.245,32761,20666,162146,76018,36219,34779,15130,15130,65423,142,364,55,71,0.029
52,2.139,48.120,20.8,84839,215369,215369,84800,14059,84356,376,43,3.03,25.33,7.13,-90.0,idle_spawn,45.408,0.127,0.091,0.247,32761,20666,162146,76018,36219,34779,15130,15130,65423,142,364,55,71,0.020
53,2.187,40.024,25.0,84839,215369,215369,84800,14059,84356,376,43,3.03,25.33,7.13,-90.0,idle_spawn,39.133,0.133,0.106,0.335,32761,20666,162146,76018,36219,34779,15130,15130,65423,142,364,55,71,0.030
54,2.227,41.194,24.3,84839,215369,215369,84800,14059,84356,376,43,3.03,25.33,7.13,-90.0,idle_spawn,40.358,0.124,0.092,0.262,32761,20666,162146,76018,36219,34779,15130,15130,65423,142,364,55,71,0.037
55,2.268,41.323,24.2,84839,215369,215369,84800,14059,84356,376,43,3.03,25.33,7.13,-90.0,idle_spawn,40.527,0.125,0.083,0.268,32761,20666,162146,76018,36219,34779,15130,15130,65423,142,364,55,71,0.026
56,2.309,40.399,24.8,84839,215369,215369,84800,14059,84356,376,43,3.03,25.33,7.13,-90.0,idle_spawn,39.721,0.139,0.084,0.256,32761,20666,162146,76018,36219,34779,15130,15130,65423,142,364,55,71,0.029
57,2.350,43.116,23.2,84839,215369,215369,84800,14059,84356,376,43,3.03,25.33,7.13,-90.0,idle_spawn,39.981,0.126,0.125,0.298,32761,20666,162146,76018,36219,34779,15130,15130,65423,142,364,55,71,0.024
58,2.393,41.061,24.4,84839,215369,215369,84800,14059,84356,376,43,3.03,25.33,7.13,-90.0,idle_spawn,40.262,0.129,0.088,0.263,32761,20666,162146,76018,36219,34779,15130,15130,65423,142,364,55,71,0.022
59,2.434,41.517,24.1,84839,215369,215369,84800,14059,84356,376,43,3.03,25.33,7.13,-90.0,idle_spawn,40.663,0.128,0.097,0.282,32761,20666,162146,76018,36219,34779,15130,15130,65423,142,364,55,71,0.024
60,2.476,40.696,24.6,84839,215369,215369,84800,14059,84356,376,43,3.03,25.33,7.13,-90.0,idle_spawn,39.932,0.125,0.084,0.296,32761,20666,162146,76018,36219,34779,15130,15130,65423,142,364,55,71,0.028
61,2.516,39.973,25.0,84839,215369,215369,84800,14059,84356,376,43,3.03,25.33,7.13,-90.0,idle_spawn,39.240,0.127,0.083,0.254,32761,20666,162146,76018,36219,34779,15130,15130,65423,142,364,55,71,0.028
62,2.556,42.299,23.6,84839,215369,215369,84800,14059,84356,376,43,3.03,25.33,7.13,-90.0,idle_spawn,39.530,0.197,0.124,0.323,32761,20666,162146,76018,36219,34779,15130,15130,65423,142,364,55,71,0.042
63,2.599,42.083,23.8,84839,215369,215369,84800,14059,84356,376,43,3.03,25.33,7.13,-90.0,idle_spawn,41.369,0.133,0.097,0.260,32761,20666,162146,76018,36219,34779,15130,15130,65423,142,364,55,71,0.024
64,2.641,46.967,21.3,84839,215369,215369,84800,14059,84356,376,43,3.03,25.33,7.13,-90.0,idle_spawn,46.244,0.127,0.105,0.268,32761,20666,162146,76018,36219,34779,15130,15130,65423,142,364,55,71,0.026
65,2.688,40.190,24.9,84839,215369,215369,84800,14059,84356,376,43,3.03,25.33,7.13,-90.0,idle_spawn,39.449,0.140,0.089,0.277,32761,20666,162146,76018,36219,34779,15130,15130,65423,142,364,55,71,0.017
66,2.728,43.336,23.1,84839,215369,215369,84800,14059,84356,376,43,3.03,25.33,7.13,-90.0,idle_spawn,42.622,0.128,0.105,0.251,32761,20666,162146,76018,36219,34779,15130,15130,65423,142,364,55,71,0.030
67,2.771,43.860,22.8,84839,215369,215369,84800,14059,84356,376,43,3.03,25.33,7.13,-90.0,idle_spawn,41.167,0.218,0.111,0.249,32761,20666,162146,76018,36219,34779,15130,15130,65423,142,364,55,71,0.026
68,2.815,42.053,23.8,84839,215369,215369,84800,14059,84356,376,43,3.03,25.33,7.13,-90.0,idle_spawn,41.324,0.127,0.087,0.277,32761,20666,162146,76018,36219,34779,15130,15130,65423,142,364,55,71,0.030
69,2.857,40.003,25.0,84839,215369,215369,84800,14059,84356,376,43,3.03,25.33,7.13,-90.0,idle_spawn,39.258,0.128,0.090,0.297,32761,20666,162146,76018,36219,34779,15130,15130,65423,142,364,55,71,0.025
70,2.897,40.786,24.5,84839,215369,215369,84800,14059,84356,376,43,3.03,25.33,7.13,-90.0,idle_spawn,40.055,0.129,0.087,0.257,32761,20666,162146,76018,36219,34779,15130,15130,65423,142,364,55,71,0.022
71,2.938,45.042,22.2,84839,215369,215369,84800,14059,84356,376,43,3.03,25.33,7.13,-90.0,idle_spawn,44.335,0.127,0.089,0.253,32761,20666,162146,76018,36219,34779,15130,15130,65423,142,364,55,71,0.041
72,2.983,43.123,23.2,84839,215369,215369,84800,14059,84356,376,43,3.03,25.33,7.13,-90.0,idle_spawn,40.390,0.138,0.107,0.312,32761,20666,162146,76018,36219,34779,15130,15130,65423,142,364,55,71,0.024
73,3.026,41.228,24.3,84839,215369,215369,84800,14059,84356,376,43,3.03,25.33,7.13,-90.0,idle_spawn,40.396,0.143,0.088,0.326,32761,20666,162146,76018,36219,34779,15130,15130,65423,142,364,55,71,0.020
74,3.067,44.272,22.6,84839,215369,215369,84800,14059,84356,376,43,3.03,25.33,7.13,-90.0,idle_spawn,43.556,0.126,0.092,0.249,32761,20666,162146,76018,36219,34779,15130,15130,65423,142,364,55,71,0.029
75,3.112,40.409,24.7,84839,215369,215369,84800,14059,84356,376,43,3.03,25.33,7.13,-90.0,idle_spawn,39.703,0.126,0.082,0.256,32761,20666,162146,76018,36219,34779,15130,15130,65423,142,364,55,71,0.023
76,3.152,40.668,24.6,84839,215369,215369,84800,14059,84356,376,43,3.03,25.33,7.13,-90.0,idle_spawn,39.932,0.139,0.086,0.267,32761,20666,162146,76018,36219,34779,15130,15130,65423,142,364,55,71,0.040
77,3.193,41.346,24.2,84839,215369,215369,84800,14059,84356,376,43,3.03,25.33,7.13,-90.0,idle_spawn,38.747,0.123,0.084,0.247,32761,20666,162146,76018,36219,34779,15130,15130,65423,142,364,55,71,0.031
78,3.234,40.881,24.5,84839,215369,215369,84800,14059,84356,376,43,3.03,25.33,7.13,-90.0,idle_spawn,40.144,0.132,0.105,0.264,32761,20666,162146,76018,36219,34779,15130,15130,65423,142,364,55,71,0.036
79,3.275,40.942,24.4,84839,215369,215369,84800,14059,84356,376,43,3.03,25.33,7.13,-90.0,idle_spawn,40.215,0.125,0.081,0.275,32761,20666,162146,76018,36219,34779,15130,15130,65423,142,364,55,71,0.031
80,3.316,40.697,24.6,84839,215369,215369,84800,14059,84356,376,43,3.03,25.33,7.13,-90.0,idle_spawn,39.584,0.132,0.093,0.620,32761,20666,162146,76018,36219,34779,15130,15130,65423,142,364,55,71,0.023
81,3.357,41.123,24.3,84839,215369,215369,84800,14059,84356,376,43,3.03,25.33,7.13,-90.0,idle_spawn,40.401,0.131,0.087,0.252,32761,20666,162146,76018,36219,34779,15130,15130,65423,142,364,55,71,0.018
82,3.398,42.220,23.7,84839,215369,215369,84800,14059,84356,376,43,3.03,25.33,7.13,-90.0,idle_spawn,39.571,0.127,0.097,0.255,32761,20666,162146,76018,36219,34779,15130,15130,65423,142,364,55,71,0.022
83,3.440,41.014,24.4,84839,215369,215369,84800,14059,84356,376,43,3.03,25.33,7.13,-90.0,idle_spawn,40.280,0.132,0.087,0.297,32761,20666,162146,76018,36219,34779,15130,15130,65423,142,364,55,71,0.019
84,3.481,42.382,23.6,84839,215369,215369,84800,14059,84356,376,43,3.03,25.33,7.13,-90.0,idle_spawn,41.629,0.142,0.087,0.292,32761,20666,162146,76018,36219,34779,15130,15130,65423,142,364,55,71,0.024
85,3.524,40.437,24.7,84839,215369,215369,84800,14059,84356,376,43,3.03,25.33,7.13,-90.0,idle_spawn,39.601,0.137,0.093,0.353,32761,20666,162146,76018,36219,34779,15130,15130,65423,142,364,55,71,0.010
86,3.564,42.260,23.7,84839,215369,215369,84800,14059,84356,376,43,3.03,25.33,7.13,-90.0,idle_spawn,41.063,0.156,0.097,0.698,32761,20666,162146,76018,36219,34779,15130,15130,65423,142,364,55,71,0.024
87,3.606,45.118,22.2,84839,215369,215369,84800,14059,84356,376,43,3.03,25.33,7.13,-90.0,idle_spawn,42.234,0.139,0.086,0.271,32761,20666,162146,76018,36219,34779,15130,15130,65423,142,364,55,71,0.021
88,3.651,50.942,19.6,84839,215369,215369,84800,14059,84356,376,43,3.03,25.33,7.13,-90.0,idle_spawn,50.257,0.135,0.091,0.254,32761,20666,162146,76018,36219,34779,15130,15130,65423,142,364,55,71,0.032
89,3.702,45.941,21.8,84835,215361,215361,84796,14059,84356,372,43,3.03,25.33,7.13,-90.0,idle_spawn,45.201,0.123,0.107,0.247,32761,20666,162146,76018,36219,34779,15130,15130,65423,142,364,55,71,0.023
90,3.748,46.070,21.7,84835,215361,215361,84796,14059,84356,372,43,3.03,25.33,7.13,-90.0,idle_spawn,45.305,0.140,0.097,0.271,32761,20666,162146,76018,36219,34779,15130,15130,65423,142,364,55,71,0.035
91,3.794,48.917,20.4,84839,215369,215369,84800,14059,84356,376,43,3.03,25.33,7.13,-90.0,idle_spawn,48.117,0.129,0.092,0.268,32761,20666,162146,76018,36219,34779,15130,15130,65423,142,364,55,71,0.018
92,3.843,49.822,20.1,84839,215369,215369,84800,14059,84356,376,43,3.03,25.33,7.13,-90.0,idle_spawn,47.452,0.126,0.087,0.248,32761,20666,162146,76018,36219,34779,15130,15130,65423,142,364,55,71,0.021
93,3.893,45.923,21.8,84839,215369,215369,84800,14059,84356,376,43,3.03,25.33,7.13,-90.0,idle_spawn,45.107,0.127,0.086,0.258,32761,20666,162146,76018,36219,34779,15130,15130,65423,142,364,55,71,0.027
94,3.939,42.301,23.6,84839,215369,215369,84800,14059,84356,376,43,3.03,25.33,7.13,-90.0,idle_spawn,41.613,0.126,0.086,0.262,32761,20666,162146,76018,36219,34779,15130,15130,65423,142,364,55,71,0.024
95,3.981,43.957,22.7,84839,215369,215369,84800,14059,84356,376,43,3.03,25.33,7.13,-90.0,idle_spawn,43.241,0.127,0.082,0.295,32761,20666,162146,76018,36219,34779,15130,15130,65423,142,364,55,71,0.029
96,4.025,40.558,24.7,84839,215369,215369,84800,14059,84356,376,43,3.03,25.33,7.13,-90.0,idle_spawn,39.795,0.134,0.090,0.254,32761,20666,162146,76018,36219,34779,15130,15130,65423,142,364,55,71,0.021
97,4.066,41.453,24.1,84839,215369,215369,84800,14059,84356,376,43,3.03,25.33,7.13,-90.0,idle_spawn,38.737,0.127,0.083,0.256,32761,20666,162146,76018,36219,34779,15130,15130,65423,142,364,55,71,0.019
98,4.107,41.754,23.9,84839,215369,215369,84800,14059,84356,376,43,3.03,25.33,7.13,-90.0,idle_spawn,40.926,0.133,0.101,0.261,32761,20666,162146,76018,36219,34779,15130,15130,65423,142,364,55,71,0.038
99,4.149,40.441,24.7,84839,215369,215369,84800,14059,84356,376,43,3.03,25.33,7.13,-90.0,idle_spawn,39.592,0.134,0.087,0.346,32761,20666,162146,76018,36219,34779,15130,15130,65423,142,364,55,71,0.019
100,4.190,57.369,17.4,84839,215369,215369,84800,14059,84356,376,43,3.03,25.33,7.13,-90.0,idle_spawn,56.295,0.230,0.142,0.433,32761,20666,162146,76018,36219,34779,15130,15130,65423,142,364,55,71,0.039
101,4.247,41.631,24.0,84839,215369,215369,84800,14059,84356,376,43,3.03,25.33,7.13,-90.0,idle_spawn,40.800,0.168,0.104,0.272,32761,20666,162146,76018,36219,34779,15130,15130,65423,142,364,55,71,0.037
102,4.289,43.102,23.2,84839,215369,215369,84800,14059,84356,376,43,3.03,25.33,7.13,-90.0,idle_spawn,40.243,0.129,0.095,0.289,32761,20666,162146,76018,36219,34779,15130,15130,65423,142,364,55,71,0.019
103,4.332,46.181,21.7,84839,215369,215369,84800,14059,84356,376,43,3.03,25.33,7.13,-90.0,idle_spawn,45.358,0.143,0.089,0.268,32761,20666,162146,76018,36219,34779,15130,15130,65423,142,364,55,71,0.028
104,4.378,41.613,24.0,84839,215369,215369,84800,14059,84356,376,43,3.03,25.33,7.13,-90.0,idle_spawn,40.806,0.128,0.089,0.266,32761,20666,162146,76018,36219,34779,15130,15130,65423,142,364,55,71,0.025
105,4.420,40.872,24.5,84839,215369,215369,84800,14059,84356,376,43,3.03,25.33,7.13,-90.0,idle_spawn,40.117,0.129,0.087,0.278,32761,20666,162146,76018,36219,34779,15130,15130,65423,142,364,55,71,0.022
106,4.460,44.609,22.4,84839,215369,215369,84800,14059,84356,376,43,3.03,25.33,7.13,-90.0,idle_spawn,43.812,0.132,0.091,0.314,32761,20666,162146,76018,36219,34779,15130,15130,65423,142,364,55,71,0.023
107,4.505,42.411,23.6,84839,215369,215369,84800,14059,84356,376,43,3.03,25.33,7.13,-90.0,idle_spawn,39.606,0.129,0.084,0.274,32761,20666,162146,76018,36219,34779,15130,15130,65423,142,364,55,71,0.019
108,4.547,40.496,24.7,84839,215369,215369,84800,14059,84356,376,43,3.03,25.33,7.13,-90.0,idle_spawn,39.769,0.144,0.084,0.265,32761,20666,162146,76018,36219,34779,15130,15130,65423,142,364,55,71,0.027
109,4.588,45.620,21.9,84839,215369,215369,84800,14059,84356,376,43,3.03,25.33,7.13,-90.0,idle_spawn,44.919,0.130,0.080,0.257,32761,20666,162146,76018,36219,34779,15130,15130,65423,142,364,55,71,0.032
110,4.634,40.825,24.5,84839,215369,215369,84800,14059,84356,376,43,3.03,25.33,7.13,-90.0,idle_spawn,40.161,0.124,0.086,0.264,32761,20666,162146,76018,36219,34779,15130,15130,65423,142,364,55,71,0.026
111,4.674,40.421,24.7,84839,215369,215369,84800,14059,84356,376,43,3.03,25.33,7.13,-90.0,idle_spawn,39.698,0.140,0.105,0.273,32761,20666,162146,76018,36219,34779,15130,15130,65423,142,364,55,71,0.030
112,4.715,41.272,24.2,84839,215369,215369,84800,14059,84356,376,43,3.03,25.33,7.13,-90.0,idle_spawn,38.576,0.123,0.087,0.261,32761,20666,162146,76018,36219,34779,15130,15130,65423,142,364,55,71,0.021
113,4.756,40.859,24.5,84839,215369,215369,84800,14059,84356,376,43,3.03,25.33,7.13,-90.0,idle_spawn,40.148,0.127,0.090,0.267,32761,20666,162146,76018,36219,34779,15130,15130,65423,142,364,55,71,0.030
114,4.797,41.381,24.2,84839,215369,215369,84800,14059,84356,376,43,3.03,25.33,7.13,-90.0,idle_spawn,40.682,0.128,0.087,0.285,32761,20666,162146,76018,36219,34779,15130,15130,65423,142,364,55,71,0.035
115,4.838,40.815,24.5,84839,215369,215369,84800,14059,84356,376,43,3.03,25.33,7.13,-90.0,idle_spawn,40.087,0.141,0.090,0.277,32761,20666,162146,76018,36219,34779,15130,15130,65423,142,364,55,71,0.029
116,4.879,44.790,22.3,84839,215369,215369,84800,14059,84356,376,43,3.03,25.33,7.13,-90.0,idle_spawn,44.065,0.139,0.088,0.277,32761,20666,162146,76018,36219,34779,15130,15130,65423,142,364,55,71,0.034
117,4.924,46.290,21.6,84839,215369,215369,84800,14059,84356,376,43,3.03,25.33,7.13,-90.0,idle_spawn,43.650,0.183,0.086,0.275,32761,20666,162146,76018,36219,34779,15130,15130,65423,142,364,55,71,0.034
118,4.970,41.917,23.9,84839,215369,215369,84800,14059,84356,376,43,3.03,25.33,7.13,-90.0,idle_spawn,41.154,0.129,0.096,0.306,32761,20666,162146,76018,36219,34779,15130,15130,65423,142,364,55,71,0.027
119,5.012,43.511,23.0,84839,215369,215369,84800,14059,84356,376,43,3.03,25.33,7.13,-90.0,idle_spawn,42.799,0.146,0.092,0.264,32761,20666,162146,76018,36219,34779,15130,15130,65423,142,364,55,71,0.024
120,5.056,40.368,24.8,84839,215369,215369,84800,14059,84356,376,43,3.03,25.33,7.13,-90.0,idle_spawn,39.600,0.128,0.085,0.357,32761,20666,162146,76018,36219,34779,15130,15130,65423,142,364,55,71,0.027
121,5.096,40.242,24.8,84839,215369,215369,84800,14059,84356,376,43,3.03,25.33,7.13,-90.0,idle_spawn,39.473,0.126,0.110,0.296,32761,20666,162146,76018,36219,34779,15130,15130,65423,142,364,55,71,0.028
122,5.136,42.694,23.4,84839,215369,215369,84800,14059,84356,376,43,3.03,25.33,7.13,-90.0,idle_spawn,40.025,0.124,0.084,0.260,32761,20666,162146,76018,36219,34779,15130,15130,65423,142,364,55,71,0.021
123,5.179,48.358,20.7,84839,215369,215369,84800,14059,84356,376,43,3.03,25.33,7.13,-90.0,idle_spawn,47.467,0.136,0.098,0.437,32761,20666,162146,76018,36219,34779,15130,15130,65423,142,364,55,71,0.029
124,5.228,44.943,22.3,84839,215369,215369,84800,14059,84356,376,43,3.03,25.33,7.13,-90.0,idle_spawn,44.169,0.127,0.086,0.283,32761,20666,162146,76018,36219,34779,15130,15130,65423,142,364,55,71,0.019
125,5.273,42.476,23.5,84839,215369,215369,84800,14059,84356,376,43,3.03,25.33,7.13,-90.0,idle_spawn,41.819,0.121,0.081,0.246,32761,20666,162146,76018,36219,34779,15130,15130,65423,142,364,55,71,0.027
126,5.315,40.459,24.7,84839,215369,215369,84800,14059,84356,376,43,3.03,25.33,7.13,-90.0,idle_spawn,39.657,0.131,0.095,0.268,32761,20666,162146,76018,36219,34779,15130,15130,65423,142,364,55,71,0.022
127,5.355,42.531,23.5,84839,215369,215369,84800,14059,84356,376,43,3.03,25.33,7.13,-90.0,idle_spawn,39.733,0.130,0.087,0.272,32761,20666,162146,76018,36219,34779,15130,15130,65423,142,364,55,71,0.041
128,5.398,41.359,24.2,84839,215369,215369,84800,14059,84356,376,43,3.03,25.33,7.13,-90.0,idle_spawn,40.684,0.125,0.082,0.251,32761,20666,162146,76018,36219,34779,15130,15130,65423,142,364,55,71,0.027
129,5.439,39.925,25.0,84839,215369,215369,84800,14059,84356,376,43,3.03,25.33,7.13,-90.0,idle_spawn,39.206,0.128,0.083,0.305,32761,20666,162146,76018,36219,34779,15130,15130,65423,142,364,55,71,0.026
130,5.479,40.583,24.6,84839,215369,215369,84800,14059,84356,376,43,3.03,25.33,7.13,-90.0,idle_spawn,39.830,0.125,0.084,0.251,32761,20666,162146,76018,36219,34779,15130,15130,65423,142,364,55,71,0.027
131,5.520,40.686,24.6,84839,215369,215369,84800,14059,84356,376,43,3.03,25.33,7.13,-90.0,idle_spawn,39.855,0.124,0.083,0.279,32761,20666,162146,76018,36219,34779,15130,15130,65423,142,364,55,71,0.024
132,5.561,43.655,22.9,84839,215369,215369,84800,14059,84356,376,43,3.03,25.33,7.13,-90.0,idle_spawn,40.686,0.132,0.086,0.362,32761,20666,162146,76018,36219,34779,15130,15130,65423,142,364,55,71,0.022
133,5.604,41.631,24.0,84839,215369,215369,84800,14059,84356,376,43,3.03,25.33,7.13,-90.0,idle_spawn,40.671,0.230,0.186,0.267,32761,20666,162146,76018,36219,34779,15130,15130,65423,142,364,55,71,0.027
134,5.646,40.542,24.7,84839,215369,215369,84800,14059,84356,376,43,3.03,25.33,7.13,-90.0,idle_spawn,39.840,0.125,0.083,0.262,32761,20666,162146,76018,36219,34779,15130,15130,65423,142,364,55,71,0.025
135,5.686,42.836,23.3,84839,215369,215369,84800,14059,84356,376,43,3.03,25.33,7.13,-90.0,idle_spawn,42.118,0.131,0.084,0.281,32761,20666,162146,76018,36219,34779,15130,15130,65423,142,364,55,71,0.045
136,5.729,40.790,24.5,84839,215369,215369,84800,14059,84356,376,43,3.03,25.33,7.13,-90.0,idle_spawn,39.925,0.126,0.082,0.257,32761,20666,162146,76018,36219,34779,15130,15130,65423,142,364,55,71,0.029
137,5.770,45.000,22.2,84839,215369,215369,84800,14059,84356,376,43,3.03,25.33,7.13,-90.0,idle_spawn,42.066,0.124,0.090,0.252,32761,20666,162146,76018,36219,34779,15130,15130,65423,142,364,55,71,0.033
138,5.815,40.966,24.4,84839,215369,215369,84800,14059,84356,376,43,3.03,25.33,7.13,-90.0,idle_spawn,40.202,0.128,0.095,0.290,32761,20666,162146,76018,36219,34779,15130,15130,65423,142,364,55,71,0.037
139,5.856,40.900,24.4,84839,215369,215369,84800,14059,84356,376,43,3.03,25.33,7.13,-90.0,idle_spawn,40.137,0.127,0.085,0.271,32761,20666,162146,76018,36219,34779,15130,15130,65423,142,364,55,71,0.016
140,5.897,40.992,24.4,84839,215369,215369,84800,14059,84356,376,43,3.03,25.33,7.13,-90.0,idle_spawn,40.244,0.146,0.095,0.265,32761,20666,162146,76018,36219,34779,15130,15130,65423,142,364,55,71,0.031
141,5.938,41.393,24.2,84839,215369,215369,84800,14059,84356,376,43,3.03,25.33,7.13,-90.0,idle_spawn,40.604,0.131,0.091,0.328,32761,20666,162146,76018,36219,34779,15130,15130,65423,142,364,55,71,0.038
142,5.979,42.800,23.4,84839,215369,215369,84800,14059,84356,376,43,3.03,25.33,7.13,-90.0,idle_spawn,40.085,0.127,0.086,0.257,32761,20666,162146,76018,36219,34779,15130,15130,65423,142,364,55,71,0.031
143,6.022,43.578,22.9,84840,215337,215337,84801,14018,84357,376,43,2.92,25.33,7.13,-88.1,spin_360,42.852,0.147,0.085,0.265,32761,20665,162171,76013,36236,34793,15129,15129,65423,144,364,55,72,0.019
144,6.066,40.599,24.6,85137,215872,215872,85098,13971,84654,376,43,2.81,25.33,7.12,-86.2,spin_360,39.882,0.120,0.094,0.291,32761,20674,162083,75936,36245,34776,15126,15126,65723,144,364,56,72,0.028
145,6.106,41.308,24.2,85182,216063,216063,85143,13977,84699,376,43,2.69,25.33,7.11,-84.2,spin_360,40.585,0.122,0.097,0.259,32761,20664,162243,75994,36294,34786,15169,15169,65723,146,364,56,73,0.043
146,6.148,41.304,24.2,85166,215973,215973,85127,13939,84683,376,43,2.59,25.33,7.10,-82.4,spin_360,40.589,0.121,0.089,0.275,32761,20668,162215,75966,36304,34792,15153,15153,65723,146,364,56,73,0.031
147,6.189,41.513,24.1,85158,215934,215934,85119,13929,84675,376,43,2.48,25.33,7.08,-80.6,spin_360,38.822,0.127,0.096,0.309,32761,20659,162356,76029,36341,34841,15145,15145,65723,146,364,56,73,0.024
148,6.231,40.966,24.4,85135,215830,215830,85096,13909,84652,376,43,2.37,25.33,7.07,-78.7,spin_360,40.210,0.133,0.090,0.297,32761,20669,162266,75954,36354,34838,15120,15120,65723,148,364,56,74,0.022
149,6.272,38.167,26.2,85090,215615,215615,85051,13868,84607,376,43,2.26,25.33,7.04,-76.8,spin_360,37.374,0.136,0.090,0.268,32761,20675,162224,75905,36377,34867,15075,15075,65723,148,364,56,74,0.032
150,6.310,37.232,26.9,85060,215466,215466,85021,13839,84577,376,43,2.16,25.33,7.02,-75.0,spin_360,36.448,0.147,0.088,0.281,32761,20675,162250,75900,36404,34901,15045,15045,65723,148,364,56,74,0.024
151,6.347,40.420,24.7,85036,215338,215338,84997,13816,84553,376,43,2.06,25.33,6.99,-73.3,spin_360,39.667,0.139,0.092,0.283,32761,20670,162347,75935,36442,34949,15021,15021,65723,148,364,56,74,0.037
152,6.387,38.014,26.3,84994,215113,215113,84955,13774,84511,376,43,1.96,25.33,6.96,-71.6,spin_360,37.127,0.140,0.096,0.316,32761,20669,162375,75933,36457,35006,14979,14979,65723,148,364,56,74,0.025
153,6.425,39.329,25.4,84947,214867,214867,84908,13728,84464,376,43,1.86,25.33,6.92,-69.8,spin_360,36.513,0.140,0.091,0.272,32761,20666,162458,75945,36507,35074,14932,14932,65723,148,364,56,74,0.040
154,6.465,38.849,25.7,84894,214600,214600,84855,13676,84411,376,43,1.77,25.33,6.89,-68.1,spin_360,37.792,0.140,0.134,0.446,32761,20660,162568,75985,36550,35154,14879,14879,65723,148,364,56,74,0.033
155,6.504,40.320,24.8,84838,214326,214326,84799,13620,84355,376,43,1.67,25.33,6.85,-66.3,spin_360,39.489,0.131,0.094,0.300,32761,20665,162529,75945,36563,35198,14823,14823,65723,148,364,56,74,0.021
156,6.544,37.114,26.9,84784,214049,214049,84745,13565,84301,376,43,1.58,25.33,6.80,-64.5,spin_360,36.359,0.127,0.084,0.328,32761,20672,162468,75886,36579,35234,14769,14769,65723,148,364,56,74,0.033
157,6.581,40.733,24.6,84734,213794,213794,84695,13516,84251,376,43,1.48,25.33,6.75,-62.7,spin_360,39.996,0.143,0.085,0.290,32761,20675,162478,75865,36614,35280,14719,14719,65723,148,364,56,74,0.022
158,6.622,38.540,25.9,84692,213591,213591,84653,13478,84209,376,43,1.40,25.33,6.71,-61.1,spin_360,37.619,0.142,0.097,0.333,32761,20669,162594,75907,36662,35348,14677,14677,65723,148,364,56,74,0.023
159,6.660,40.984,24.4,84655,213376,213376,84616,13421,84172,376,43,1.30,25.33,6.65,-59.2,spin_360,37.918,0.127,0.085,0.272,32761,20669,162623,75907,36688,35390,14638,14638,65723,150,364,56,75,0.027
160,6.701,38.818,25.8,84639,213249,213249,84600,13376,84156,376,43,1.21,25.33,6.60,-57.5,spin_360,37.990,0.131,0.093,0.267,32761,20678,162537,75844,36696,35375,14622,14622,65723,150,364,56,75,0.032
161,6.740,38.152,26.2,84611,213080,213080,84572,13329,84128,376,43,1.12,25.33,6.54,-55.6,spin_360,37.297,0.142,0.102,0.331,32761,20669,162697,75912,36750,35443,14592,14592,65723,152,364,56,76,0.037
162,6.778,38.744,25.8,84592,212946,212946,84553,13277,84109,376,43,1.04,25.33,6.48,-53.9,spin_360,37.983,0.138,0.086,0.301,32761,20664,162814,75952,36807,35482,14573,14573,65723,152,364,56,76,0.026
163,6.817,41.290,24.2,84597,212939,212939,84558,13250,84114,376,43,0.96,25.33,6.42,-52.2,spin_360,40.505,0.128,0.095,0.314,32761,20661,162902,75973,36859,35492,14578,14578,65723,152,364,56,76,0.033
164,6.858,37.881,26.4,84607,212944,212944,84568,13218,84124,376,43,0.88,25.33,6.36,-50.4,spin_360,36.985,0.140,0.101,0.329,32761,20663,162924,75959,36896,35481,14588,14588,65723,152,364,56,76,0.017
165,6.896,40.858,24.5,84939,213604,213604,84900,13197,84456,376,43,0.79,25.33,6.29,-48.6,spin_360,38.348,0.138,0.088,0.346,32761,20669,162887,75917,36922,35438,14610,14610,66033,152,364,57,76,0.032
166,6.937,42.296,23.6,84928,213518,213518,84889,13179,84445,376,43,0.72,25.33,6.22,-46.9,spin_360,41.502,0.136,0.086,0.326,32761,20672,162889,75896,36946,35448,14599,14599,66033,152,364,57,76,0.025
167,6.980,37.889,26.4,84889,213321,213321,84850,13144,84406,376,43,0.64,25.33,6.14,-45.0,spin_360,37.058,0.138,0.092,0.350,32761,20675,162899,75868,36984,35487,14560,14560,66033,152,364,57,76,0.029
168,7.017,39.251,25.5,84871,213247,213247,84832,13133,84388,376,43,0.56,25.33,6.06,-43.1,spin_360,38.406,0.134,0.099,0.331,32761,20674,162954,75873,37023,35516,14542,14542,66033,152,364,57,76,0.046
169,7.057,38.411,26.0,84852,213173,213173,84813,13127,84369,376,43,0.50,25.33,5.99,-41.4,spin_360,37.546,0.141,0.123,0.364,32761,20667,163071,75922,37063,35565,14521,14521,66033,154,364,57,77,0.028
170,7.095,38.089,26.3,84843,213121,213121,84804,13129,84360,376,43,0.43,25.33,5.91,-39.7,spin_360,37.311,0.133,0.095,0.298,32761,20661,163197,75974,37114,35597,14512,14512,66033,154,364,57,77,0.034
171,7.133,40.918,24.4,84832,213061,213061,84793,13131,84349,376,43,0.36,25.33,5.83,-37.9,spin_360,38.522,0.138,0.087,0.311,32761,20666,163169,75939,37138,35591,14501,14501,66033,154,364,57,77,0.038
172,7.174,77.276,12.9,84813,212962,212962,84774,13126,84330,376,43,0.30,25.33,5.75,-36.2,spin_360,76.506,0.134,0.090,0.298,32761,20665,163218,75946,37173,35617,14482,14482,66033,154,364,57,77,0.040
173,7.251,46.284,21.6,84798,212890,212890,84759,13123,84315,376,43,0.24,25.33,5.66,-34.4,spin_360,45.419,0.125,0.087,0.279,32761,20670,163213,75911,37217,35618,14467,14467,66033,154,364,57,77,0.036
174,7.298,37.404,26.7,84806,212910,212910,84767,13150,84323,376,43,0.13,25.33,5.49,-30.9,spin_360,36.542,0.130,0.086,0.278,32761,20665,163364,75951,37307,35631,14475,14475,66033,154,364,57,77,0.017
175,7.335,51.178,19.5,84777,212792,212792,84738,13142,84294,376,43,0.07,25.33,5.38,-28.8,spin_360,48.184,0.225,0.097,0.345,32761,20664,163442,75960,37365,35671,14446,14446,66033,154,364,57,77,0.019
176,7.386,53.689,18.6,84778,212781,212781,84739,13139,84295,376,43,0.02,25.33,5.29,-27.1,spin_360,52.909,0.128,0.085,0.304,32761,20670,163388,75922,37371,35648,14447,14447,66033,154,364,57,77,0.024
177,7.440,37.038,27.0,84798,212852,212852,84759,13133,84315,376,43,-0.04,25.33,5.17,-24.8,spin_360,36.275,0.130,0.090,0.303,32761,20662,163553,75988,37440,35658,14467,14467,66033,154,364,57,77,0.023
178,7.477,38.312,26.1,84806,212868,212868,84767,13108,84323,376,43,-0.09,25.33,5.04,-22.4,spin_360,37.576,0.134,0.087,0.306,32761,20667,163528,75955,37469,35629,14475,14475,66033,154,364,57,77,0.026
179,7.515,38.944,25.7,84825,212962,212962,84786,13117,84342,376,43,-0.13,25.33,4.95,-20.7,spin_360,38.236,0.131,0.087,0.297,32761,20661,163652,75997,37525,35636,14494,14494,66033,154,364,57,77,0.025
180,7.554,39.952,25.0,84828,212965,212965,84789,13108,84345,376,43,-0.17,25.33,4.85,-19.0,spin_360,36.626,0.143,0.093,0.787,32761,20668,163609,75955,37553,35604,14497,14497,66033,154,364,57,77,0.035
181,7.594,38.991,25.6,84810,212900,212900,84771,13115,84327,376,43,-0.20,25.33,4.75,-17.3,spin_360,38.013,0.225,0.090,0.368,32761,20672,163597,75927,37577,35614,14479,14479,66033,154,364,57,77,0.036
182,7.633,38.653,25.9,84783,212815,212815,84744,13141,84300,376,43,-0.23,25.33,4.65,-15.5,spin_360,37.866,0.133,0.093,0.303,32761,20670,163666,75945,37618,35651,14452,14452,66033,154,364,57,77,0.018
183,7.672,38.242,26.1,84760,212749,212749,84721,13170,84277,376,43,-0.25,25.33,4.55,-13.7,spin_360,37.433,0.126,0.085,0.251,32761,20672,163679,75943,37645,35662,14429,14429,66033,154,364,57,77,0.019
184,7.710,37.781,26.5,84728,212639,212639,84689,13200,84245,376,43,-0.28,25.33,4.45,-12.0,spin_360,37.064,0.131,0.086,0.253,32761,20672,163696,75945,37659,35695,14397,14397,66033,154,364,57,77,0.037
185,7.748,38.600,25.9,84709,212599,212599,84670,13233,84226,376,43,-0.30,25.33,4.35,-10.2,spin_360,37.406,0.149,0.092,0.753,32761,20668,163786,75975,37701,35732,14378,14378,66033,154,364,57,77,0.038
186,7.787,44.262,22.6,84691,212555,212555,84652,13267,84208,376,43,-0.31,25.33,4.25,-8.5,spin_360,41.447,0.148,0.087,0.497,32761,20667,163829,75989,37728,35752,14360,14360,66033,154,364,57,77,0.031
187,7.831,38.443,26.0,84644,212380,212380,84605,13277,84161,376,43,-0.33,25.33,4.15,-6.8,spin_360,37.576,0.142,0.096,0.384,32761,20662,163939,76029,37779,35818,14313,14313,66033,154,364,57,77,0.027
188,7.869,37.483,26.7,84608,212237,212237,84569,13284,84125,376,43,-0.34,25.33,4.03,-4.8,spin_360,36.691,0.147,0.086,0.341,32761,20673,163844,75959,37798,35810,14277,14277,66033,154,364,57,77,0.027
189,7.907,37.101,27.0,84608,212259,212259,84569,13297,84125,376,43,-0.34,25.33,3.93,-3.1,spin_360,36.306,0.135,0.092,0.305,32761,20675,163849,75950,37822,35800,14277,14277,66033,154,364,57,77,0.028
190,7.944,39.869,25.1,84614,212323,212323,84575,13322,84131,376,43,-0.35,25.33,3.83,-1.4,spin_360,39.053,0.145,0.089,0.283,32761,20668,163964,75999,37860,35822,14283,14283,66033,154,364,57,77,0.025
191,7.984,37.042,27.0,84598,212266,212266,84559,13320,84115,376,43,-0.35,25.33,3.73,0.3,spin_360,36.088,0.153,0.104,0.310,32761,20666,164014,76017,37885,35845,14267,14267,66033,154,364,57,77,0.028
192,8.021,38.946,25.7,84297,211709,211709,84258,13338,83814,376,43,-0.35,25.33,3.63,2.1,spin_360,35.897,0.153,0.107,0.368,32761,20669,163997,75998,37898,35825,14276,14276,65723,154,364,56,77,0.026
193,8.060,36.903,27.1,84274,211597,211597,84235,13336,83791,376,43,-0.34,25.33,3.53,3.7,spin_360,36.092,0.128,0.091,0.316,32761,20674,163957,75965,37907,35832,14253,14253,65723,154,364,56,77,0.041
194,8.097,37.002,27.0,84257,211524,211524,84218,13336,83774,376,43,-0.33,25.33,3.43,5.5,spin_360,36.057,0.126,0.098,0.418,32761,20669,164075,76002,37967,35868,14238,14238,65723,152,364,56,76,0.025
195,8.134,36.254,27.6,84284,211667,211667,84245,13386,83801,376,43,-0.32,25.33,3.33,7.1,spin_360,35.388,0.133,0.084,0.293,32761,20661,164204,76062,38006,35871,14265,14265,65723,152,364,56,76,0.018
196,8.170,41.446,24.1,84292,211728,211728,84253,13406,83809,376,43,-0.31,25.33,3.23,8.8,spin_360,40.582,0.136,0.088,0.313,32761,20667,164139,76028,38002,35836,14273,14273,65723,152,364,56,76,0.032
197,8.212,36.094,27.7,80798,204763,204763,80759,13425,80315,376,43,-0.29,25.33,3.14,10.4,spin_360,35.285,0.129,0.086,0.246,32761,20669,164138,76018,38019,35826,14275,14275,62229,150,364,55,75,0.028
198,8.248,46.621,21.4,80806,204847,204847,80767,13453,80323,376,43,-0.27,25.33,3.03,12.3,spin_360,43.837,0.241,0.126,0.310,32761,20673,164115,75997,38037,35798,14283,14283,62229,150,364,55,75,0.045
199,8.294,43.969,22.7,80787,204780,204780,80748,13456,80304,376,43,-0.25,25.33,2.94,13.9,spin_360,43.107,0.133,0.099,0.272,32761,20673,164112,75999,38033,35816,14264,14264,62229,150,364,55,75,0.024
200,8.338,35.159,28.4,80764,204682,204682,80725,13462,80281,376,43,-0.22,25.33,2.82,16.0,spin_360,34.315,0.129,0.090,0.281,32761,20668,164215,76041,38072,35861,14241,14241,62229,150,364,55,75,0.019
201,8.373,36.185,27.6,80721,204450,204450,80682,13444,80238,376,43,-0.18,25.33,2.70,18.0,spin_360,34.863,0.129,0.082,0.708,32761,20667,164247,76052,38092,35905,14198,14198,62229,150,364,55,75,0.023
202,8.410,36.912,27.1,80689,204285,204285,80650,13428,80206,376,43,-0.15,25.33,2.62,19.6,spin_360,36.137,0.133,0.096,0.252,32761,20665,164297,76066,38113,35952,14166,14166,62229,150,364,55,75,0.036
203,8.447,35.340,28.3,80651,204111,204111,80612,13409,80168,376,43,-0.12,25.33,2.53,21.2,spin_360,34.639,0.125,0.083,0.261,32761,20660,164387,76105,38149,36005,14128,14128,62229,150,364,55,75,0.017
204,8.482,36.814,27.2,80600,203859,203859,80561,13373,80117,376,43,-0.08,25.33,2.44,22.9,spin_360,34.571,0.135,0.093,0.257,32761,20667,164305,76067,38137,36024,14077,14077,62229,150,364,55,75,0.023
205,8.519,36.045,27.7,80587,203783,203783,80548,13376,80104,376,43,-0.05,25.33,2.35,24.5,spin_360,35.235,0.135,0.091,0.248,32761,20662,164385,76104,38160,36057,14064,14064,62229,150,364,55,75,0.029
206,8.555,35.126,28.5,80529,203488,203488,80490,13322,80046,376,43,-0.00,25.33,2.26,26.1,spin_360,34.281,0.125,0.101,0.267,32761,20674,164245,76024,38146,36069,14006,14006,62229,150,364,55,75,0.022
207,8.590,36.035,27.8,80497,203339,203339,80458,13289,80014,376,43,0.04,25.33,2.18,27.8,spin_360,35.010,0.242,0.157,0.375,32761,20663,164389,76106,38172,36137,13974,13974,62229,150,364,55,75,0.026
208,8.626,35.974,27.8,80492,203317,203317,80453,13284,80009,376,43,0.08,25.33,2.09,29.3,spin_360,35.165,0.128,0.084,0.254,32761,20665,164381,76094,38183,36135,13969,13969,62229,150,364,55,75,0.025
209,8.662,34.961,28.6,80471,203213,203213,80432,13267,79988,376,43,0.13,25.33,2.01,31.0,spin_360,34.254,0.133,0.103,0.261,32761,20663,164420,76115,38198,36159,13948,13948,62229,150,364,55,75,0.023
210,8.697,43.292,23.1,80443,203070,203070,80404,13239,79960,376,43,0.18,25.33,1.93,32.6,spin_360,40.289,0.217,0.088,0.334,32761,20665,164413,76100,38213,36180,13920,13920,62229,150,364,55,75,0.024
211,8.740,45.134,22.2,80412,202920,202920,80373,13210,79929,376,43,0.23,25.33,1.85,34.2,spin_360,44.443,0.126,0.087,0.251,32761,20674,164304,76046,38199,36170,13889,13889,62229,150,364,55,75,0.028
212,8.785,43.341,23.1,80369,202714,202714,80330,13191,79886,376,43,0.30,25.33,1.76,36.1,spin_360,42.529,0.137,0.094,0.321,32761,20664,164455,76117,38243,36249,13846,13846,62229,150,364,55,75,0.019
213,8.829,40.813,24.5,79841,201496,201496,79802,13174,79358,376,43,0.37,25.33,1.66,38.1,spin_360,39.932,0.241,0.128,0.282,32761,20667,164418,76099,38234,36307,13778,13778,61769,150,364,54,75,0.030
214,8.870,43.801,22.8,79778,201195,201195,79739,13146,79295,376,43,0.44,25.33,1.57,40.1,spin_360,42.841,0.264,0.111,0.342,32761,20662,164489,76137,38250,36387,13715,13715,61769,150,364,54,75,0.024
215,8.913,44.408,22.5,79721,200932,200932,79682,13128,79238,376,43,0.52,25.33,1.49,41.9,spin_360,41.562,0.231,0.157,0.341,32761,20669,164406,76080,38250,36416,13660,13660,61769,148,364,54,74,0.024
216,8.958,35.182,28.4,79669,200695,200695,79630,13117,79186,376,43,0.59,25.33,1.41,43.9,spin_360,34.338,0.126,0.088,0.273,32761,20669,164415,76080,38260,36467,13608,13608,61769,148,364,54,74,0.021
217,8.993,34.825,28.7,79608,200420,200420,79569,13107,79125,376,43,0.68,25.33,1.32,45.9,spin_360,33.754,0.130,0.099,0.345,32761,20672,164375,76058,38259,36511,13547,13547,61769,148,364,54,74,0.016
218,9.028,37.352,26.8,79597,200349,200349,79558,13098,79114,376,43,0.75,25.33,1.26,47.5,spin_360,36.539,0.135,0.090,0.288,32761,20673,164387,76057,38280,36514,13536,13536,61769,148,364,54,74,0.025
219,9.065,36.328,27.5,79597,200329,200329,79558,13093,79114,376,43,0.82,25.33,1.20,49.0,spin_360,35.586,0.124,0.084,0.289,32761,20666,164498,76102,38315,36545,13536,13536,61769,148,364,54,74,0.020
220,9.102,34.579,28.9,79607,200367,200367,79568,13103,79124,376,43,0.89,25.33,1.13,50.7,spin_360,33.879,0.134,0.081,0.268,32761,20665,164514,76115,38320,36533,13546,13546,61769,148,364,54,74,0.021
221,9.136,36.089,27.7,79596,200305,200305,79557,13091,79113,376,43,0.97,25.33,1.07,52.4,spin_360,33.527,0.131,0.088,0.259,32761,20664,164534,76111,38347,36541,13535,13535,61769,148,364,54,74,0.015
222,9.172,50.399,19.8,79600,200332,200332,79561,13093,79117,376,43,1.04,25.33,1.02,53.9,spin_360,49.662,0.129,0.093,0.280,32761,20665,164526,76103,38352,36532,13539,13539,61769,148,364,54,74,0.021
223,9.223,42.195,23.7,79617,200420,200420,79578,13107,79134,376,43,1.12,25.33,0.96,55.5,spin_360,41.404,0.154,0.090,0.298,32761,20673,164412,76044,38330,36482,13556,13556,61769,148,364,54,74,0.025
224,9.265,41.811,23.9,79631,200493,200493,79592,13120,79148,376,43,1.23,25.33,0.89,57.8,spin_360,41.038,0.130,0.095,0.312,32761,20672,164422,76050,38334,36466,13572,13572,61769,146,364,54,73,0.020
225,9.307,35.044,28.5,79638,200533,200533,79599,13126,79155,376,43,1.33,25.33,0.83,59.7,spin_360,34.175,0.130,0.111,0.305,32761,20666,164515,76091,38362,36483,13579,13579,61769,146,364,54,73,0.022
226,9.342,36.661,27.3,79667,200679,200679,79628,13152,79184,376,43,1.42,25.33,0.78,61.6,spin_360,33.643,0.129,0.091,0.289,32761,20669,164466,76052,38366,36438,13610,13610,61769,144,364,54,72,0.022
227,9.378,37.123,26.9,79675,200720,200720,79636,13156,79192,376,43,1.51,25.33,0.73,63.2,spin_360,36.389,0.133,0.084,0.286,32761,20675,164403,76014,38358,36415,13616,13616,61769,146,364,54,73,0.020
228,9.416,34.633,28.9,79670,200678,200678,79631,13151,79187,376,43,1.59,25.33,0.69,64.8,spin_360,33.937,0.131,0.090,0.269,32761,20673,164428,76032,38368,36415,13613,13613,61769,144,364,54,72,0.021
229,9.450,34.880,28.7,79688,200751,200751,79649,13165,79205,376,43,1.68,25.33,0.65,66.5,spin_360,34.071,0.129,0.098,0.274,32761,20663,164553,76097,38389,36438,13629,13629,61769,146,364,54,73,0.024
230,9.485,35.828,27.9,79732,200975,200975,79693,13207,79249,376,43,1.77,25.33,0.61,68.1,spin_360,35.091,0.128,0.092,0.282,32761,20660,164585,76119,38391,36402,13673,13673,61769,146,364,54,73,0.016
231,9.521,35.890,27.9,79766,201143,201143,79727,13239,79283,376,43,1.85,25.33,0.58,69.6,spin_360,35.133,0.142,0.087,0.293,32761,20664,164531,76090,38385,36349,13707,13707,61769,146,364,54,73,0.018
232,9.557,36.536,27.4,79789,201280,201280,79750,13281,79306,376,43,1.94,25.33,0.55,71.2,spin_360,33.830,0.123,0.089,0.296,32761,20668,164470,76038,38396,36306,13730,13730,61769,146,364,54,73,0.025
233,9.593,42.455,23.6,79777,201249,201249,79738,13301,79294,376,43,2.03,25.33,0.52,72.8,spin_360,39.362,0.141,0.124,0.444,32761,20673,164417,76005,38389,36305,13718,13718,61769,146,364,54,73,0.032
234,9.636,36.643,27.3,79749,201138,201138,79710,13305,79266,376,43,2.13,25.33,0.49,74.5,spin_360,35.848,0.126,0.082,0.312,32761,20673,164413,76001,38387,36335,13690,13690,61769,146,364,54,73,0.023
235,9.673,34.936,28.6,79729,201060,201060,79690,13319,79246,376,43,2.24,25.33,0.46,76.4,spin_360,34.205,0.126,0.090,0.277,32761,20669,164445,76025,38379,36371,13670,13670,61769,146,364,54,73,0.020
236,9.707,35.964,27.8,79706,200973,200973,79667,13330,79223,376,43,2.33,25.33,0.44,78.1,spin_360,35.243,0.126,0.091,0.281,32761,20668,164466,76031,38394,36394,13647,13647,61769,146,364,54,73,0.033
237,9.743,35.494,28.2,79674,200838,200838,79635,13325,79191,376,43,2.42,25.33,0.42,79.6,spin_360,34.790,0.133,0.089,0.266,32761,20664,164503,76047,38399,36440,13617,13617,61769,144,364,54,72,0.023
238,9.779,36.434,27.4,79639,200685,200685,79600,13315,79156,376,43,2.52,25.33,0.41,81.2,spin_360,33.866,0.131,0.086,0.319,32761,20660,164563,76052,38436,36493,13582,13582,61769,144,364,54,72,0.020
239,9.815,35.643,28.1,79618,200593,200593,79579,13307,79135,376,43,2.61,25.33,0.40,82.8,spin_360,34.897,0.130,0.084,0.286,32761,20667,164471,76003,38426,36481,13561,13561,61769,144,364,54,72,0.031
240,9.851,35.798,27.9,79663,200810,200810,79624,13346,79180,376,43,2.71,25.33,0.38,84.5,spin_360,35.094,0.132,0.091,0.284,32761,20662,164537,76043,38430,36456,13608,13608,61769,142,364,54,71,0.020
241,9.887,34.825,28.7,79371,200270,200270,79332,13356,78888,376,43,2.80,25.33,0.38,86.1,spin_360,34.122,0.134,0.091,0.266,32761,20673,164388,75969,38404,36399,13616,13616,61469,142,364,53,71,0.023
242,9.922,35.899,27.9,79402,200450,200450,79363,13385,78919,376,43,2.90,25.33,0.37,87.7,spin_360,35.102,0.159,0.097,0.277,32761,20663,164501,76033,38419,36402,13647,13647,61469,142,364,53,71,0.026
243,9.958,35.718,28.0,79443,200673,200673,79404,13426,78960,376,43,2.99,25.33,0.37,89.3,spin_360,35.027,0.132,0.086,0.254,32761,20665,164475,76020,38416,36351,13688,13688,61469,142,364,53,71,0.022
244,9.993,37.700,26.5,79448,200724,200724,79409,13431,78965,376,43,3.08,25.33,0.37,90.9,spin_360,35.047,0.142,0.093,0.281,32761,20665,164463,75994,38426,36346,13697,13697,61469,138,364,53,69,0.029
245,10.031,36.025,27.8,79443,200701,200701,79404,13425,78960,376,43,3.18,25.33,0.37,92.5,spin_360,35.329,0.141,0.089,0.264,32761,20664,164471,75993,38437,36349,13692,13692,61469,138,364,53,69,0.015
246,10.067,36.089,27.7,79419,200589,200589,79380,13400,78936,376,43,3.28,25.33,0.38,94.2,spin_360,35.390,0.138,0.088,0.259,32761,20674,164333,75925,38402,36338,13668,13668,61469,138,364,53,69,0.028
247,10.103,34.998,28.6,79416,200565,200565,79377,13394,78933,376,43,3.37,25.33,0.39,95.8,spin_360,34.294,0.134,0.086,0.263,32761,20665,164429,75981,38413,36370,13665,13665,61469,138,364,53,69,0.020
248,10.138,35.592,28.1,79387,200408,200408,79348,13368,78904,376,43,3.47,25.33,0.40,97.4,spin_360,34.662,0.136,0.104,0.464,32761,20668,164381,75954,38402,36389,13636,13636,61469,138,364,53,69,0.016
249,10.174,36.360,27.5,79360,200275,200275,79321,13364,78877,376,43,3.56,25.33,0.41,99.0,spin_360,35.603,0.142,0.092,0.282,32761,20660,164489,76013,38418,36449,13609,13609,61469,138,364,53,69,0.021
250,10.210,57.368,17.4,79315,200069,200069,79276,13341,78832,376,43,3.65,25.33,0.43,100.6,spin_360,47.279,0.128,0.083,0.281,32761,20665,164404,75939,38426,36475,13564,13564,61469,138,364,53,69,0.040
251,10.268,42.883,23.3,79278,199899,199899,79239,13328,78795,376,43,3.75,25.33,0.45,102.3,spin_360,42.094,0.131,0.101,0.315,32761,20667,164366,75924,38416,36499,13527,13527,61469,138,364,53,69,0.019
252,10.311,49.708,20.1,79268,199842,199842,79229,13323,78785,376,43,3.90,25.33,0.48,104.8,spin_360,48.782,0.240,0.154,0.280,32761,20672,164259,75883,38375,36484,13517,13517,61469,138,364,53,69,0.031
253,10.360,36.980,27.0,79316,200066,200066,79277,13355,78833,376,43,4.01,25.33,0.51,106.8,spin_360,36.181,0.142,0.093,0.289,32761,20670,164256,75895,38357,36439,13565,13565,61469,138,364,53,69,0.034
254,10.397,42.400,23.6,79342,200171,200171,79303,13356,78859,376,43,4.13,25.33,0.55,109.0,spin_360,41.538,0.138,0.094,0.301,32761,20666,164289,75923,38361,36414,13591,13591,61469,138,364,53,69,0.022
255,10.440,42.441,23.6,79390,200369,200369,79351,13367,78907,376,43,4.22,25.33,0.59,110.7,spin_360,39.439,0.137,0.091,0.259,32761,20667,164258,75882,38385,36350,13641,13641,61469,136,364,53,68,0.023
256,10.482,38.036,26.3,79429,200524,200524,79390,13360,78946,376,43,4.33,25.33,0.63,112.6,spin_360,37.286,0.148,0.098,0.306,32761,20662,164311,75918,38378,36335,13680,13680,61469,136,364,53,68,0.024
257,10.520,45.105,22.2,79434,200517,200517,79395,13359,78951,376,43,4.43,25.33,0.67,114.5,spin_360,44.323,0.145,0.093,0.314,32761,20669,164191,75871,38340,36293,13687,13687,61469,134,364,53,67,0.027
258,10.565,53.503,18.7,79055,199879,199879,79016,13399,78572,376,43,4.52,25.33,0.72,116.2,spin_360,52.321,0.299,0.166,0.462,32761,20674,164099,75824,38311,36237,13727,13727,61050,134,364,52,67,0.043
259,10.619,46.600,21.5,79123,200220,200220,79084,13465,78640,376,43,4.63,25.33,0.77,118.2,spin_360,45.705,0.157,0.112,0.351,32761,20667,164164,75875,38305,36189,13795,13795,61050,134,364,52,67,0.025
260,10.665,44.466,22.5,79120,200202,200202,79081,13464,78637,376,43,4.75,25.33,0.84,120.6,spin_360,41.603,0.169,0.113,0.356,32761,20669,164102,75817,38316,36175,13794,13794,61050,132,364,52,66,0.027
261,10.710,44.129,22.7,79155,200354,200354,79116,13497,78672,376,43,4.86,25.33,0.91,122.7,spin_360,43.214,0.165,0.110,0.334,32761,20675,163993,75777,38278,36109,13829,13829,61050,132,364,52,66,0.029
262,10.754,49.187,20.3,79214,200619,200619,79175,13553,78731,376,43,4.96,25.33,0.97,124.7,spin_360,48.243,0.164,0.118,0.392,32761,20672,163996,75801,38252,36055,13888,13888,61050,132,364,52,66,0.023
263,10.803,47.769,20.9,79271,200884,200884,79232,13611,78788,376,43,5.05,25.33,1.04,126.7,spin_360,46.861,0.168,0.117,0.337,32761,20662,164102,75869,38255,36033,13945,13945,61050,132,364,52,66,0.022
264,10.851,50.643,19.7,79303,201023,201023,79264,13649,78820,376,43,5.16,25.33,1.12,128.9,spin_360,49.633,0.185,0.120,0.407,32761,20665,164032,75858,38224,35973,13977,13977,61050,132,364,52,66,0.028
265,10.902,49.790,20.1,79367,201330,201330,79328,13706,78884,376,43,5.25,25.33,1.20,131.1,spin_360,46.570,0.173,0.114,0.334,32761,20666,163961,75811,38215,35894,14041,14041,61050,132,364,52,66,0.033
266,10.951,48.111,20.8,76132,195060,195060,76093,13761,75649,376,43,5.35,25.33,1.29,133.4,spin_360,46.863,0.317,0.134,0.549,32761,20671,163863,75777,38175,35790,14121,14121,57735,132,364,51,66,0.026
267,11.000,47.348,21.1,76188,195261,195261,76149,13762,75705,376,43,5.45,25.33,1.38,135.6,spin_360,46.374,0.180,0.120,0.389,32761,20669,163842,75780,38158,35727,14177,14177,57735,132,364,51,66,0.034
268,11.047,47.374,21.1,72958,188865,188865,72919,13761,72475,376,43,5.53,25.33,1.48,137.8,spin_360,46.441,0.182,0.123,0.408,32761,20667,163818,75791,38123,35690,14214,14214,54468,132,364,50,66,0.025
269,11.094,48.247,20.7,72973,188917,188917,72934,13750,72490,376,43,5.62,25.33,1.57,139.9,spin_360,47.204,0.192,0.123,0.481,32761,20662,163842,75839,38094,35680,14229,14229,54468,132,364,50,66,0.027
270,11.143,50.880,19.7,72991,188985,188985,72952,13728,72508,376,43,5.70,25.33,1.67,142.0,spin_360,47.425,0.203,0.134,0.460,32761,20666,163765,75771,38108,35639,14247,14247,54468,132,364,50,66,0.026
271,11.194,49.713,20.1,72979,188957,188957,72940,13712,72496,376,43,5.77,25.33,1.77,144.2,spin_360,48.520,0.203,0.142,0.434,32761,20665,163724,75778,38059,35652,14235,14235,54468,132,364,50,66,0.021
272,11.243,49.558,20.2,72953,188868,188868,72914,13691,72470,376,43,5.85,25.33,1.88,146.5,spin_360,48.391,0.196,0.140,0.413,32761,20675,163539,75714,37981,35635,14209,14209,54468,132,364,50,66,0.030
273,11.293,57.539,17.4,72945,188821,188821,72906,13682,72462,376,43,5.92,25.33,2.00,148.7,spin_360,56.291,0.211,0.228,0.449,32761,20664,163628,75790,37960,35677,14201,14201,54468,132,364,50,66,0.027
274,11.350,53.721,18.6,72949,188838,188838,72910,13689,72466,376,43,5.99,25.33,2.11,151.0,spin_360,50.348,0.211,0.130,0.433,32761,20663,163598,75751,37973,35669,14205,14205,54468,132,364,50,66,0.025
275,11.404,53.794,18.6,72945,188830,188830,72906,13694,72462,376,43,6.06,25.33,2.24,153.6,spin_360,52.728,0.197,0.148,0.463,32761,20675,163348,75666,37881,35600,14201,14201,54468,132,364,50,66,0.030
276,11.458,52.168,19.2,72966,188963,188963,72927,13719,72483,376,43,6.12,25.33,2.37,156.0,spin_360,51.007,0.208,0.138,0.517,32761,20664,163450,75748,37866,35614,14222,14222,54468,132,364,50,66,0.037
277,11.510,73.518,13.6,72995,189114,189114,72956,13754,72512,376,43,6.17,25.33,2.51,158.4,spin_360,72.166,0.390,0.185,0.387,32761,20664,163403,75754,37821,35577,14251,14251,54468,132,364,50,66,0.029
278,11.584,84.354,11.9,73030,189294,189294,72991,13794,72547,376,43,6.22,25.33,2.64,160.7,spin_360,81.047,0.257,0.127,0.445,32761,20666,163315,75703,37801,35525,14286,14286,54468,132,364,50,66,0.037
279,11.668,52.095,19.2,73062,189448,189448,73023,13829,72579,376,43,6.28,25.33,2.82,164.1,spin_360,50.914,0.201,0.143,0.445,32761,20670,163199,75681,37732,35468,14318,14318,54468,132,364,50,66,0.034
280,11.720,58.603,17.1,76440,196418,196418,76401,13896,75957,376,43,6.34,25.33,3.04,167.8,spin_360,57.404,0.214,0.142,0.572,32761,20672,163048,75666,37628,35373,14381,14381,57783,132,364,51,66,0.032
281,11.779,55.494,18.0,76462,196552,196552,76423,13928,75983,372,43,6.36,25.33,3.17,170.2,spin_360,54.334,0.209,0.135,0.485,32761,20666,163076,75715,37591,35363,14407,14407,57783,132,364,51,66,0.031
282,11.834,59.717,16.7,76509,196807,196807,76470,13977,76030,372,43,6.39,25.33,3.33,172.8,spin_360,56.339,0.206,0.143,0.411,32761,20661,163085,75708,37593,35330,14454,14454,57783,132,364,51,66,0.031
283,11.894,57.615,17.4,76522,196894,196894,76483,13991,76043,372,43,6.40,25.33,3.47,175.3,spin_360,56.536,0.206,0.141,0.411,32761,20672,162881,75632,37517,35265,14467,14467,57783,132,364,51,66,0.036
284,11.952,57.806,17.3,76610,197336,197336,76571,14071,76131,372,43,6.41,25.33,3.63,178.0,spin_360,56.694,0.220,0.149,0.459,32761,20669,162854,75653,37462,35182,14557,14557,57783,130,364,51,65,0.028
285,12.009,56.267,17.8,76658,197580,197580,76619,14107,76175,376,43,6.41,25.33,3.79,180.6,spin_360,55.097,0.209,0.138,0.454,32761,20669,162811,75661,37412,35137,14601,14601,57783,130,364,51,65,0.029
286,12.066,64.724,15.5,76721,197891,197891,76682,14151,76238,376,43,6.41,25.33,3.94,183.2,spin_360,61.150,0.206,0.143,0.431,32761,20673,162693,75587,37394,35048,14664,14664,57783,130,364,51,65,0.030
287,12.130,58.302,17.2,76770,198128,198128,76731,14201,76287,376,43,6.39,25.33,4.09,185.7,spin_360,57.093,0.209,0.141,0.526,32761,20666,162719,75646,37340,35020,14713,14713,57783,130,364,51,65,0.029
288,12.189,58.926,17.0,76884,198703,198703,76845,14305,76401,376,43,6.37,25.33,4.26,188.7,spin_360,57.645,0.225,0.153,0.508,32761,20668,162640,75625,37283,34905,14827,14827,57783,130,364,51,65,0.020
289,12.248,58.872,17.0,76957,199089,199089,76918,14378,76474,376,43,6.35,25.33,4.41,191.3,spin_360,57.338,0.351,0.254,0.529,32761,20668,162604,75636,37239,34829,14900,14900,57783,130,364,51,65,0.032
290,12.307,64.987,15.4,76994,199289,199289,76955,14407,76511,376,43,6.31,25.33,4.56,193.9,spin_360,61.226,0.217,0.151,0.639,32761,20673,162480,75558,37213,34774,14935,14935,57783,132,364,51,66,0.029
291,12.372,57.477,17.4,77027,199442,199442,76988,14422,76544,376,43,6.27,25.33,4.72,196.6,spin_360,56.245,0.203,0.177,0.484,32761,20672,162449,75570,37166,34745,14968,14968,57783,132,364,51,66,0.029
292,12.429,66.148,15.1,77073,199662,199662,77034,14446,76590,376,43,6.22,25.33,4.88,199.5,spin_360,64.807,0.391,0.214,0.406,32761,20665,162489,75631,37123,34721,15014,15014,57783,132,364,51,66,0.036
293,12.495,73.810,13.5,77114,199861,199861,77075,14463,76631,376,43,6.16,25.33,5.02,202.1,spin_360,72.481,0.217,0.153,0.556,32761,20667,162419,75617,37074,34673,15055,15055,57783,132,364,51,66,0.031
294,12.569,65.914,15.2,77163,200080,200080,77124,14480,76680,376,43,6.09,25.33,5.18,205.1,spin_360,61.767,0.453,0.254,0.582,32761,20664,162399,75584,37066,34645,15104,15104,57783,132,364,51,66,0.036
295,12.635,63.261,15.8,77164,200077,200077,77125,14469,76681,376,43,6.00,25.33,5.36,208.4,spin_360,62.083,0.232,0.151,0.426,32761,20665,162332,75588,36996,34641,15107,15107,57783,130,364,51,65,0.036
296,12.698,60.511,16.5,77160,200005,200005,77121,14437,76677,376,43,5.92,25.33,5.51,211.4,spin_360,58.647,0.277,0.278,0.959,32761,20665,162301,75596,36958,34644,15103,15103,57783,130,364,51,65,0.020
297,12.759,66.317,15.1,80508,206835,206835,80469,14442,80025,376,43,5.83,25.33,5.65,214.2,spin_360,65.101,0.231,0.136,0.452,32761,20674,162138,75547,36875,34532,15184,15184,61050,130,364,52,65,0.029
298,12.825,70.540,14.2,80600,207225,207225,80561,14458,80117,376,43,5.73,25.33,5.78,216.9,spin_360,66.569,0.423,0.240,0.674,32761,20666,162210,75562,36904,34468,15276,15276,61050,130,364,52,65,0.049
299,12.896,64.142,15.6,80723,207771,207771,80684,14491,80240,376,43,5.62,25.33,5.92,219.9,spin_360,62.858,0.233,0.150,0.432,32761,20663,162210,75578,36863,34370,15399,15399,61050,130,364,52,65,0.031
300,12.960,67.040,14.9,80850,208297,208297,80811,14516,80367,376,43,5.50,25.33,6.06,223.1,spin_360,65.772,0.235,0.191,0.526,32761,20674,162020,75510,36778,34208,15524,15524,61050,132,364,52,66,0.027
301,13.027,66.895,14.9,80988,208920,208920,80949,14571,80505,376,43,5.38,25.33,6.18,226.0,spin_360,62.923,0.224,0.159,0.563,32761,20674,162011,75470,36807,34070,15664,15664,61050,130,364,52,65,0.025
302,13.094,65.103,15.4,81019,209077,209077,80980,14574,80536,376,43,5.25,25.33,6.30,229.0,spin_360,63.649,0.239,0.215,0.649,32761,20666,162071,75536,36767,34073,15695,15695,61050,130,364,52,65,0.032
303,13.159,68.484,14.6,80893,208557,208557,80854,14486,80410,376,43,5.11,25.33,6.41,232.0,spin_360,67.221,0.228,0.165,0.517,32761,20660,162134,75569,36759,34237,15569,15569,61050,130,364,52,65,0.031
304,13.228,68.496,14.6,80766,208081,208081,80727,14389,80283,376,43,4.97,25.33,6.52,234.9,spin_360,64.391,0.225,0.157,0.580,32761,20672,161957,75438,36745,34332,15442,15442,61050,130,364,52,65,0.026
305,13.296,74.149,13.5,80699,207933,207933,80660,14372,80216,376,43,4.82,25.33,6.62,238.0,spin_360,72.891,0.240,0.168,0.509,32761,20668,161998,75481,36728,34416,15373,15373,61050,132,364,52,66,0.030
306,13.370,65.427,15.3,80627,207690,207690,80588,14318,80144,376,43,4.66,25.33,6.71,241.1,spin_360,63.648,0.238,0.162,0.983,32761,20669,161983,75482,36712,34488,15301,15301,61050,132,364,52,66,0.034
307,13.436,68.707,14.6,81034,208607,208607,80995,14273,80551,376,43,4.49,25.33,6.80,244.4,spin_360,64.619,0.222,0.154,0.493,32761,20672,161939,75424,36734,34490,15291,15291,61469,130,364,53,65,0.020
308,13.504,65.626,15.2,81082,208951,208951,81043,14296,80599,376,43,4.33,25.33,6.87,247.4,spin_360,64.265,0.387,0.180,0.431,32761,20663,162051,75484,36736,34492,15339,15339,61469,130,364,53,65,0.031
309,13.570,76.960,13.0,81105,209186,209186,81066,14290,80622,376,43,4.16,25.33,6.94,250.5,spin_360,75.503,0.225,0.151,0.745,32761,20669,161975,75443,36717,34455,15360,15360,61469,132,364,53,66,0.038
310,13.647,71.708,13.9,81114,209406,209406,81075,14274,80631,376,43,3.99,25.33,6.99,253.4,spin_360,67.691,0.234,0.167,0.472,32761,20671,161963,75386,36761,34449,15367,15367,61469,134,364,53,67,0.048
311,13.719,65.252,15.3,81062,209240,209240,81023,14188,80579,376,43,3.80,25.33,7.04,256.9,spin_360,64.020,0.222,0.161,0.500,32761,20673,161941,75382,36745,34501,15313,15313,61469,136,364,53,68,0.033
312,13.784,67.482,14.8,80995,209014,209014,80956,14122,80512,376,43,3.61,25.33,7.08,260.1,spin_360,66.318,0.229,0.152,0.452,32761,20663,162097,75442,36780,34629,15246,15246,61469,136,364,53,68,0.026
313,13.852,73.107,13.7,84837,216581,216581,84798,14064,84354,376,43,3.44,25.33,7.11,263.1,spin_360,69.058,0.244,0.172,0.584,32761,20666,162076,75366,36839,34737,15134,15134,65423,136,364,55,68,0.035
314,13.925,70.893,14.1,84807,216537,216537,84768,14063,84324,376,43,3.26,25.33,7.12,266.1,spin_360,69.582,0.234,0.157,0.521,32761,20673,162007,75320,36826,34759,15102,15102,65423,138,364,55,69,0.041
315,13.996,70.712,14.1,84837,216768,216768,84798,14080,84354,376,43,3.07,25.33,7.13,269.4,spin_360,69.393,0.240,0.148,0.580,32761,20665,162151,75371,36883,34769,15128,15128,65423,142,364,55,71,0.031
316,14.066,70.341,14.2,84817,216775,216775,84778,14065,84334,376,43,3.35,25.33,7.24,269.4,walk_forward,66.473,0.230,0.156,0.560,32761,20674,161939,75258,36842,34725,15114,15114,65423,136,364,55,68,0.038
317,14.137,67.627,14.8,84361,215878,215878,84322,14063,83878,376,43,3.63,25.33,7.34,269.4,walk_forward,66.358,0.225,0.163,0.545,32761,20677,161816,75240,36766,34692,15118,15118,64963,136,364,54,68,0.042
318,14.204,106.982,9.3,80883,209003,209003,80844,14072,80400,376,43,3.91,25.33,7.45,269.4,walk_forward,105.811,0.230,0.158,0.435,32761,20663,161910,75337,36725,34712,15136,15136,61469,134,364,53,67,0.035
319,14.311,75.126,13.3,80895,209158,209158,80856,14085,80412,376,43,4.19,25.15,7.55,269.4,walk_forward,70.315,0.234,0.142,0.502,32761,20672,161721,75235,36709,34627,15150,15150,61469,132,364,53,66,0.025
320,14.386,72.731,13.7,80576,208859,208859,80537,14181,80093,376,43,4.61,24.95,7.71,269.4,walk_forward,71.443,0.245,0.152,0.491,32761,20666,161659,75276,36611,34520,15252,15252,61050,130,364,52,65,0.028
321,14.459,66.228,15.1,80626,209144,209144,80587,14227,80143,376,43,4.91,24.67,7.82,269.4,walk_forward,65.023,0.234,0.145,0.514,32761,20664,161611,75293,36559,34457,15302,15302,61050,130,364,52,65,0.034
322,14.525,75.482,13.2,80734,209755,209755,80695,14331,80251,376,43,5.20,24.35,7.93,269.4,walk_forward,71.666,0.230,0.155,0.557,32761,20670,161438,75210,36529,34289,15410,15410,61050,130,364,52,65,0.027
323,14.601,86.397,11.6,80809,210164,210164,80770,14409,80326,376,43,5.47,23.90,8.03,269.4,walk_forward,85.003,0.423,0.241,0.433,32761,20674,161333,75192,36476,34178,15487,15487,61050,128,364,52,64,0.035
324,14.687,81.095,12.3,80972,210989,210989,80933,14565,80489,376,43,5.77,23.28,8.14,269.4,walk_forward,79.788,0.232,0.161,0.505,32761,20674,161251,75192,36409,34002,15648,15648,61050,130,364,52,65,0.041
325,14.768,73.705,13.6,77863,205339,205339,77824,14726,77380,376,43,6.12,22.59,8.27,269.4,walk_forward,69.198,0.247,0.215,0.622,32761,20668,161228,75174,36412,33834,15808,15808,57783,128,364,51,64,0.043
326,14.842,68.998,14.5,75678,201478,201478,75639,14878,75195,376,43,6.44,21.88,8.40,269.4,walk_forward,67.688,0.253,0.148,0.540,32761,20673,161081,75164,36333,33614,15970,15970,55438,126,364,50,63,0.043
327,14.911,67.410,14.8,75789,202052,202052,75750,14993,75306,376,43,6.74,21.33,8.51,269.4,walk_forward,65.885,0.249,0.255,0.654,32761,20666,161093,75230,36287,33495,16081,16081,55438,126,364,50,63,0.022
328,14.979,76.586,13.1,75777,202066,202066,75738,14983,75294,376,43,7.01,21.33,8.61,269.4,walk_forward,70.537,0.241,0.154,0.573,32761,20664,161041,75189,36305,33478,16069,16069,55438,126,364,50,63,0.025
329,15.055,64.664,15.5,75787,202145,202145,75748,14995,75304,376,43,7.28,21.33,8.71,269.4,walk_forward,63.212,0.228,0.146,0.545,32761,20667,160917,75186,36232,33420,16079,16079,55438,126,364,50,63,0.023
330,15.120,69.376,14.4,75799,202254,202254,75760,15012,75316,376,43,7.59,21.33,8.83,269.4,walk_forward,67.973,0.279,0.175,0.479,32761,20670,160805,75200,36163,33347,16095,16095,55438,122,364,50,61,0.038
331,15.189,79.417,12.6,75805,202349,202349,75766,15016,75318,376,43,7.85,21.33,8.92,269.4,walk_forward,75.093,0.232,0.157,0.477,32761,20667,160771,75155,36184,33335,16097,16097,55438,122,364,50,61,0.034
332,15.269,80.934,12.4,75827,202469,202469,75788,15031,75340,376,43,8.13,21.33,9.03,269.4,walk_forward,79.542,0.350,0.171,0.457,32761,20668,160672,75148,36118,33289,16117,16117,55438,124,364,50,62,0.034
333,15.350,68.140,14.7,75849,202609,202609,75810,15058,75362,376,43,8.44,21.23,9.15,269.4,walk_forward,66.690,0.240,0.169,0.615,32761,20673,160548,75150,36057,33200,16141,16141,55438,122,364,50,61,0.026
334,15.418,81.169,12.3,75812,202524,202524,75773,15032,75325,376,43,8.77,21.08,9.27,269.4,walk_forward,76.201,0.224,0.153,0.463,32761,20671,160463,75093,36051,33211,16108,16108,55438,118,364,50,59,0.027
335,15.499,75.269,13.3,75863,202816,202816,75824,15088,75380,372,43,9.04,20.79,9.37,269.4,walk_forward,73.837,0.457,0.193,0.457,32761,20664,160487,75146,36017,33161,16163,16163,55438,118,364,50,59,0.033
336,15.574,67.802,14.7,75845,202731,202731,75806,15073,75358,376,43,9.36,20.45,9.49,269.4,walk_forward,66.079,0.222,0.175,0.937,32580,20483,160380,75168,35931,33138,16143,16143,55438,116,364,50,58,0.032
337,15.642,70.428,14.2,72575,196422,196422,72536,15123,72088,376,43,9.67,20.07,9.61,269.4,walk_forward,65.946,0.251,0.157,0.515,32580,20487,160263,75069,35954,33050,16190,16190,52123,114,364,49,57,0.024
338,15.713,64.062,15.6,72180,195657,195657,72141,15129,71697,372,43,9.94,19.60,9.71,269.4,walk_forward,62.798,0.248,0.162,0.483,32580,20477,160308,75138,35917,33061,16192,16192,51730,114,364,48,57,0.030
339,15.777,66.579,15.0,72222,195886,195886,72183,15177,71739,372,43,10.22,19.11,9.81,269.4,walk_forward,65.382,0.234,0.165,0.501,32580,20489,160083,75082,35828,32937,16236,16236,51730,112,364,48,56,0.029
340,15.843,66.229,15.1,69831,191332,191332,69792,15229,69352,368,43,10.47,18.54,9.91,269.4,walk_forward,62.485,0.253,0.155,0.508,32580,20484,160091,75034,35893,32888,16276,16276,49303,112,364,46,56,0.043
341,15.910,66.222,15.1,69841,191406,191406,69802,15248,69362,368,43,10.74,17.90,10.01,269.4,walk_forward,64.996,0.236,0.153,0.477,32580,20489,159952,75009,35820,32837,16286,16286,49303,112,364,46,56,0.048
342,15.976,65.651,15.2,69834,191376,191376,69795,15246,69355,368,43,11.01,17.20,10.11,269.4,walk_forward,64.393,0.249,0.157,0.488,32580,20490,159865,75036,35735,32815,16279,16279,49303,112,364,46,56,0.044
343,16.041,68.220,14.7,69843,191443,191443,69804,15256,69364,368,43,11.27,16.44,10.21,269.4,walk_forward,66.829,0.248,0.168,0.567,32220,20127,159831,75054,35687,32802,16288,16288,49303,112,364,46,56,0.030
344,16.110,71.076,14.1,69485,190752,190752,69446,15240,69006,368,43,11.53,15.58,10.31,269.4,walk_forward,66.764,0.251,0.183,0.641,32220,20129,159714,74959,35688,32805,16262,16262,48971,112,364,45,56,0.025
345,16.181,68.034,14.7,69465,190675,190675,69426,15215,68982,372,43,11.81,15.33,10.41,269.4,walk_forward,66.619,0.238,0.163,0.631,32041,19950,159646,74971,35632,32805,16238,16238,48971,112,364,45,56,0.028
346,16.249,64.645,15.5,69465,190713,190713,69426,15217,68982,372,43,12.09,15.33,10.51,269.4,walk_forward,63.141,0.268,0.171,0.678,32041,19936,159757,75085,35600,32834,16238,16238,48971,112,364,45,56,0.026
347,16.313,75.383,13.3,69420,190599,190599,69381,15179,68933,376,43,12.36,15.33,10.62,269.4,walk_forward,71.024,0.243,0.172,0.574,32041,19951,159463,74902,35572,32798,16191,16191,48971,110,364,45,55,0.037
348,16.389,66.088,15.1,69150,190112,190112,69111,15191,68663,376,43,12.62,15.33,10.71,269.4,walk_forward,64.675,0.265,0.184,0.533,31862,19769,159452,74918,35539,32794,16201,16201,48693,108,364,44,54,0.027
349,16.455,67.071,14.9,69134,190078,190078,69095,15185,68647,376,43,12.92,15.33,10.83,269.4,walk_forward,65.677,0.272,0.188,0.502,31862,19771,159307,74934,35421,32767,16185,16185,48693,108,364,44,54,0.026
350,16.522,73.193,13.7,69114,190117,190117,69075,15173,68627,376,43,13.19,15.33,10.93,269.4,walk_forward,68.937,0.309,0.163,0.463,31684,19589,159304,74881,35484,32776,16163,16163,48693,110,364,44,55,0.025
351,16.595,62.990,15.9,69076,189941,189941,69037,15143,68589,376,43,13.46,15.33,11.03,269.4,walk_forward,61.484,0.232,0.159,0.637,31684,19596,159112,74847,35370,32770,16125,16125,48693,110,364,44,55,0.038
352,16.658,89.878,11.1,68653,189114,189114,68614,15138,68166,376,43,13.75,15.33,11.14,269.4,walk_forward,88.107,0.445,0.235,0.431,31684,19589,159161,74915,35354,32770,16122,16122,48275,108,364,43,54,0.035
353,16.748,72.989,13.7,68611,189024,189024,68572,15101,68124,376,43,14.00,15.33,11.23,269.4,walk_forward,69.314,0.246,0.151,0.468,31506,19419,158976,74785,35350,32759,16082,16082,48275,106,364,43,53,0.023
354,16.821,59.823,16.7,68270,188404,188404,68231,15108,67783,376,43,14.36,15.33,11.37,269.4,walk_forward,58.447,0.224,0.167,0.571,31506,19414,158963,74829,35306,32741,16087,16087,47929,106,364,42,53,0.028
355,16.881,62.025,16.1,67913,187701,187701,67874,15107,67426,376,43,14.65,15.33,11.48,269.4,walk_forward,60.594,0.243,0.166,0.537,31506,19413,158893,74849,35231,32732,16081,16081,47578,106,364,41,53,0.021
356,16.943,63.093,15.8,67899,187657,187657,67860,15101,67412,376,43,14.89,15.33,11.57,269.4,walk_forward,61.799,0.258,0.155,0.460,31328,19231,158879,74889,35185,32738,16067,16067,47578,106,364,41,53,0.020
357,17.006,68.237,14.7,67878,187674,187674,67839,15090,67391,376,43,15.14,15.33,11.66,269.4,walk_forward,64.139,0.237,0.158,0.463,31152,19059,158762,74770,35223,32721,16048,16048,47578,104,364,41,52,0.023
358,17.074,65.385,15.3,67839,187497,187497,67800,15064,67356,372,43,15.39,15.33,11.75,269.4,walk_forward,62.952,0.317,0.161,1.551,30975,18887,158632,74747,35151,32721,16013,16013,47578,104,364,41,52,0.024
359,17.140,63.705,15.7,67424,186640,186640,67385,15046,66945,368,43,15.67,15.33,11.86,269.4,walk_forward,62.220,0.243,0.171,0.541,30975,18888,158548,74766,35085,32702,15995,15995,47185,104,364,40,52,0.029
360,17.204,64.781,15.4,64493,180735,180735,64454,15026,64014,368,43,15.93,15.33,11.95,269.4,walk_forward,63.437,0.253,0.160,0.544,30975,18883,158557,74800,35061,32723,15973,15973,44276,104,364,38,52,0.025
361,17.268,62.205,16.1,64472,180777,180777,64433,15013,63993,368,43,16.18,15.33,12.05,269.4,walk_forward,57.883,0.233,0.166,0.559,30798,18708,158478,74736,35088,32700,15954,15954,44276,102,364,38,51,0.030
362,17.331,72.367,13.8,64463,180794,180794,64424,15020,63990,362,43,16.44,15.33,12.15,269.4,walk_forward,70.979,0.249,0.176,0.529,30798,18709,158394,74734,35033,32674,15953,15953,44276,100,364,38,50,0.024
363,17.403,62.672,16.0,61137,174200,174200,61098,15033,60664,362,43,16.69,15.33,12.24,269.4,walk_forward,61.262,0.240,0.154,0.538,30798,18706,158371,74748,35001,32660,15962,15962,40943,98,364,34,49,0.023
364,17.466,117.166,8.5,61128,174195,174195,61089,15040,60655,362,43,16.98,15.33,12.35,269.4,walk_forward,115.844,0.290,0.159,0.548,30621,18521,158397,74850,34921,32673,15953,15953,40943,98,364,34,49,0.033
365,17.583,66.024,15.1,60692,173298,173298,60653,15003,60219,362,43,17.23,15.33,12.44,269.4,walk_forward,62.004,0.244,0.171,0.555,30624,18528,158262,74726,34961,32679,15896,15896,40564,98,364,33,49,0.027
366,17.649,63.992,15.6,64581,180981,180981,64542,14969,64116,354,43,17.70,15.33,12.62,269.4,walk_forward,62.681,0.243,0.164,0.499,30448,18357,158107,74732,34855,32677,15843,15843,44514,98,364,33,49,0.032
367,17.713,58.598,17.1,62286,176369,176369,62247,14958,61821,354,43,17.96,15.33,12.72,269.4,walk_forward,57.175,0.225,0.168,0.591,30448,18361,158018,74703,34820,32668,15827,15827,42239,94,364,32,47,0.029
368,17.772,64.302,15.6,61796,175359,175359,61757,14943,61331,354,43,18.22,15.33,12.81,269.4,walk_forward,62.906,0.259,0.155,0.549,30272,18175,158061,74775,34778,32702,15806,15806,41770,94,364,31,47,0.022
369,17.836,64.979,15.4,61804,175561,175561,61765,14957,61339,354,43,18.45,15.33,12.90,269.4,walk_forward,60.298,0.254,0.171,0.668,30272,18187,157866,74627,34798,32627,15814,15814,41770,94,364,31,47,0.023
370,17.901,62.324,16.0,61800,175582,175582,61761,14964,61335,354,43,18.71,15.33,13.00,269.4,walk_forward,60.209,0.244,0.174,1.350,30272,18182,157874,74662,34774,32628,15810,15810,41770,94,364,31,47,0.018
371,17.963,59.684,16.8,61803,175645,175645,61764,14974,61338,354,43,18.97,15.33,13.09,269.4,walk_forward,58.327,0.253,0.160,0.594,30272,18173,157930,74741,34740,32638,15811,15811,41770,96,364,31,48,0.024
372,18.023,67.172,14.9,61766,175484,175484,61727,14945,61297,358,43,19.22,15.33,13.19,269.4,walk_forward,65.874,0.231,0.174,0.558,29925,17832,157803,74733,34675,32625,15770,15770,41770,96,364,31,48,0.018
373,18.090,75.202,13.3,58967,169930,169930,58928,14926,58498,358,43,19.46,15.33,13.28,269.4,walk_forward,70.064,0.254,0.181,0.491,29925,17834,157717,74622,34726,32629,15740,15740,39001,96,364,30,48,0.027
374,18.165,72.673,13.8,54967,161899,161899,54928,14907,54494,362,43,19.73,15.33,13.38,269.4,walk_forward,71.395,0.235,0.152,0.446,29750,17662,157637,74643,34675,32603,15716,15716,35021,96,364,28,48,0.023
375,18.238,53.357,18.7,54294,160567,160567,54255,14904,53821,362,43,20.03,15.33,13.49,269.4,walk_forward,52.080,0.240,0.150,0.590,29750,17658,157641,74697,34642,32597,15705,15705,34361,94,364,26,47,0.017
376,18.291,60.049,16.7,53970,159975,159975,53931,14878,53497,362,43,20.32,15.33,13.60,269.4,walk_forward,55.473,0.232,0.187,0.470,29750,17651,157651,74642,34703,32638,15668,15668,34074,94,364,25,47,0.022
377,18.351,61.476,16.3,52042,156178,156178,52003,14891,51569,362,43,20.53,15.33,13.68,269.4,walk_forward,60.167,0.229,0.162,0.610,29575,17481,157537,74639,34659,32563,15676,15676,32138,94,364,24,47,0.026
378,18.413,54.256,18.4,52030,156170,156170,51991,14893,51561,358,43,20.77,15.33,13.77,269.4,walk_forward,52.967,0.244,0.152,0.541,29575,17486,157440,74643,34599,32530,15668,15668,32138,94,364,24,47,0.019
379,18.467,64.322,15.5,51713,155508,155508,51674,14881,51244,358,43,21.02,15.33,13.86,269.4,walk_forward,63.116,0.250,0.158,0.471,29575,17487,157361,74651,34555,32504,15651,15651,31840,92,364,23,46,0.024
380,18.532,53.277,18.8,51703,155625,155625,51664,14882,51234,358,43,21.24,15.33,13.94,269.4,walk_forward,49.044,0.232,0.145,0.505,29406,17311,157380,74608,34644,32487,15641,15641,31840,92,364,23,46,0.016
381,18.585,63.951,15.6,51662,155444,155444,51623,14855,51193,358,43,21.49,15.33,14.04,269.4,walk_forward,62.591,0.263,0.161,0.457,29406,17312,157314,74640,34596,32476,15602,15602,31840,90,364,23,45,0.023
382,18.649,67.856,14.7,51238,154548,154548,51199,14831,50769,358,43,21.71,15.33,14.12,269.4,walk_forward,66.410,0.237,0.155,0.610,29232,17135,157300,74703,34557,32468,15572,15572,31446,90,364,22,45,0.014
383,18.717,51.112,19.6,51215,154486,154486,51176,14817,50750,354,43,21.96,15.33,14.22,269.4,walk_forward,49.760,0.232,0.181,0.491,29232,17141,157169,74702,34490,32424,15553,15553,31446,90,364,22,45,0.020
384,18.768,55.689,18.0,51168,154476,154476,51129,14807,50725,332,43,22.23,15.33,14.32,269.4,walk_forward,51.152,0.218,0.186,0.597,29232,17145,157056,74663,34508,32357,15528,15528,31446,90,364,22,45,0.023
385,18.823,51.853,19.3,48693,149575,149575,48654,14819,48250,332,43,22.44,15.33,14.40,269.4,walk_forward,50.428,0.251,0.162,0.516,29232,17137,157114,74759,34485,32334,15536,15536,28963,90,364,22,45,0.015
386,18.875,53.974,18.5,48697,149607,149607,48658,14825,48250,336,43,22.66,15.33,14.48,269.4,walk_forward,52.354,0.382,0.265,0.601,29058,16960,157083,74847,34416,32284,15536,15536,28963,90,364,22,45,0.017
387,18.929,54.828,18.2,48675,149549,149549,48636,14814,48235,329,43,22.87,15.33,14.56,269.4,walk_forward,52.662,0.240,0.166,0.920,29058,16966,156979,74887,34314,32257,15521,15521,28963,90,364,22,45,0.014
388,18.984,54.525,18.3,44388,141118,141118,44349,14816,43948,329,43,23.09,15.33,14.64,269.4,walk_forward,50.228,0.227,0.154,0.545,28718,16620,157006,74890,34331,32267,15518,15518,24679,90,364,19,45,0.017
389,19.039,64.159,15.6,44019,140323,140323,43980,14798,43585,323,43,23.30,15.33,14.72,269.4,walk_forward,62.842,0.214,0.176,0.521,28718,16627,156866,74910,34221,32244,15491,15491,24343,90,364,18,45,0.021
390,19.103,48.108,20.8,43976,140134,140134,43937,14772,43542,323,43,23.52,15.33,14.80,269.4,walk_forward,46.828,0.217,0.163,0.506,28718,16630,156739,74951,34101,32239,15448,15448,24343,90,364,18,45,0.013
391,19.151,49.912,20.0,43969,140145,140145,43930,14769,43535,323,43,23.78,15.33,14.90,269.4,walk_forward,48.352,0.406,0.228,0.508,28718,16618,156840,75105,34034,32260,15441,15441,24343,90,364,18,45,0.017
392,19.201,82.551,12.1,43937,140139,140139,43898,14741,43503,323,43,23.97,15.33,14.97,269.4,walk_forward,77.187,0.290,0.152,1.572,28545,16457,156619,74964,34032,32214,15409,15409,24343,90,364,18,45,0.017
393,19.284,71.567,14.0,43952,140223,140223,43913,14749,43514,327,43,24.17,15.33,15.05,269.4,walk_forward,70.287,0.241,0.168,0.487,28545,16452,156600,75059,33946,32175,15420,15420,24343,90,364,18,45,0.011
394,19.355,61.050,16.4,43961,140305,140305,43922,14761,43519,324,43,24.50,15.33,15.17,269.4,walk_forward,59.804,0.231,0.164,0.490,28545,16449,156501,75188,33788,32100,15425,15425,24343,90,364,18,45,0.014
395,19.416,74.314,13.5,43965,140493,140493,43926,14771,43523,324,43,24.79,15.33,15.28,269.4,walk_forward,70.090,0.217,0.156,0.490,28372,16272,156452,75141,33797,32085,15429,15429,24343,90,364,18,45,0.018
396,19.491,60.233,16.6,43669,139886,139886,43630,14761,43227,324,43,25.03,15.33,15.37,269.4,walk_forward,59.012,0.206,0.149,0.476,28372,16273,156338,75176,33675,32074,15413,15413,24063,90,364,17,45,0.021
397,19.551,45.404,22.0,43627,139717,139717,43588,14731,43189,320,43,25.33,15.33,15.48,269.4,walk_forward,44.009,0.204,0.167,0.509,28208,16115,156104,75198,33489,32042,15375,15375,24063,90,364,17,45,0.016
398,19.596,57.053,17.5,43584,139534,139534,43545,14697,43150,316,43,25.57,15.33,15.57,269.4,walk_forward,55.638,0.216,0.249,0.443,28208,16120,155964,75220,33376,32032,15336,15336,24063,90,364,17,45,0.019
399,19.653,51.125,19.6,43582,139653,139653,43543,14691,43144,320,43,25.75,15.33,15.64,269.4,walk_forward,47.384,0.207,0.158,0.490,28208,16125,155857,75142,33366,32019,15330,15330,24063,90,364,17,45,0.020
400,19.704,49.616,20.2,43537,139477,139477,43498,14662,43105,314,43,25.98,15.33,15.72,269.4,walk_forward,48.217,0.209,0.165,0.536,28036,15947,155842,75226,33283,32042,15291,15291,24063,90,364,17,45,0.019
401,19.754,47.729,21.0,43552,139584,139584,43513,14676,43120,314,43,26.19,15.33,15.80,269.4,walk_forward,46.315,0.232,0.178,0.520,28036,15950,155783,75282,33188,32007,15306,15306,24063,90,364,17,45,0.016
402,19.802,48.425,20.7,43565,139675,139675,43526,14691,43133,314,43,26.38,15.33,15.87,269.4,walk_forward,47.095,0.234,0.237,0.462,28036,15947,155752,75332,33107,31994,15319,15319,24063,90,364,17,45,0.015
403,19.850,48.273,20.7,43584,139798,139798,43545,14711,43152,314,43,26.58,15.33,15.95,269.4,walk_forward,46.961,0.215,0.164,0.527,28036,15948,155696,75363,33029,31966,15338,15338,24063,90,364,17,45,0.010
404,19.899,53.825,18.6,43581,139945,139945,43542,14711,43149,314,43,26.77,15.33,16.02,269.4,walk_forward,49.609,0.221,0.155,0.521,28036,15943,155666,75335,33051,31945,15335,15335,24063,90,364,17,45,0.022
405,19.952,52.135,19.2,43563,139873,139873,43524,14699,43131,314,43,26.96,15.33,16.09,269.4,walk_forward,50.602,0.215,0.171,0.570,27864,15767,155664,75408,32979,31960,15317,15317,24063,90,364,17,45,0.025
406,20.005,54.343,18.4,43229,139190,139190,43190,14689,42797,314,43,27.18,15.33,16.17,269.4,walk_forward,52.688,0.425,0.211,0.558,27702,15604,155616,75480,32873,31959,15304,15304,23742,90,364,16,45,0.030
407,20.059,54.940,18.2,43189,139004,139004,43150,14658,42757,314,43,27.39,15.33,16.25,269.4,walk_forward,53.627,0.205,0.147,0.526,27531,15436,155459,75525,32734,31938,15262,15262,23742,92,364,16,46,0.018
408,20.114,52.252,19.1,43172,139045,139045,43133,14634,42736,318,43,27.60,15.33,16.33,269.4,walk_forward,47.996,0.213,0.173,0.606,27531,15445,155270,75402,32748,31879,15241,15241,23742,92,364,16,46,0.021
409,20.166,47.953,20.9,43163,139015,139015,43124,14628,42727,318,43,27.82,15.33,16.41,269.4,walk_forward,46.486,0.203,0.159,0.496,27531,15443,155200,75455,32637,31876,15232,15232,23742,92,364,16,46,0.015
410,20.214,56.442,17.7,43141,138941,138941,43102,14613,42709,314,43,28.03,15.33,16.49,269.4,walk_forward,54.996,0.226,0.174,0.599,27531,15440,155152,75524,32530,31884,15214,15214,23742,92,364,16,46,0.010
411,20.271,66.100,15.1,42857,138385,138385,42818,14611,42428,311,43,28.22,15.33,16.56,269.4,walk_forward,64.692,0.216,0.165,0.600,27360,15260,155194,75606,32478,31898,15212,15212,23463,92,364,15,46,0.026
412,20.337,50.972,19.6,42894,138701,138701,42855,14647,42465,311,43,28.45,15.33,16.65,269.4,walk_forward,46.517,0.279,0.227,0.654,27360,15271,154972,75463,32454,31806,15249,15249,23463,92,364,15,46,0.016
413,20.388,51.264,19.5,42883,138674,138674,42844,14640,42454,311,43,28.71,15.33,16.75,269.4,walk_forward,49.825,0.210,0.183,0.520,27360,15274,154839,75476,32335,31790,15238,15238,23463,92,364,15,46,0.017
414,20.439,52.212,19.2,42882,138698,138698,42843,14641,42453,311,43,28.92,15.33,16.83,269.4,walk_forward,50.811,0.213,0.170,0.564,27360,15265,154836,75575,32219,31805,15237,15237,23463,92,364,15,46,0.027
415,20.491,49.454,20.2,42871,138650,138650,42832,14631,42442,311,43,29.12,15.33,16.90,269.4,walk_forward,48.164,0.236,0.165,0.517,27200,15111,154721,75558,32146,31791,15226,15226,23463,92,364,15,46,0.012
416,20.541,51.923,19.3,42844,138641,138641,42805,14613,42415,311,43,29.33,15.33,16.98,269.4,walk_forward,47.622,0.208,0.167,0.541,27200,15115,154589,75451,32129,31810,15199,15199,23463,92,364,15,46,0.017
417,20.593,55.897,17.9,42833,138593,138593,42794,14594,42404,311,43,29.53,15.33,17.05,269.4,walk_forward,54.568,0.210,0.166,0.633,27030,14955,154369,75376,32018,31787,15188,15188,23463,92,364,15,46,0.015
418,20.649,49.191,20.3,42819,138523,138523,42780,14579,42386,315,43,29.74,15.33,17.13,269.4,walk_forward,47.723,0.212,0.180,0.692,27030,14968,154135,75316,31893,31756,15170,15170,23463,92,364,15,46,0.014
419,20.698,57.118,17.5,42820,138554,138554,42781,14582,42387,315,43,29.96,15.33,17.22,269.4,walk_forward,55.691,0.223,0.169,0.596,27030,14971,154014,75320,31790,31733,15171,15171,23463,92,364,15,46,0.028
420,20.755,49.390,20.2,39854,132711,132711,39815,14568,39421,315,43,30.16,15.33,17.29,269.4,walk_forward,44.661,0.203,0.184,0.500,27030,14983,153797,75147,31781,31711,15158,15158,20510,92,364,14,46,0.013
421,20.804,54.357,18.4,39861,132788,132788,39822,14579,39435,308,43,30.39,15.33,17.38,269.4,walk_forward,53.037,0.199,0.163,0.505,26860,14812,153734,75152,31712,31698,15172,15172,20510,92,364,14,46,0.013
422,20.859,46.607,21.5,39881,132908,132908,39842,14598,39455,308,43,30.58,15.33,17.45,269.4,walk_forward,45.198,0.209,0.163,0.505,26860,14829,153435,75068,31561,31614,15192,15192,20510,92,364,14,46,0.013
423,20.905,51.746,19.3,39867,132854,132854,39828,14588,39441,308,43,30.80,15.33,17.53,269.4,walk_forward,50.281,0.229,0.189,0.512,26860,14836,153265,75046,31440,31601,15178,15178,20510,92,364,14,46,0.013
424,20.957,61.598,16.2,39852,132929,132929,39813,14579,39426,308,43,30.99,15.33,17.60,269.4,walk_forward,56.346,0.424,0.303,0.860,26860,14843,153115,74907,31452,31593,15163,15163,20510,92,364,14,46,0.027
425,21.019,90.573,11.0,39850,132935,132935,39811,14581,39424,308,43,31.20,15.33,17.68,269.4,walk_forward,88.761,0.359,0.247,0.433,26533,14524,152938,74852,31354,31571,15161,15161,20510,92,364,14,46,0.020
426,21.109,52.716,19.0,39837,132853,132853,39798,14559,39407,312,43,31.44,15.33,17.77,269.4,walk_forward,51.337,0.197,0.184,0.479,26533,14535,152730,74818,31212,31556,15144,15144,20510,92,364,14,46,0.014
427,21.162,59.389,16.8,36995,127157,127157,36956,14509,36576,301,43,31.80,15.33,17.91,269.4,walk_forward,55.368,0.196,0.165,0.492,26364,14392,152276,74581,31099,31502,15094,15094,17729,92,364,12,46,0.013
428,21.221,46.060,21.7,37017,127297,127297,36978,14531,36598,301,43,32.02,15.33,17.99,269.4,walk_forward,44.642,0.361,0.173,0.500,26364,14390,152223,74583,31021,31503,15116,15116,17729,92,364,12,46,0.020
429,21.267,45.129,22.2,36996,127194,127194,36957,14509,36577,301,43,32.25,15.33,18.08,269.4,walk_forward,43.581,0.324,0.199,0.586,26364,14420,151774,74416,30845,31418,15095,15095,17729,92,364,12,46,0.026
430,21.313,43.649,22.9,37020,127324,127324,36981,14528,36601,301,43,32.44,15.33,18.14,269.4,walk_forward,42.375,0.208,0.160,0.570,26364,14419,151701,74432,30759,31391,15119,15119,17729,92,364,12,46,0.016
431,21.356,52.665,19.0,37014,127322,127322,36975,14526,36595,301,43,32.62,15.33,18.21,269.4,walk_forward,49.864,0.278,0.169,1.952,26195,14264,151465,74365,30638,31349,15113,15113,17729,92,364,12,46,0.021
432,21.409,64.000,15.6,37002,127391,127391,36963,14517,36583,301,43,32.79,15.33,18.28,269.4,walk_forward,59.187,0.398,0.179,0.519,26195,14288,151104,74088,30642,31273,15101,15101,17729,92,364,12,46,0.016
433,21.473,46.876,21.3,37001,127401,127401,36962,14516,36582,301,43,33.00,15.33,18.36,269.4,walk_forward,45.303,0.192,0.158,0.687,26195,14295,150950,74067,30528,31255,15100,15100,17729,92,364,12,46,0.009
434,21.520,49.441,20.2,36975,127300,127300,36936,14499,36563,294,43,33.26,15.33,18.45,269.4,walk_forward,48.071,0.208,0.167,0.497,26040,14168,150512,73925,30342,31164,15081,15081,17729,92,364,12,46,0.021
435,21.569,45.818,21.8,36936,127108,127108,36897,14459,36527,291,43,33.45,15.33,18.52,269.4,walk_forward,44.200,0.306,0.196,0.661,26040,14184,150244,73824,30230,31143,15047,15047,17729,90,364,12,45,0.016
436,21.615,54.367,18.4,36933,127242,127242,36894,14463,36532,283,43,33.65,15.33,18.60,269.4,walk_forward,49.963,0.279,0.174,0.536,26040,14192,150094,73673,30256,31113,15052,15052,17729,90,364,12,45,0.012
437,21.670,46.553,21.5,36584,126543,126543,36545,14455,36183,283,43,33.83,15.33,18.67,269.4,walk_forward,44.277,0.217,0.164,1.445,25872,14032,149925,73624,30149,31107,15045,15045,17387,90,364,11,45,0.018
438,21.716,46.591,21.5,36558,126438,126438,36519,14436,36161,279,43,34.05,15.33,18.75,269.4,walk_forward,44.919,0.190,0.232,0.711,25872,14060,149500,73483,29976,31016,15025,15025,17387,88,364,11,44,0.010
439,21.763,45.234,22.1,36567,126516,126516,36528,14447,36174,275,43,34.23,15.33,18.82,269.4,walk_forward,43.654,0.192,0.196,0.600,25872,14067,149356,73432,29913,30975,15036,15036,17387,90,364,11,45,0.014
440,21.808,48.639,20.6,36570,126541,126541,36531,14450,36179,273,43,34.42,15.33,18.89,269.4,walk_forward,47.089,0.193,0.165,0.668,25872,14091,148978,73302,29755,30880,15041,15041,17387,90,364,11,45,0.013
441,21.857,48.855,20.5,36538,126597,126597,36499,14447,36173,247,43,34.60,15.33,18.96,269.4,walk_forward,44.130,0.171,0.164,0.537,25872,14100,148797,73128,29781,30853,15035,15035,17387,90,364,11,45,0.021
442,21.906,48.012,20.8,36551,126672,126672,36512,14457,36182,251,43,34.79,15.33,19.03,269.4,walk_forward,46.664,0.176,0.180,0.589,25704,13947,148577,73057,29678,30798,15044,15044,17387,90,364,11,45,0.020
443,21.954,45.850,21.8,36529,126566,126566,36490,14436,36160,251,43,34.99,15.33,19.10,269.4,walk_forward,44.451,0.180,0.164,0.541,25704,13969,148227,72926,29540,30739,15022,15022,17387,90,364,11,45,0.011
444,21.999,44.972,22.2,36517,126517,126517,36478,14426,36148,251,43,35.18,15.33,19.17,269.4,walk_forward,43.596,0.196,0.178,0.573,25384,13660,148015,72870,29430,30705,15010,15010,17387,90,364,11,45,0.010
445,22.044,47.798,20.9,36495,126393,126393,36456,14399,36126,251,43,35.37,15.33,19.24,269.4,walk_forward,46.439,0.174,0.168,0.604,25384,13691,147554,72701,29252,30613,14988,14988,17387,90,364,11,45,0.013
446,22.092,48.983,20.4,36466,126349,126349,36427,14371,36097,251,43,35.55,15.33,19.31,269.4,walk_forward,44.301,0.179,0.167,0.556,25384,13705,147322,72488,29285,30588,14961,14961,17387,88,364,11,44,0.020
447,22.141,46.040,21.7,36469,126383,126383,36430,14372,36100,251,43,35.74,15.33,19.38,269.4,walk_forward,44.711,0.211,0.176,0.577,25384,13721,147049,72402,29150,30533,14964,14964,17387,88,364,11,44,0.010
448,22.187,45.277,22.1,36446,126271,126271,36407,14349,36077,251,43,35.93,15.33,19.46,269.4,walk_forward,43.981,0.177,0.171,0.506,25384,13736,146797,72307,29047,30502,14941,14941,17387,88,364,11,44,0.015
449,22.233,44.745,22.3,36448,126304,126304,36409,14353,36082,248,43,36.12,15.33,19.52,269.4,walk_forward,43.564,0.170,0.160,0.492,25217,13593,146430,72194,28893,30397,14946,14946,17387,88,364,11,44,0.012
450,22.277,46.693,21.4,36461,126365,126365,36422,14361,36091,252,43,36.30,15.33,19.59,269.4,walk_forward,45.373,0.178,0.201,0.562,25217,13604,146231,72133,28787,30356,14955,14955,17387,88,364,11,44,0.016
451,22.324,48.931,20.4,36457,126503,126503,36418,14369,36094,245,43,36.48,15.33,19.66,269.4,walk_forward,44.928,0.173,0.167,0.588,25217,13622,145927,71893,28799,30277,14958,14958,17387,88,364,11,44,0.009
452,22.373,46.984,21.3,36462,126555,126555,36423,14374,36099,245,43,36.66,15.33,19.73,269.4,walk_forward,45.526,0.173,0.180,0.637,25217,13632,145749,71855,28689,30242,14963,14963,17387,88,364,11,44,0.014
453,22.420,64.197,15.6,36438,126458,126458,36399,14357,36080,240,43,36.86,15.33,19.80,269.4,walk_forward,62.701,0.172,0.157,0.589,25050,13493,145319,71689,28538,30148,14944,14944,17387,88,364,11,44,0.017
454,22.484,45.560,21.9,36421,126376,126376,36382,14340,36063,240,43,37.05,15.33,19.87,269.4,walk_forward,44.150,0.169,0.178,0.513,25050,13518,144952,71554,28396,30075,14927,14927,17387,88,364,11,44,0.012
455,22.530,47.961,20.9,36399,126372,126372,36360,14320,36039,242,43,37.30,15.33,19.97,269.4,walk_forward,43.794,0.168,0.181,0.510,24900,13393,144532,71281,28358,29990,14903,14903,17387,88,364,11,44,0.015
456,22.578,45.012,22.2,36365,126243,126243,36326,14298,36018,242,43,37.49,15.33,20.04,269.4,walk_forward,43.739,0.171,0.166,0.554,24900,13415,144191,71169,28201,29939,14882,14882,17387,88,364,11,44,0.014
457,22.623,47.264,21.2,36340,126117,126117,36301,14271,35993,242,43,37.68,15.33,20.11,269.4,walk_forward,45.797,0.170,0.189,0.686,24900,13432,143918,71067,28095,29897,14859,14859,17387,86,364,11,43,0.011
458,22.670,45.475,22.0,36326,126094,126094,36287,14270,35991,230,43,37.86,15.33,20.18,269.4,walk_forward,43.866,0.163,0.180,0.679,24900,13446,143665,70986,27976,29844,14859,14859,17387,84,364,11,42,0.019
459,22.716,48.319,20.7,36297,125944,125944,36258,14242,35962,230,43,38.05,15.33,20.25,269.4,walk_forward,47.054,0.161,0.174,0.515,24900,13466,143337,70866,27849,29792,14830,14830,17387,84,364,11,42,0.012
460,22.764,50.036,20.0,36298,126055,126055,36259,14238,35963,230,43,38.23,15.33,20.32,269.4,walk_forward,45.711,0.162,0.213,0.526,24734,13329,142933,70603,27827,29672,14831,14831,17387,84,364,11,42,0.011
461,22.814,48.599,20.6,36323,126209,126209,36284,14262,35988,230,43,38.42,15.33,20.39,269.4,walk_forward,47.181,0.187,0.166,0.596,24734,13345,142642,70498,27690,29598,14856,14856,17387,84,364,11,42,0.022
462,22.863,46.151,21.7,36320,126225,126225,36281,14260,35985,230,43,38.62,15.33,20.46,269.4,walk_forward,44.636,0.164,0.179,0.688,24734,13363,142360,70386,27583,29538,14853,14853,17387,84,364,11,42,0.016
463,22.909,48.463,20.6,36306,126154,126154,36267,14250,35971,230,43,38.82,15.33,20.54,269.4,walk_forward,47.059,0.164,0.160,0.621,24734,13382,142048,70283,27455,29469,14841,14841,17387,82,364,11,41,0.016
464,22.957,47.604,21.0,36287,126059,126059,36248,14231,35952,230,43,39.00,15.33,20.61,269.4,walk_forward,45.609,0.170,0.320,1.023,24568,13240,141679,70166,27299,29392,14822,14822,17387,82,364,11,41,0.012
465,23.005,49.107,20.4,36266,126033,126033,36227,14207,35927,234,43,39.20,15.33,20.68,269.4,walk_forward,44.846,0.165,0.168,0.475,24420,13116,141300,69904,27273,29326,14797,14797,17387,82,364,11,41,0.013
466,23.054,46.304,21.6,36225,125830,125830,36186,14177,35890,230,43,39.39,15.33,20.75,269.4,walk_forward,44.778,0.172,0.190,0.601,24420,13140,140911,69735,27144,29270,14762,14762,17387,80,364,11,40,0.012
467,23.100,50.130,19.9,36203,125720,125720,36164,14157,35870,228,43,39.58,15.33,20.82,269.4,walk_forward,48.529,0.175,0.186,0.708,24255,12998,140558,69615,27010,29191,14742,14742,17387,80,364,11,40,0.018
468,23.150,48.827,20.5,36175,125561,125561,36136,14120,35840,230,43,39.77,15.33,20.89,269.4,walk_forward,47.430,0.169,0.180,0.576,24255,13022,140174,69493,26842,29127,14712,14712,17387,80,364,11,40,0.015
469,23.199,44.733,22.4,36178,125595,125595,36139,14124,35843,230,43,39.97,15.33,20.97,269.4,walk_forward,43.407,0.159,0.172,0.618,24255,13040,139909,69381,26750,29063,14715,14715,17387,80,364,11,40,0.009
470,23.244,49.134,20.4,36161,125590,125590,36122,14103,35826,230,43,40.17,15.33,21.04,269.4,walk_forward,44.568,0.299,0.380,0.708,24255,13063,139527,69109,26729,28991,14698,14698,17387,80,364,11,40,0.010
471,23.293,56.097,17.8,36150,125560,125560,36111,14095,35817,228,43,40.34,15.33,21.11,269.4,walk_forward,54.701,0.168,0.167,0.524,24090,12920,139201,68996,26604,28912,14689,14689,17387,80,364,11,40,0.013
472,23.349,44.807,22.3,36159,125638,125638,36120,14110,35826,228,43,40.54,15.33,21.18,269.4,walk_forward,43.396,0.184,0.201,0.499,24090,12949,138753,68845,26426,28784,14698,14698,17387,80,364,11,40,0.016
473,23.394,49.048,20.4,36127,125504,125504,36088,14090,35801,221,43,40.77,15.33,21.27,269.4,walk_forward,47.475,0.160,0.179,0.562,24090,12971,138413,68702,26306,28732,14673,14673,17387,80,364,11,40,0.022
474,23.443,72.357,13.8,36107,125419,125419,36068,14073,35784,218,43,40.94,15.33,21.33,269.4,walk_forward,70.966,0.152,0.157,0.531,24090,12993,138070,68560,26179,28675,14656,14656,17387,80,364,11,40,0.008
475,23.516,45.427,22.0,36077,125350,125350,36038,14043,35751,218,43,41.14,15.33,21.41,269.4,walk_forward,40.824,0.148,0.167,0.706,23944,12871,137706,68319,26156,28608,14623,14623,17387,80,364,11,40,0.007
476,23.561,42.371,23.6,36044,125167,125167,36005,14010,35718,218,43,41.43,15.33,21.52,269.4,walk_forward,41.043,0.146,0.158,0.529,23944,12902,137227,68141,25973,28523,14590,14590,17387,80,364,11,40,0.013
477,23.603,46.979,21.3,36001,124943,124943,35962,13967,35675,218,43,41.61,15.33,21.59,269.4,walk_forward,42.422,0.183,0.203,0.847,23780,12770,136770,67936,25835,28452,14547,14547,17387,80,364,11,40,0.016
478,23.650,45.115,22.2,35972,124792,124792,35933,13935,35646,218,43,41.78,15.33,21.65,269.4,walk_forward,43.829,0.169,0.165,0.536,23780,12799,136315,67785,25642,28370,14518,14518,17387,80,364,11,40,0.010
479,23.696,44.891,22.3,35969,124776,124776,35930,13928,35643,218,43,41.97,15.33,21.72,269.4,walk_forward,43.596,0.160,0.177,0.559,23780,12808,136164,67729,25576,28344,14515,14515,17387,80,364,11,40,0.012
480,23.740,47.995,20.8,35935,124702,124702,35896,13894,35612,215,43,42.15,15.33,21.79,269.4,walk_forward,43.657,0.152,0.167,0.522,23780,12832,135802,67452,25587,28279,14484,14484,17387,80,364,11,40,0.011
481,23.789,44.206,22.6,35911,124600,124600,35872,13874,35590,213,43,42.33,15.33,21.85,269.4,walk_forward,43.004,0.150,0.167,0.508,23780,12856,135449,67305,25471,28209,14464,14464,17387,78,364,11,39,0.008
482,23.833,50.540,19.8,35909,124619,124619,35870,13876,35588,213,43,42.52,15.33,21.93,269.4,walk_forward,49.290,0.160,0.165,0.533,23616,12717,135071,67180,25318,28109,14464,14464,17387,76,364,11,38,0.011
483,23.883,45.518,22.0,35892,124553,124553,35853,13864,35575,209,43,42.70,15.33,21.99,269.4,walk_forward,44.100,0.170,0.165,0.617,23616,12744,134666,67018,25164,28033,14451,14451,17387,76,364,11,38,0.008
484,23.929,48.660,20.6,35854,124356,124356,35815,13832,35539,207,43,42.90,15.33,22.07,269.4,walk_forward,47.372,0.150,0.169,0.531,23616,12767,134317,66871,25053,27976,14417,14417,17387,74,364,11,37,0.014
485,23.978,47.466,21.1,35816,124247,124247,35777,13797,35501,207,43,43.08,15.33,22.14,269.4,walk_forward,43.414,0.145,0.177,0.488,23309,12492,133856,66552,25039,27886,14379,14379,17387,74,364,11,37,0.013
486,24.025,48.082,20.8,35792,124199,124199,35753,13797,35501,183,43,43.08,15.33,22.14,269.4,fly_high,46.866,0.133,0.168,0.560,23309,12492,133856,66552,25039,27886,14379,14379,17387,74,364,11,37,0.012
487,24.073,45.318,22.1,35792,124199,124199,35753,13797,35501,183,43,43.08,15.33,22.14,269.4,fly_high,44.011,0.199,0.177,0.547,23309,12492,133856,66552,25039,27886,14379,14379,17387,74,364,11,37,0.014
488,24.118,45.067,22.2,35792,124199,124199,35753,13797,35501,183,43,43.08,15.33,22.14,269.4,fly_high,43.867,0.129,0.159,0.543,23309,12492,133856,66552,25039,27886,14379,14379,17387,74,364,11,37,0.010
489,24.164,45.608,21.9,35792,124199,124199,35753,13797,35501,183,43,43.08,15.33,22.14,269.4,fly_high,44.368,0.135,0.165,0.535,23309,12492,133856,66552,25039,27886,14379,14379,17387,74,364,11,37,0.010
490,24.209,47.745,20.9,35786,124265,124265,35747,13795,35499,179,43,43.08,15.33,22.14,269.4,fly_high,43.688,0.147,0.173,0.511,23309,12492,133856,66424,25171,27884,14377,14377,17387,74,364,11,37,0.010
491,24.257,60.542,16.5,35786,124265,124265,35747,13795,35499,179,43,43.08,15.33,22.14,269.4,fly_high,58.103,0.142,0.164,1.772,23309,12492,133856,66424,25171,27884,14377,14377,17387,74,364,11,37,0.012
492,24.318,51.628,19.4,35786,124265,124265,35747,13795,35499,179,43,43.08,15.33,22.14,269.4,fly_high,50.352,0.129,0.172,0.607,23309,12492,133856,66424,25171,27884,14377,14377,17387,74,364,11,37,0.012
493,24.369,44.340,22.6,35786,124265,124265,35747,13795,35499,179,43,43.08,15.33,22.14,269.4,fly_high,42.836,0.134,0.179,0.748,23309,12492,133856,66424,25171,27884,14377,14377,17387,74,364,11,37,0.011
494,24.414,59.940,16.7,35786,124346,124346,35747,13795,35499,179,43,43.08,15.33,22.14,269.4,fly_high,53.869,0.148,0.176,0.530,23309,12492,133856,66294,25303,27882,14377,14377,17387,74,364,11,37,0.013
495,24.473,49.152,20.3,35790,124354,124354,35751,13795,35499,183,43,43.08,15.33,22.14,269.4,fly_high,47.053,0.133,0.272,1.307,23309,12492,133856,66294,25303,27882,14377,14377,17387,74,364,11,37,0.017
496,24.523,47.921,20.9,35790,124354,124354,35751,13795,35499,183,43,43.08,15.33,22.14,269.4,fly_high,46.663,0.130,0.164,0.537,23309,12492,133856,66294,25303,27882,14377,14377,17387,74,364,11,37,0.019
497,24.571,44.974,22.2,35790,124354,124354,35751,13795,35499,183,43,43.08,15.33,22.14,269.4,fly_high,43.702,0.134,0.175,0.530,23309,12492,133856,66294,25303,27882,14377,14377,17387,74,364,11,37,0.013
498,24.616,49.530,20.2,35788,124416,124416,35749,13793,35497,183,43,43.08,15.33,22.14,269.4,fly_high,45.415,0.132,0.173,0.520,23309,12492,133856,66164,25437,27880,14375,14375,17387,74,364,11,37,0.019
499,24.665,46.024,21.7,35788,124416,124416,35749,13793,35497,183,43,43.08,15.33,22.14,269.4,fly_high,44.745,0.134,0.168,0.527,23309,12492,133856,66164,25437,27880,14375,14375,17387,74,364,11,37,0.014
500,24.711,46.558,21.5,35784,124408,124408,35745,13793,35497,179,43,43.08,15.33,22.14,269.4,fly_high,45.215,0.131,0.171,0.520,23309,12492,133856,66164,25437,27880,14375,14375,17387,74,364,11,37,0.011
501,24.758,48.164,20.8,35784,124408,124408,35745,13793,35497,179,43,43.08,15.33,22.14,269.4,fly_high,46.847,0.133,0.215,0.490,23309,12492,133856,66164,25437,27880,14375,14375,17387,74,364,11,37,0.010
502,24.806,49.125,20.4,35784,124408,124408,35745,13793,35497,179,43,43.08,15.33,22.14,269.4,fly_high,47.921,0.134,0.169,0.508,23309,12492,133856,66164,25437,27880,14375,14375,17387,74,364,11,37,0.014
503,24.855,51.550,19.4,35784,124474,124474,35745,13793,35497,179,43,43.08,15.33,22.14,269.4,fly_high,46.093,0.212,0.173,0.529,23309,12492,133856,66033,25570,27878,14375,14375,17387,74,364,11,37,0.009
504,24.907,47.256,21.2,35784,124474,124474,35745,13793,35497,179,43,43.08,15.33,22.14,269.4,fly_high,45.455,0.240,0.281,0.810,23309,12492,133856,66033,25570,27878,14375,14375,17387,74,364,11,37,0.011
505,24.954,49.317,20.3,35784,124474,124474,35745,13793,35497,179,43,43.08,15.33,22.14,269.4,fly_high,48.054,0.160,0.172,0.516,23309,12492,133856,66033,25570,27878,14375,14375,17387,74,364,11,37,0.013
506,25.003,45.105,22.2,35784,124474,124474,35745,13793,35497,179,43,43.08,15.33,22.14,269.4,fly_high,43.820,0.136,0.167,0.525,23309,12492,133856,66033,25570,27878,14375,14375,17387,74,364,11,37,0.017
507,25.048,46.968,21.3,35784,124474,124474,35745,13793,35497,179,43,43.08,15.33,22.14,269.4,fly_high,45.653,0.137,0.184,0.531,23309,12492,133856,66033,25570,27878,14375,14375,17387,74,364,11,37,0.009
508,25.095,49.664,20.1,35782,124527,124527,35743,13791,35495,179,43,43.08,15.33,22.14,269.4,fly_high,44.722,0.129,0.178,0.538,23309,12492,133856,65901,25706,27876,14373,14373,17387,74,364,11,37,0.011
509,25.145,46.245,21.6,35782,124527,124527,35743,13791,35495,179,43,43.08,15.33,22.14,269.4,fly_high,44.009,0.175,0.176,1.471,23309,12492,133856,65901,25706,27876,14373,14373,17387,74,364,11,37,0.010
510,25.191,46.062,21.7,35786,124535,124535,35747,13791,35495,183,43,43.08,15.33,22.14,269.4,fly_high,44.574,0.139,0.178,0.559,23309,12492,133856,65901,25706,27876,14373,14373,17387,74,364,11,37,0.013
511,25.237,64.741,15.4,35790,124543,124543,35751,13791,35495,187,43,43.08,15.33,22.14,269.4,fly_high,63.484,0.131,0.151,0.551,23309,12492,133856,65901,25706,27876,14373,14373,17387,74,364,11,37,0.012
512,25.302,57.814,17.3,35790,124603,124603,35751,13791,35495,187,43,43.08,15.33,22.14,269.4,fly_high,53.287,0.136,0.189,0.547,23309,12492,133856,65768,25841,27874,14373,14373,17387,74,364,11,37,0.016
513,25.360,54.215,18.4,35790,124603,124603,35751,13791,35495,187,43,43.08,15.33,22.14,269.4,fly_high,52.799,0.267,0.164,0.547,23309,12492,133856,65768,25841,27874,14373,14373,17387,74,364,11,37,0.011
514,25.414,46.319,21.6,35790,124603,124603,35751,13791,35495,187,43,43.08,15.33,22.14,269.4,fly_high,44.753,0.150,0.186,0.689,23309,12492,133856,65768,25841,27874,14373,14373,17387,74,364,11,37,0.007
515,25.461,47.722,21.0,35786,124595,124595,35747,13791,35495,183,43,43.08,15.33,22.14,269.4,fly_high,46.235,0.144,0.178,0.580,23309,12492,133856,65768,25841,27874,14373,14373,17387,74,364,11,37,0.008
516,25.508,47.556,21.0,35788,124650,124650,35749,13789,35493,187,43,43.08,15.33,22.14,269.4,fly_high,43.123,0.137,0.185,0.651,23309,12492,133856,65635,25978,27872,14371,14371,17387,74,364,11,37,0.014
517,25.556,43.861,22.8,35788,124650,124650,35749,13789,35493,187,43,43.08,15.33,22.14,269.4,fly_high,42.446,0.149,0.163,0.620,23309,12492,133856,65635,25978,27872,14371,14371,17387,74,364,11,37,0.013
518,25.600,47.076,21.2,35788,124650,124650,35749,13789,35493,187,43,43.08,15.33,22.14,269.4,fly_high,45.622,0.139,0.177,0.649,23309,12492,133856,65635,25978,27872,14371,14371,17387,74,364,11,37,0.016
519,25.647,49.175,20.3,35788,124650,124650,35749,13789,35493,187,43,43.08,15.33,22.14,269.4,fly_high,47.560,0.134,0.193,0.648,23309,12492,133856,65635,25978,27872,14371,14371,17387,74,364,11,37,0.011
520,25.696,45.403,22.0,35788,124650,124650,35749,13789,35493,187,43,43.08,15.33,22.14,269.4,fly_high,43.945,0.166,0.192,0.611,23309,12492,133856,65635,25978,27872,14371,14371,17387,74,364,11,37,0.006
521,25.741,46.915,21.3,35788,124704,124704,35749,13789,35493,187,43,43.08,15.33,22.14,269.4,fly_high,42.715,0.139,0.160,0.657,23309,12492,133856,65500,26115,27870,14371,14371,17387,74,364,11,37,0.013
522,25.788,45.321,22.1,35788,124704,124704,35749,13789,35493,187,43,43.08,15.33,22.14,269.4,fly_high,43.865,0.139,0.172,0.692,23309,12492,133856,65500,26115,27870,14371,14371,17387,74,364,11,37,0.014
523,25.834,54.119,18.5,35788,124704,124704,35749,13789,35493,187,43,43.08,15.33,22.14,269.4,fly_high,52.770,0.134,0.169,0.576,23309,12492,133856,65500,26115,27870,14371,14371,17387,74,364,11,37,0.016
524,25.888,45.125,22.2,35792,124712,124712,35753,13789,35493,191,43,43.08,15.33,22.14,269.4,fly_high,43.878,0.136,0.186,0.592,23309,12492,133856,65500,26115,27870,14371,14371,17387,74,364,11,37,0.012
525,25.933,45.108,22.2,35792,124712,124712,35753,13789,35493,191,43,43.08,15.33,22.14,269.4,fly_high,43.913,0.134,0.169,0.540,23309,12492,133856,65500,26115,27870,14371,14371,17387,74,364,11,37,0.012
526,25.978,46.382,21.6,35787,124720,124720,35748,13784,35488,191,43,43.08,15.33,22.14,269.4,fly_high,42.349,0.135,0.160,0.546,23309,12492,133856,65366,26254,27870,14366,14366,17387,74,364,11,37,0.014
527,26.025,43.289,23.1,35787,124720,124720,35748,13784,35488,191,43,43.08,15.33,22.14,269.4,fly_high,41.768,0.136,0.178,0.627,23309,12492,133856,65366,26254,27870,14366,14366,17387,74,364,11,37,0.015
528,26.068,45.442,22.0,35787,124720,124720,35748,13784,35488,191,43,43.08,15.33,22.14,269.4,fly_high,43.848,0.142,0.185,0.622,23309,12492,133856,65366,26254,27870,14366,14366,17387,74,364,11,37,0.015
529,26.113,47.027,21.3,35787,124720,124720,35748,13784,35488,191,43,43.08,15.33,22.14,269.4,fly_high,45.587,0.146,0.175,0.605,23309,12492,133856,65366,26254,27870,14366,14366,17387,74,364,11,37,0.013
530,26.160,45.371,22.0,35787,124720,124720,35748,13784,35488,191,43,43.08,15.33,22.14,269.4,fly_high,43.902,0.137,0.172,0.691,23309,12492,133856,65366,26254,27870,14366,14366,17387,74,364,11,37,0.021
531,26.206,53.952,18.5,35784,124714,124714,35745,13781,35485,191,43,43.08,15.33,22.14,269.4,fly_high,49.679,0.212,0.175,0.622,23309,12492,133856,65231,26391,27871,14363,14363,17387,74,364,11,37,0.013
532,26.260,43.852,22.8,35784,124714,124714,35745,13781,35485,191,43,43.08,15.33,22.14,269.4,fly_high,42.646,0.128,0.160,0.575,23309,12492,133856,65231,26391,27871,14363,14363,17387,74,364,11,37,0.016
533,26.304,44.346,22.5,35784,124714,124714,35745,13781,35485,191,43,43.08,15.33,22.14,269.4,fly_high,42.879,0.137,0.189,0.673,23309,12492,133856,65231,26391,27871,14363,14363,17387,74,364,11,37,0.011
534,26.348,46.759,21.4,35780,124706,124706,35741,13781,35485,187,43,43.08,15.33,22.14,269.4,fly_high,45.177,0.141,0.184,0.683,23309,12492,133856,65231,26391,27871,14363,14363,17387,74,364,11,37,0.010
535,26.395,49.091,20.4,35780,124706,124706,35741,13781,35485,187,43,43.08,15.33,22.14,269.4,fly_high,47.220,0.271,0.270,0.891,23309,12492,133856,65231,26391,27871,14363,14363,17387,74,364,11,37,0.011
536,26.444,63.578,15.7,35780,124706,124706,35741,13781,35485,187,43,43.08,15.33,22.14,269.4,fly_high,59.232,0.228,0.156,0.541,23309,12492,133856,65097,26530,27866,14363,14363,17387,74,364,11,37,0.023
537,26.507,46.169,21.7,35780,124706,124706,35741,13781,35485,187,43,43.08,15.33,22.14,269.4,fly_high,44.809,0.128,0.159,0.645,23309,12492,133856,65097,26530,27866,14363,14363,17387,74,364,11,37,0.012
538,26.554,42.583,23.5,35780,124706,124706,35741,13781,35485,187,43,43.08,15.33,22.14,269.4,fly_high,41.198,0.143,0.187,0.684,23309,12492,133856,65097,26530,27866,14363,14363,17387,74,364,11,37,0.015
539,26.596,45.413,22.0,35780,124706,124706,35741,13781,35485,187,43,43.08,15.33,22.14,269.4,fly_high,43.844,0.244,0.286,0.681,23309,12492,133856,65097,26530,27866,14363,14363,17387,74,364,11,37,0.014
540,26.642,51.114,19.6,35780,124706,124706,35741,13781,35485,187,43,43.08,15.33,22.14,269.4,fly_high,49.688,0.133,0.166,0.671,23309,12492,133856,65097,26530,27866,14363,14363,17387,74,364,11,37,0.013
541,26.693,74.029,13.5,35776,124698,124698,35737,13781,35485,183,43,43.08,15.33,22.14,269.4,fly_high,69.413,0.219,0.154,0.513,23309,12492,133856,64963,26669,27861,14363,14363,17387,74,364,11,37,0.019
542,26.767,40.573,24.6,35772,124690,124690,35733,13781,35485,179,43,43.08,15.33,22.14,269.4,fly_high,39.284,0.124,0.157,0.555,23309,12492,133856,64963,26669,27861,14363,14363,17387,74,364,11,37,0.010
543,26.807,46.081,21.7,35772,124690,124690,35733,13781,35485,179,43,43.08,15.33,22.14,269.4,fly_high,44.177,0.122,0.168,1.118,23309,12492,133856,64963,26669,27861,14363,14363,17387,74,364,11,37,0.016
544,26.854,47.694,21.0,35772,124690,124690,35733,13781,35485,179,43,43.08,15.33,22.14,269.4,fly_high,46.159,0.225,0.258,0.632,23309,12492,133856,64963,26669,27861,14363,14363,17387,74,364,11,37,0.015
545,26.901,46.566,21.5,35772,124690,124690,35733,13781,35485,179,43,43.08,15.33,22.14,269.4,fly_high,41.828,0.123,0.160,0.610,23309,12492,133856,64830,26807,27856,14363,14363,17387,74,364,11,37,0.011
546,26.948,43.757,22.9,35772,124690,124690,35733,13781,35485,179,43,43.08,15.33,22.14,269.4,fly_high,42.443,0.127,0.154,0.541,23309,12492,133856,64830,26807,27856,14363,14363,17387,74,364,11,37,0.011
547,26.992,47.425,21.1,35772,124690,124690,35733,13781,35485,179,43,43.08,15.33,22.14,269.4,fly_high,46.104,0.123,0.170,0.522,23309,12492,133856,64830,26807,27856,14363,14363,17387,74,364,11,37,0.006
548,27.039,45.383,22.0,35768,124682,124682,35729,13781,35485,175,43,43.08,15.33,22.14,269.4,fly_high,44.039,0.126,0.171,0.536,23309,12492,133856,64830,26807,27856,14363,14363,17387,74,364,11,37,0.012
549,27.084,44.127,22.7,35768,124682,124682,35729,13781,35485,175,43,43.08,15.33,22.14,269.4,fly_high,42.970,0.125,0.163,0.552,23309,12492,133856,64830,26807,27856,14363,14363,17387,74,364,11,37,0.005
550,27.129,48.249,20.7,35768,124682,124682,35729,13781,35485,175,43,43.08,15.33,22.14,269.4,fly_high,44.084,0.126,0.192,0.533,23309,12492,133856,64698,26944,27851,14363,14363,17387,74,364,11,37,0.010
551,27.177,44.793,22.3,35768,124682,124682,35729,13781,35485,175,43,43.08,15.33,22.14,269.4,fly_high,43.385,0.124,0.159,0.670,23309,12492,133856,64698,26944,27851,14363,14363,17387,74,364,11,37,0.011
552,27.222,45.590,21.9,35768,124682,124682,35729,13781,35485,175,43,43.08,15.33,22.14,269.4,fly_high,44.304,0.129,0.179,0.576,23309,12492,133856,64698,26944,27851,14363,14363,17387,74,364,11,37,0.012
553,27.267,44.372,22.5,35768,124682,124682,35729,13781,35485,175,43,43.08,15.33,22.14,269.4,fly_high,43.051,0.128,0.179,0.579,23309,12492,133856,64698,26944,27851,14363,14363,17387,74,364,11,37,0.010
554,27.312,47.985,20.8,35768,124682,124682,35729,13781,35485,175,43,43.08,15.33,22.14,269.4,fly_high,46.670,0.156,0.159,0.551,23309,12492,133856,64698,26944,27851,14363,14363,17387,74,364,11,37,0.015
555,27.360,48.408,20.7,35768,124682,124682,35729,13781,35485,175,43,43.08,15.33,22.14,269.4,fly_high,43.913,0.124,0.176,0.597,23309,12492,133856,64566,27080,27847,14363,14363,17387,74,364,11,37,0.013
556,27.408,45.870,21.8,35772,124690,124690,35733,13781,35485,179,43,43.08,15.33,22.14,269.4,fly_high,44.382,0.130,0.175,0.664,23309,12492,133856,64566,27080,27847,14363,14363,17387,74,364,11,37,0.008
557,27.454,51.309,19.5,35772,124690,124690,35733,13781,35485,179,43,43.08,15.33,22.14,269.4,fly_high,49.990,0.140,0.161,0.574,23309,12492,133856,64566,27080,27847,14363,14363,17387,74,364,11,37,0.012
558,27.505,46.907,21.3,35772,124690,124690,35733,13781,35485,179,43,43.08,15.33,22.14,269.4,fly_high,45.645,0.156,0.163,0.526,23309,12492,133856,64566,27080,27847,14363,14363,17387,74,364,11,37,0.011
559,27.552,43.909,22.8,35776,124698,124698,35737,13781,35485,183,43,43.08,15.33,22.14,269.4,fly_high,42.521,0.126,0.180,0.625,23309,12492,133856,64566,27080,27847,14363,14363,17387,74,364,11,37,0.008
560,27.596,48.853,20.5,35776,124698,124698,35737,13781,35485,183,43,43.08,15.33,22.14,269.4,fly_high,44.802,0.133,0.187,0.580,23309,12492,133856,64435,27215,27843,14363,14363,17387,74,364,11,37,0.017
561,27.645,47.402,21.1,35776,124698,124698,35737,13781,35485,183,43,43.08,15.33,22.14,269.4,fly_high,46.233,0.133,0.163,0.564,23309,12492,133856,64435,27215,27843,14363,14363,17387,74,364,11,37,0.013
562,27.692,44.650,22.4,35776,124698,124698,35737,13781,35485,183,43,43.08,15.33,22.14,269.4,fly_high,43.113,0.151,0.188,0.669,23309,12492,133856,64435,27215,27843,14363,14363,17387,74,364,11,37,0.007
563,27.737,45.645,21.9,35776,124698,124698,35737,13781,35485,183,43,43.08,15.33,22.14,269.4,fly_high,44.229,0.134,0.165,0.640,23309,12492,133856,64435,27215,27843,14363,14363,17387,74,364,11,37,0.012
564,27.783,99.663,10.0,35780,124706,124706,35741,13781,35485,187,43,43.08,15.33,22.14,269.4,fly_high,97.617,0.205,0.209,0.887,23309,12492,133856,64435,27215,27843,14363,14363,17387,74,364,11,37,0.024
565,27.882,58.768,17.0,35776,124698,124698,35737,13781,35485,183,43,43.08,15.33,22.14,269.4,fly_high,52.946,0.134,0.166,0.584,23309,12492,133856,64305,27350,27838,14363,14363,17387,74,364,11,37,0.006
566,27.941,50.808,19.7,35776,124698,124698,35737,13781,35485,183,43,43.08,15.33,22.14,269.4,fly_high,49.054,0.270,0.315,0.654,23309,12492,133856,64305,27350,27838,14363,14363,17387,74,364,11,37,0.012
567,27.992,45.413,22.0,35776,124698,124698,35737,13781,35485,183,43,43.08,15.33,22.14,269.4,fly_high,44.119,0.133,0.159,0.618,23309,12492,133856,64305,27350,27838,14363,14363,17387,74,364,11,37,0.017
568,28.037,44.994,22.2,35776,124698,124698,35737,13781,35485,183,43,43.08,15.33,22.14,269.4,fly_high,43.561,0.144,0.191,0.678,23309,12492,133856,64305,27350,27838,14363,14363,17387,74,364,11,37,0.015
569,28.082,45.911,21.8,35776,124698,124698,35737,13781,35485,183,43,43.08,15.33,22.14,269.4,fly_high,41.851,0.126,0.154,0.568,23309,12492,133856,64176,27484,27833,14363,14363,17387,74,364,11,37,0.012
570,28.128,42.486,23.5,35776,124698,124698,35737,13781,35485,183,43,43.08,15.33,22.14,269.4,fly_high,41.195,0.129,0.162,0.679,23309,12492,133856,64176,27484,27833,14363,14363,17387,74,364,11,37,0.021
571,28.171,47.277,21.2,35780,124706,124706,35741,13781,35485,187,43,43.08,15.33,22.14,269.4,fly_high,44.969,0.131,0.180,1.513,23309,12492,133856,64176,27484,27833,14363,14363,17387,74,364,11,37,0.013
572,28.218,46.553,21.5,35776,124698,124698,35737,13781,35485,183,43,43.08,15.33,22.14,269.4,fly_high,45.069,0.132,0.240,0.732,23309,12492,133856,64176,27484,27833,14363,14363,17387,74,364,11,37,0.012
573,28.265,45.534,22.0,35776,124698,124698,35737,13781,35485,183,43,43.08,15.33,22.14,269.4,fly_high,44.029,0.133,0.182,0.672,23309,12492,133856,64176,27484,27833,14363,14363,17387,74,364,11,37,0.008
574,28.310,49.603,20.2,35776,124698,124698,35737,13781,35485,183,43,43.08,15.33,22.14,269.4,fly_high,45.318,0.134,0.172,0.571,23309,12492,133856,64048,27617,27828,14363,14363,17387,74,364,11,37,0.012
575,28.360,44.532,22.5,35776,124698,124698,35737,13781,35485,183,43,43.08,15.33,22.14,269.4,fly_high,43.305,0.131,0.173,0.583,23309,12492,133856,64048,27617,27828,14363,14363,17387,74,364,11,37,0.014
576,28.405,51.386,19.5,35776,124698,124698,35737,13781,35485,183,43,43.08,15.33,22.14,269.4,fly_high,50.142,0.133,0.170,0.565,23309,12492,133856,64048,27617,27828,14363,14363,17387,74,364,11,37,0.011
577,28.456,43.049,23.2,35776,124698,124698,35737,13781,35485,183,43,43.08,15.33,22.14,269.4,fly_high,41.816,0.123,0.156,0.631,23309,12492,133856,64048,27617,27828,14363,14363,17387,74,364,11,37,0.009
578,28.499,44.753,22.3,35772,124690,124690,35733,13781,35485,179,43,43.08,15.33,22.14,269.4,fly_high,43.406,0.132,0.176,0.569,23309,12492,133856,64048,27617,27828,14363,14363,17387,74,364,11,37,0.009
579,28.544,48.209,20.7,35772,124690,124690,35733,13781,35485,179,43,43.08,15.33,22.14,269.4,fly_high,44.137,0.130,0.173,0.529,23309,12492,133856,63919,27749,27825,14363,14363,17387,74,364,11,37,0.008
580,28.592,56.636,17.7,35772,124690,124690,35733,13781,35485,179,43,43.08,15.33,22.14,269.4,fly_high,54.919,0.129,0.174,0.558,23309,12492,133856,63919,27749,27825,14363,14363,17387,74,364,11,37,0.018
581,28.649,45.117,22.2,35772,124690,124690,35733,13781,35485,179,43,43.08,15.33,22.14,269.4,fly_high,43.955,0.125,0.181,0.514,23309,12492,133856,63919,27749,27825,14363,14363,17387,74,364,11,37,0.010
582,28.694,42.384,23.6,35776,124698,124698,35737,13781,35485,183,43,43.08,15.33,22.14,269.4,fly_high,41.209,0.131,0.172,0.569,23309,12492,133856,63919,27749,27825,14363,14363,17387,74,364,11,37,0.008
583,28.736,46.921,21.3,35776,124698,124698,35737,13781,35485,183,43,43.08,15.33,22.14,269.4,fly_high,45.708,0.131,0.182,0.594,23309,12492,133856,63919,27749,27825,14363,14363,17387,74,364,11,37,0.015
584,28.783,45.960,21.8,35776,124698,124698,35737,13781,35485,183,43,43.08,15.33,22.14,269.4,fly_high,41.652,0.124,0.153,0.557,23309,12492,133856,63789,27887,27817,14363,14363,17387,74,364,11,37,0.007
585,28.829,57.160,17.5,35776,124698,124698,35737,13781,35485,183,43,43.08,15.33,22.14,269.4,fly_high,55.938,0.155,0.163,0.562,23309,12492,133856,63789,27887,27817,14363,14363,17387,74,364,11,37,0.020
586,28.886,43.181,23.2,35776,124698,124698,35737,13781,35485,183,43,43.08,15.33,22.14,269.4,fly_high,41.813,0.124,0.155,0.589,23309,12492,133856,63789,27887,27817,14363,14363,17387,74,364,11,37,0.013
587,28.929,43.606,22.9,35776,124698,124698,35737,13781,35485,183,43,43.08,15.33,22.14,269.4,fly_high,42.114,0.149,0.168,0.681,23309,12492,133856,63789,27887,27817,14363,14363,17387,74,364,11,37,0.009
588,28.973,46.705,21.4,35776,124698,124698,35737,13781,35485,183,43,43.08,15.33,22.14,269.4,fly_high,45.330,0.131,0.161,0.610,23309,12492,133856,63789,27887,27817,14363,14363,17387,74,364,11,37,0.013
589,29.020,47.675,21.0,35776,124698,124698,35737,13781,35485,183,43,43.08,15.33,22.14,269.4,fly_high,43.291,0.149,0.172,0.609,23309,12492,133856,63658,28022,27813,14363,14363,17387,74,364,11,37,0.012
590,29.067,42.359,23.6,35776,124698,124698,35737,13781,35485,183,43,43.08,15.33,22.14,269.4,fly_high,40.981,0.124,0.165,0.614,23309,12492,133856,63658,28022,27813,14363,14363,17387,74,364,11,37,0.013
591,29.110,43.491,23.0,35780,124706,124706,35741,13781,35485,187,43,43.08,15.33,22.14,269.4,fly_high,41.906,0.135,0.181,0.619,23309,12492,133856,63658,28022,27813,14363,14363,17387,74,364,11,37,0.014
592,29.153,45.609,21.9,35780,124706,124706,35741,13781,35485,187,43,43.08,15.33,22.14,269.4,fly_high,44.178,0.137,0.179,0.599,23309,12492,133856,63658,28022,27813,14363,14363,17387,74,364,11,37,0.009
593,29.199,48.503,20.6,35780,124706,124706,35741,13781,35485,187,43,43.08,15.33,22.14,269.4,fly_high,47.041,0.164,0.185,0.638,23309,12492,133856,63658,28022,27813,14363,14363,17387,74,364,11,37,0.019
594,29.248,55.718,17.9,35780,124706,124706,35741,13781,35485,187,43,43.08,15.33,22.14,269.4,fly_high,51.013,0.134,0.180,0.614,23309,12492,133856,63526,28162,27805,14363,14363,17387,74,364,11,37,0.013
595,29.303,60.878,16.4,35780,124706,124706,35741,13781,35485,187,43,43.08,15.33,22.14,269.4,fly_high,58.978,0.248,0.291,0.868,23309,12492,133856,63526,28162,27805,14363,14363,17387,74,364,11,37,0.024
596,29.364,47.218,21.2,35780,124706,124706,35741,13781,35485,187,43,43.08,15.33,22.14,269.4,fly_high,45.803,0.137,0.166,0.659,23309,12492,133856,63526,28162,27805,14363,14363,17387,74,364,11,37,0.009
597,29.411,46.390,21.6,35776,124698,124698,35737,13781,35485,183,43,43.08,15.33,22.14,269.4,fly_high,44.921,0.134,0.169,0.653,23309,12492,133856,63526,28162,27805,14363,14363,17387,74,364,11,37,0.016
598,29.458,48.429,20.6,35776,124698,124698,35737,13781,35485,183,43,43.08,15.33,22.14,269.4,fly_high,43.119,0.225,0.177,0.564,23309,12492,133856,63393,28299,27801,14363,14363,17387,74,364,11,37,0.011
599,29.506,49.192,20.3,35776,124698,124698,35737,13781,35485,183,43,43.08,15.33,22.14,269.4,fly_high,47.865,0.136,0.169,0.614,23309,12492,133856,63393,28299,27801,14363,14363,17387,74,364,11,37,0.011
600,29.555,46.348,21.6,35776,124698,124698,35737,13781,35485,183,43,43.08,15.33,22.14,269.4,fly_high,44.952,0.136,0.186,0.656,23309,12492,133856,63393,28299,27801,14363,14363,17387,74,364,11,37,0.010
601,29.602,49.049,20.4,35776,124698,124698,35737,13781,35485,183,43,43.08,15.33,22.14,269.4,fly_high,47.803,0.134,0.164,0.582,23309,12492,133856,63393,28299,27801,14363,14363,17387,74,364,11,37,0.013
602,29.651,46.221,21.6,35780,124706,124706,35741,13781,35485,187,43,43.08,15.33,22.14,269.4,fly_high,44.890,0.138,0.164,0.583,23309,12492,133856,63393,28299,27801,14363,14363,17387,74,364,11,37,0.008
603,29.697,49.548,20.2,35780,124706,124706,35741,13781,35485,187,43,43.08,15.33,22.14,269.4,fly_high,44.748,0.140,0.186,0.649,23309,12492,133856,63259,28441,27793,14363,14363,17387,74,364,11,37,0.010
604,29.747,46.224,21.6,35776,124698,124698,35737,13781,35485,183,43,43.08,15.33,22.14,269.4,fly_high,44.678,0.136,0.250,0.586,23309,12492,133856,63259,28441,27793,14363,14363,17387,74,364,11,37,0.011
605,29.793,51.601,19.4,35776,124698,124698,35737,13781,35485,183,43,43.08,15.33,22.14,269.4,fly_high,50.074,0.133,0.188,0.648,23309,12492,133856,63259,28441,27793,14363,14363,17387,74,364,11,37,0.006
606,29.845,51.495,19.4,35776,124698,124698,35737,13781,35485,183,43,43.08,15.33,22.14,269.4,fly_high,50.112,0.138,0.183,0.578,23309,12492,133856,63259,28441,27793,14363,14363,17387,74,364,11,37,0.010
607,29.896,46.957,21.3,35776,124698,124698,35737,13781,35485,183,43,43.08,15.33,22.14,269.4,fly_high,45.475,0.190,0.220,0.580,23309,12492,133856,63259,28441,27793,14363,14363,17387,74,364,11,37,0.009
608,29.943,57.264,17.5,35776,124698,124698,35737,13781,35485,183,43,43.08,15.33,22.14,269.4,fly_high,52.846,0.145,0.172,0.550,23309,12492,133856,63124,28580,27789,14363,14363,17387,74,364,11,37,0.007
609,30.000,45.624,21.9,35772,124690,124690,35733,13781,35485,179,43,43.08,15.33,22.14,269.4,night,44.305,0.129,0.179,0.572,23309,12492,133856,63124,28580,27789,14363,14363,17387,74,364,11,37,0.017
610,30.046,43.299,23.1,35772,124690,124690,35733,13781,35485,179,43,43.08,15.33,22.14,269.4,night,41.861,0.124,0.171,0.567,23309,12492,133856,63124,28580,27789,14363,14363,17387,74,364,11,37,0.016
611,30.089,48.180,20.8,35772,124690,124690,35733,13781,35485,179,43,43.08,15.33,22.14,269.4,night,46.849,0.172,0.160,0.554,23309,12492,133856,63124,28580,27789,14363,14363,17387,74,364,11,37,0.018
612,30.138,43.395,23.0,35772,124690,124690,35733,13781,35485,179,43,43.08,15.33,22.14,269.4,night,42.122,0.156,0.174,0.541,23309,12492,133856,63124,28580,27789,14363,14363,17387,74,364,11,37,0.013
613,30.181,51.265,19.5,35776,124698,124698,35737,13781,35485,183,43,43.08,15.33,22.14,269.4,night,46.627,0.223,0.274,0.755,23309,12492,133856,62988,28723,27782,14363,14363,17387,74,364,11,37,0.017
614,30.232,43.202,23.1,35776,124698,124698,35737,13781,35485,183,43,43.08,15.33,22.14,269.4,night,41.964,0.132,0.157,0.552,23309,12492,133856,62988,28723,27782,14363,14363,17387,74,364,11,37,0.017
615,30.275,59.355,16.8,35776,124698,124698,35737,13781,35485,183,43,43.08,15.33,22.14,269.4,night,57.459,0.136,0.159,1.235,23309,12492,133856,62988,28723,27782,14363,14363,17387,74,364,11,37,0.012
616,30.335,53.981,18.5,35776,124698,124698,35737,13781,35485,183,43,43.08,15.33,22.14,269.4,night,52.652,0.157,0.176,0.605,23309,12492,133856,62988,28723,27782,14363,14363,17387,74,364,11,37,0.013
617,30.389,47.586,21.0,35776,124698,124698,35737,13781,35485,183,43,43.08,15.33,22.14,269.4,night,43.108,0.127,0.161,0.549,23309,12492,133856,62851,28863,27779,14363,14363,17387,74,364,11,37,0.011
618,30.436,44.557,22.4,35776,124698,124698,35737,13781,35485,183,43,43.08,15.33,22.14,269.4,night,43.167,0.129,0.182,0.636,23309,12492,133856,62851,28863,27779,14363,14363,17387,74,364,11,37,0.010
619,30.481,46.548,21.5,35776,124698,124698,35737,13781,35485,183,43,43.08,15.33,22.14,269.4,night,44.771,0.151,0.178,0.843,23309,12492,133856,62851,28863,27779,14363,14363,17387,74,364,11,37,0.006
620,30.528,46.205,21.6,35776,124698,124698,35737,13781,35485,183,43,43.08,15.33,22.14,269.4,night,44.747,0.156,0.166,0.720,23309,12492,133856,62851,28863,27779,14363,14363,17387,74,364,11,37,0.014
621,30.574,49.211,20.3,35776,124698,124698,35737,13781,35485,183,43,43.08,15.33,22.14,269.4,night,46.811,0.150,0.186,1.616,23309,12492,133856,62851,28863,27779,14363,14363,17387,74,364,11,37,0.016
622,30.623,54.440,18.4,35776,124698,124698,35737,13781,35485,183,43,43.08,15.33,22.14,269.4,night,49.201,0.252,0.271,0.652,23309,12492,133856,62713,29007,27773,14363,14363,17387,74,364,11,37,0.011
623,30.677,47.457,21.1,35780,124706,124706,35741,13781,35485,187,43,43.08,15.33,22.14,269.4,night,46.031,0.133,0.161,0.603,23309,12492,133856,62713,29007,27773,14363,14363,17387,74,364,11,37,0.013
624,30.725,43.351,23.1,35780,124706,124706,35741,13781,35485,187,43,43.08,15.33,22.14,269.4,night,41.828,0.131,0.177,0.631,23309,12492,133856,62713,29007,27773,14363,14363,17387,74,364,11,37,0.012
625,30.768,48.370,20.7,35780,124706,124706,35741,13781,35485,187,43,43.08,15.33,22.14,269.4,night,46.896,0.133,0.167,0.638,23309,12492,133856,62713,29007,27773,14363,14363,17387,74,364,11,37,0.016
626,30.817,44.590,22.4,35780,124706,124706,35741,13781,35485,187,43,43.08,15.33,22.14,269.4,night,42.961,0.133,0.191,0.884,23309,12492,133856,62713,29007,27773,14363,14363,17387,74,364,11,37,0.011
627,30.861,52.445,19.1,35780,124706,124706,35741,13781,35485,187,43,43.08,15.33,22.14,269.4,night,47.908,0.138,0.167,0.603,23309,12492,133856,62574,29148,27771,14363,14363,17387,74,364,11,37,0.014
628,30.914,47.267,21.2,35780,124706,124706,35741,13781,35485,187,43,43.08,15.33,22.14,269.4,night,45.758,0.132,0.192,0.609,23309,12492,133856,62574,29148,27771,14363,14363,17387,74,364,11,37,0.012
629,30.961,44.223,22.6,35776,124698,124698,35737,13781,35485,183,43,43.08,15.33,22.14,269.4,night,42.696,0.129,0.176,0.608,23309,12492,133856,62574,29148,27771,14363,14363,17387,74,364,11,37,0.011
630,31.005,44.540,22.5,35772,124690,124690,35733,13781,35485,179,43,43.08,15.33,22.14,269.4,night,43.078,0.135,0.169,0.578,23309,12492,133856,62574,29148,27771,14363,14363,17387,74,364,11,37,0.020
631,31.050,46.374,21.6,35772,124690,124690,35733,13781,35485,179,43,43.08,15.33,22.14,269.4,night,44.860,0.161,0.181,0.606,23309,12492,133856,62574,29148,27771,14363,14363,17387,74,364,11,37,0.013
632,31.096,48.267,20.7,35768,124682,124682,35729,13781,35485,175,43,43.08,15.33,22.14,269.4,night,43.775,0.153,0.157,0.561,23309,12492,133856,62434,29294,27765,14363,14363,17387,74,364,11,37,0.012
633,31.145,43.717,22.9,35768,124682,124682,35729,13781,35485,175,43,43.08,15.33,22.14,269.4,night,42.417,0.126,0.169,0.573,23309,12492,133856,62434,29294,27765,14363,14363,17387,74,364,11,37,0.011
634,31.188,45.539,22.0,35768,124682,124682,35729,13781,35485,175,43,43.08,15.33,22.14,269.4,night,44.149,0.133,0.182,0.584,23309,12492,133856,62434,29294,27765,14363,14363,17387,74,364,11,37,0.010
635,31.234,47.113,21.2,35768,124682,124682,35729,13781,35485,175,43,43.08,15.33,22.14,269.4,night,45.686,0.145,0.173,0.558,23309,12492,133856,62434,29294,27765,14363,14363,17387,74,364,11,37,0.012
636,31.281,45.953,21.8,35768,124682,124682,35729,13781,35485,175,43,43.08,15.33,22.14,269.4,night,44.551,0.131,0.167,0.567,23309,12492,133856,62434,29294,27765,14363,14363,17387,74,364,11,37,0.014
637,31.327,50.931,19.6,35768,124682,124682,35729,13781,35485,175,43,43.08,15.33,22.14,269.4,night,45.887,0.124,0.196,0.854,23309,12492,133856,62293,29437,27763,14363,14363,17387,74,364,11,37,0.015
638,31.378,44.132,22.7,35768,124682,124682,35729,13781,35485,175,43,43.08,15.33,22.14,269.4,night,42.816,0.126,0.177,0.547,23309,12492,133856,62293,29437,27763,14363,14363,17387,74,364,11,37,0.013
639,31.422,47.445,21.1,35768,124682,124682,35729,13781,35485,175,43,43.08,15.33,22.14,269.4,night,46.184,0.142,0.168,0.577,23309,12492,133856,62293,29437,27763,14363,14363,17387,74,364,11,37,0.010
640,31.469,46.393,21.6,35768,124682,124682,35729,13781,35485,175,43,43.08,15.33,22.14,269.4,night,45.101,0.127,0.167,0.569,23309,12492,133856,62293,29437,27763,14363,14363,17387,74,364,11,37,0.015
641,31.516,49.242,20.3,35768,124682,124682,35729,13781,35485,175,43,43.08,15.33,22.14,269.4,night,48.028,0.125,0.169,0.543,23309,12492,133856,62293,29437,27763,14363,14363,17387,74,364,11,37,0.013
642,31.565,49.533,20.2,35768,124682,124682,35729,13781,35485,175,43,43.08,15.33,22.14,269.4,night,44.961,0.134,0.168,0.590,23309,12492,133856,62151,29585,27757,14363,14363,17387,74,364,11,37,0.010
643,31.615,47.808,20.9,35768,124682,124682,35729,13781,35485,175,43,43.08,15.33,22.14,269.4,night,46.466,0.147,0.167,0.582,23309,12492,133856,62151,29585,27757,14363,14363,17387,74,364,11,37,0.013
644,31.663,44.641,22.4,35768,124682,124682,35729,13781,35485,175,43,43.08,15.33,22.14,269.4,night,43.249,0.118,0.246,0.552,23309,12492,133856,62151,29585,27757,14363,14363,17387,74,364,11,37,0.012
645,31.707,44.406,22.5,35768,124682,124682,35729,13781,35485,175,43,43.08,15.33,22.14,269.4,night,43.104,0.128,0.155,0.563,23309,12492,133856,62151,29585,27757,14363,14363,17387,74,364,11,37,0.010
646,31.752,43.491,23.0,35768,124682,124682,35729,13781,35485,175,43,43.08,15.33,22.14,269.4,night,42.146,0.132,0.180,0.602,23309,12492,133856,62151,29585,27757,14363,14363,17387,74,364,11,37,0.009
647,31.795,50.194,19.9,35768,124682,124682,35729,13781,35485,175,43,43.08,15.33,22.14,269.4,night,45.855,0.132,0.152,0.527,23309,12492,133856,62059,29680,27754,14363,14363,17387,74,364,11,37,0.009
648,31.845,47.471,21.1,35772,124690,124690,35733,13781,35485,179,43,43.08,15.33,22.14,269.4,night,46.191,0.144,0.167,0.585,23309,12492,133856,62059,29680,27754,14363,14363,17387,74,364,11,37,0.012
649,31.893,46.945,21.3,35772,124690,124690,35733,13781,35485,179,43,43.08,15.33,22.14,269.4,night,45.198,0.236,0.300,0.624,23309,12492,133856,62059,29680,27754,14363,14363,17387,74,364,11,37,0.019
650,31.940,47.474,21.1,35772,124690,124690,35733,13781,35485,179,43,43.08,15.33,22.14,269.4,night,46.201,0.137,0.168,0.565,23309,12492,133856,62059,29680,27754,14363,14363,17387,74,364,11,37,0.013
651,31.987,45.772,21.8,35772,124690,124690,35733,13781,35485,179,43,43.08,15.33,22.14,269.4,night,44.280,0.165,0.166,0.568,23309,12492,133856,62059,29680,27754,14363,14363,17387,74,364,11,37,0.015
652,32.033,49.309,20.3,35772,124690,124690,35733,13781,35485,179,43,43.08,15.33,22.14,269.4,night,44.614,0.128,0.158,0.558,23309,12492,133856,62019,29721,27753,14363,14363,17387,74,364,11,37,0.011
653,32.082,43.366,23.1,35772,124690,124690,35733,13781,35485,179,43,43.08,15.33,22.14,269.4,night,41.696,0.125,0.160,0.828,23309,12492,133856,62019,29721,27753,14363,14363,17387,74,364,11,37,0.010
654,32.126,46.505,21.5,35772,124690,124690,35733,13781,35485,179,43,43.08,15.33,22.14,269.4,night,45.105,0.128,0.170,0.577,23309,12492,133856,62019,29721,27753,14363,14363,17387,74,364,11,37,0.008
655,32.172,45.930,21.8,35772,124690,124690,35733,13781,35485,179,43,43.08,15.33,22.14,269.4,night,44.259,0.158,0.264,0.815,23309,12492,133856,62019,29721,27753,14363,14363,17387,74,364,11,37,0.016
656,32.218,50.276,19.9,35772,124690,124690,35733,13781,35485,179,43,43.08,15.33,22.14,269.4,night,48.366,0.253,0.272,0.895,23309,12492,133856,62019,29721,27753,14363,14363,17387,74,364,11,37,0.023
657,32.269,63.113,15.8,35772,124690,124690,35733,13781,35485,179,43,43.08,15.33,22.14,269.4,night,57.957,0.124,0.162,0.589,23309,12492,133856,61988,29754,27751,14363,14363,17387,74,364,11,37,0.012
658,32.332,46.057,21.7,35772,124690,124690,35733,13781,35485,179,43,43.08,15.33,22.14,269.4,night,44.758,0.129,0.154,0.551,23309,12492,133856,61988,29754,27751,14363,14363,17387,74,364,11,37,0.011
659,32.378,45.289,22.1,35772,124690,124690,35733,13781,35485,179,43,43.08,15.33,22.14,269.4,night,44.047,0.129,0.183,0.546,23309,12492,133856,61988,29754,27751,14363,14363,17387,74,364,11,37,0.012
660,32.423,47.176,21.2,35772,124690,124690,35733,13781,35485,179,43,43.08,15.33,22.14,269.4,night,46.006,0.136,0.152,0.534,23309,12492,133856,61988,29754,27751,14363,14363,17387,74,364,11,37,0.016
661,32.470,47.940,20.9,35768,124682,124682,35729,13781,35485,175,43,43.08,15.33,22.14,269.4,night,43.541,0.129,0.158,0.531,23309,12492,133856,61963,29781,27749,14363,14363,17387,74,364,11,37,0.011
662,32.518,45.627,21.9,35768,124682,124682,35729,13781,35485,175,43,43.08,15.33,22.14,269.4,night,44.408,0.135,0.158,0.543,23309,12492,133856,61963,29781,27749,14363,14363,17387,74,364,11,37,0.008
663,32.564,43.719,22.9,35768,124682,124682,35729,13781,35485,175,43,43.08,15.33,22.14,269.4,night,42.487,0.126,0.162,0.555,23309,12492,133856,61963,29781,27749,14363,14363,17387,74,364,11,37,0.017
664,32.608,48.116,20.8,35768,124682,124682,35729,13781,35485,175,43,43.08,15.33,22.14,269.4,night,46.875,0.129,0.172,0.543,23309,12492,133856,61963,29781,27749,14363,14363,17387,74,364,11,37,0.009
665,32.656,47.691,21.0,35772,124690,124690,35733,13781,35485,179,43,43.08,15.33,22.14,269.4,night,46.485,0.124,0.157,0.544,23309,12492,133856,61963,29781,27749,14363,14363,17387,74,364,11,37,0.011
666,32.703,46.994,21.3,35772,124690,124690,35733,13781,35485,179,43,43.08,15.33,22.14,269.4,night,42.720,0.130,0.159,0.556,23309,12492,133856,61940,29807,27746,14363,14363,17387,74,364,11,37,0.006
667,32.750,44.341,22.6,35772,124690,124690,35733,13781,35485,179,43,43.08,15.33,22.14,269.4,night,43.042,0.128,0.159,0.556,23309,12492,133856,61940,29807,27746,14363,14363,17387,74,364,11,37,0.015
668,32.795,43.570,23.0,35772,124690,124690,35733,13781,35485,179,43,43.08,15.33,22.14,269.4,night,42.246,0.127,0.163,0.564,23309,12492,133856,61940,29807,27746,14363,14363,17387,74,364,11,37,0.013
669,32.838,47.946,20.9,35772,124690,124690,35733,13781,35485,179,43,43.08,15.33,22.14,269.4,night,46.649,0.172,0.154,0.550,23309,12492,133856,61940,29807,27746,14363,14363,17387,74,364,11,37,0.012
670,32.886,44.948,22.2,35772,124690,124690,35733,13781,35485,179,43,43.08,15.33,22.14,269.4,night,43.660,0.135,0.157,0.587,23309,12492,133856,61940,29807,27746,14363,14363,17387,74,364,11,37,0.015
671,32.931,51.557,19.4,35772,124690,124690,35733,13781,35485,179,43,43.08,15.33,22.14,269.4,night,47.091,0.124,0.174,0.536,23309,12492,133856,61919,29830,27744,14363,14363,17387,74,364,11,37,0.013
672,32.983,43.902,22.8,35776,124698,124698,35737,13781,35485,183,43,43.08,15.33,22.14,269.4,night,42.450,0.128,0.166,0.615,23309,12492,133856,61919,29830,27744,14363,14363,17387,74,364,11,37,0.012
673,33.027,44.851,22.3,35776,124698,124698,35737,13781,35485,183,43,43.08,15.33,22.14,269.4,night,43.412,0.133,0.159,0.592,23309,12492,133856,61919,29830,27744,14363,14363,17387,74,364,11,37,0.014
674,33.072,44.275,22.6,35776,124698,124698,35737,13781,35485,183,43,43.08,15.33,22.14,269.4,night,42.854,0.130,0.204,0.542,23309,12492,133856,61919,29830,27744,14363,14363,17387,74,364,11,37,0.006
675,33.116,45.856,21.8,35776,124698,124698,35737,13781,35485,183,43,43.08,15.33,22.14,269.4,night,44.301,0.136,0.183,0.629,23309,12492,133856,61919,29830,27744,14363,14363,17387,74,364,11,37,0.016
676,33.162,48.508,20.6,35776,124698,124698,35737,13781,35485,183,43,43.08,15.33,22.14,269.4,night,44.117,0.137,0.164,0.561,23309,12492,133856,61900,29851,27742,14363,14363,17387,74,364,11,37,0.016
677,33.210,47.994,20.8,35776,124698,124698,35737,13781,35485,183,43,43.08,15.33,22.14,269.4,night,46.499,0.143,0.188,0.609,23309,12492,133856,61900,29851,27742,14363,14363,17387,74,364,11,37,0.009
678,33.258,45.100,22.2,35776,124698,124698,35737,13781,35485,183,43,43.08,15.33,22.14,269.4,night,43.756,0.163,0.177,0.572,23309,12492,133856,61900,29851,27742,14363,14363,17387,74,364,11,37,0.016
679,33.304,45.373,22.0,35776,124698,124698,35737,13781,35485,183,43,43.08,15.33,22.14,269.4,night,44.080,0.135,0.165,0.626,23309,12492,133856,61900,29851,27742,14363,14363,17387,74,364,11,37,0.017
680,33.349,47.567,21.0,35780,124706,124706,35741,13781,35485,187,43,43.08,15.33,22.14,269.4,night,46.093,0.141,0.159,0.601,23309,12492,133856,61900,29851,27742,14363,14363,17387,74,364,11,37,0.012
681,33.397,48.972,20.4,35776,124698,124698,35737,13781,35485,183,43,43.08,15.33,22.14,269.4,night,44.588,0.136,0.168,0.648,23309,12492,133856,61883,29870,27740,14363,14363,17387,74,364,11,37,0.008
682,33.446,47.450,21.1,35776,124698,124698,35737,13781,35485,183,43,43.08,15.33,22.14,269.4,night,45.728,0.313,0.288,0.665,23309,12492,133856,61883,29870,27740,14363,14363,17387,74,364,11,37,0.016
683,33.493,45.097,22.2,35776,124698,124698,35737,13781,35485,183,43,43.08,15.33,22.14,269.4,night,43.569,0.207,0.275,0.618,23309,12492,133856,61883,29870,27740,14363,14363,17387,74,364,11,37,0.016
684,33.538,46.464,21.5,35776,124698,124698,35737,13781,35485,183,43,43.08,15.33,22.14,269.4,night,44.989,0.225,0.176,0.651,23309,12492,133856,61883,29870,27740,14363,14363,17387,74,364,11,37,0.010
685,33.585,53.862,18.6,35776,124698,124698,35737,13781,35485,183,43,43.08,15.33,22.14,269.4,night,52.542,0.128,0.164,0.541,23309,12492,133856,61883,29870,27740,14363,14363,17387,74,364,11,37,0.012
686,33.638,66.345,15.1,35776,124698,124698,35737,13781,35485,183,43,43.08,15.33,22.14,269.4,night,61.687,0.134,0.162,0.563,23309,12492,133856,61868,29887,27738,14363,14363,17387,74,364,11,37,0.012
687,33.705,44.418,22.5,35780,124706,124706,35741,13781,35485,187,43,43.08,15.33,22.14,269.4,night,43.045,0.131,0.173,0.557,23309,12492,133856,61868,29887,27738,14363,14363,17387,74,364,11,37,0.010
688,33.749,44.000,22.7,35780,124706,124706,35741,13781,35485,187,43,43.08,15.33,22.14,269.4,night,42.442,0.132,0.187,0.570,23309,12492,133856,61868,29887,27738,14363,14363,17387,74,364,11,37,0.012
689,33.793,43.747,22.9,35780,124706,124706,35741,13781,35485,187,43,43.08,15.33,22.14,269.4,night,42.343,0.132,0.187,0.535,23309,12492,133856,61868,29887,27738,14363,14363,17387,74,364,11,37,0.012
690,33.837,46.202,21.6,35780,124706,124706,35741,13781,35485,187,43,43.08,15.33,22.14,269.4,night,44.863,0.147,0.158,0.550,23309,12492,133856,61868,29887,27738,14363,14363,17387,74,364,11,37,0.011
691,33.883,48.592,20.6,35780,124706,124706,35741,13781,35485,187,43,43.08,15.33,22.14,269.4,night,44.337,0.132,0.162,0.588,23309,12492,133856,61855,29902,27736,14363,14363,17387,74,364,11,37,0.011
692,33.932,46.333,21.6,35780,124706,124706,35741,13781,35485,187,43,43.08,15.33,22.14,269.4,night,44.862,0.141,0.187,0.675,23309,12492,133856,61855,29902,27736,14363,14363,17387,74,364,11,37,0.009
693,33.978,45.183,22.1,35780,124706,124706,35741,13781,35485,187,43,43.08,15.33,22.14,269.4,night,43.846,0.141,0.187,0.583,23309,12492,133856,61855,29902,27736,14363,14363,17387,74,364,11,37,0.013
694,34.023,49.177,20.3,35776,124698,124698,35737,13781,35485,183,43,43.08,15.33,22.14,269.4,night,47.839,0.131,0.165,0.611,23309,12492,133856,61855,29902,27736,14363,14363,17387,74,364,11,37,0.011
695,34.073,43.125,23.2,35772,124690,124690,35733,13781,35485,179,43,43.08,15.33,22.14,269.4,night,41.899,0.125,0.166,0.528,23309,12492,133856,61855,29902,27736,14363,14363,17387,74,364,11,37,0.012
696,34.116,46.011,21.7,35772,124690,124690,35733,13781,35485,179,43,43.08,15.33,22.14,269.4,night,41.852,0.127,0.162,0.545,23309,12492,133856,61844,29915,27734,14363,14363,17387,74,364,11,37,0.009
697,34.162,49.827,20.1,35772,124690,124690,35733,13781,35485,179,43,43.08,15.33,22.14,269.4,night,48.578,0.168,0.162,0.563,23309,12492,133856,61844,29915,27734,14363,14363,17387,74,364,11,37,0.007
698,34.212,44.641,22.4,35772,124690,124690,35733,13781,35485,179,43,43.08,15.33,22.14,269.4,night,43.379,0.129,0.158,0.544,23309,12492,133856,61844,29915,27734,14363,14363,17387,74,364,11,37,0.008
699,34.256,50.283,19.9,35772,124690,124690,35733,13781,35485,179,43,43.08,15.33,22.14,269.4,night,49.069,0.125,0.168,0.525,23309,12492,133856,61844,29915,27734,14363,14363,17387,74,364,11,37,0.011
700,34.307,52.142,19.2,35772,124690,124690,35733,13781,35485,179,43,43.08,15.33,22.14,269.4,night,50.700,0.127,0.187,0.740,23309,12492,133856,61844,29915,27734,14363,14363,17387,74,364,11,37,0.015
701,34.359,60.560,16.5,35772,124690,124690,35733,13781,35485,179,43,43.08,15.33,22.14,269.4,night,54.853,0.133,0.150,0.543,23309,12492,133856,61835,29926,27732,14363,14363,17387,74,364,11,37,0.016
702,34.419,58.587,17.1,35772,124690,124690,35733,13781,35485,179,43,43.08,15.33,22.14,269.4,night,57.302,0.135,0.197,0.523,23309,12492,133856,61835,29926,27732,14363,14363,17387,74,364,11,37,0.015
703,34.478,43.446,23.0,35772,124690,124690,35733,13781,35485,179,43,43.08,15.33,22.14,269.4,night,42.280,0.121,0.151,0.529,23309,12492,133856,61835,29926,27732,14363,14363,17387,74,364,11,37,0.019
704,34.521,49.249,20.3,35772,124690,124690,35733,13781,35485,179,43,43.08,15.33,22.14,269.4,night,47.829,0.223,0.264,0.555,23309,12492,133856,61835,29926,27732,14363,14363,17387,74,364,11,37,0.016
705,34.571,46.191,21.6,35772,124690,124690,35733,13781,35485,179,43,43.08,15.33,22.14,269.4,night,41.607,0.133,0.170,0.520,23309,12492,133856,61828,29935,27730,14363,14363,17387,74,364,11,37,0.008
706,34.617,66.121,15.1,35772,124690,124690,35733,13781,35485,179,43,43.08,15.33,22.14,269.4,night,64.784,0.123,0.177,0.538,23309,12492,133856,61828,29935,27730,14363,14363,17387,74,364,11,37,0.015
707,34.683,44.207,22.6,35768,124682,124682,35729,13781,35485,175,43,43.08,15.33,22.14,269.4,night,42.616,0.124,0.160,0.530,23309,12492,133856,61828,29935,27730,14363,14363,17387,74,364,11,37,0.012
708,34.727,43.554,23.0,35768,124682,124682,35729,13781,35485,175,43,43.08,15.33,22.14,269.4,night,42.182,0.122,0.168,0.541,23309,12492,133856,61828,29935,27730,14363,14363,17387,74,364,11,37,0.015
709,34.771,45.719,21.9,35768,124682,124682,35729,13781,35485,175,43,43.08,15.33,22.14,269.4,night,41.437,0.149,0.170,0.560,23309,12492,133856,61823,29942,27728,14363,14363,17387,74,364,11,37,0.013
710,34.817,43.118,23.2,35768,124682,124682,35729,13781,35485,175,43,43.08,15.33,22.14,269.4,night,41.696,0.225,0.161,0.531,23309,12492,133856,61823,29942,27728,14363,14363,17387,74,364,11,37,0.012
711,34.860,43.029,23.2,35768,124682,124682,35729,13781,35485,175,43,43.08,15.33,22.14,269.4,night,41.845,0.120,0.156,0.520,23309,12492,133856,61823,29942,27728,14363,14363,17387,74,364,11,37,0.014
712,34.903,44.410,22.5,35768,124682,124682,35729,13781,35485,175,43,43.08,15.33,22.14,269.4,night,42.926,0.230,0.253,0.579,23309,12492,133856,61823,29942,27728,14363,14363,17387,74,364,11,37,0.019
713,34.947,46.571,21.5,35768,124682,124682,35729,13781,35485,175,43,43.08,15.33,22.14,269.4,night,45.289,0.153,0.167,0.548,23309,12492,133856,61823,29942,27728,14363,14363,17387,74,364,11,37,0.015
714,34.994,47.686,21.0,35768,124682,124682,35729,13781,35485,175,43,43.08,15.33,22.14,269.4,night,43.453,0.123,0.164,0.517,23309,12492,133856,61820,29947,27726,14363,14363,17387,74,364,11,37,0.011
715,35.041,47.252,21.2,35772,124690,124690,35733,13781,35485,179,43,43.08,15.33,22.14,269.4,night,46.001,0.130,0.173,0.569,23309,12492,133856,61820,29947,27726,14363,14363,17387,74,364,11,37,0.008
716,35.089,42.955,23.3,35772,124690,124690,35733,13781,35485,179,43,43.08,15.33,22.14,269.4,night,41.659,0.123,0.165,0.609,23309,12492,133856,61820,29947,27726,14363,14363,17387,74,364,11,37,0.021
717,35.132,42.733,23.4,35772,124690,124690,35733,13781,35485,179,43,43.08,15.33,22.14,269.4,night,41.367,0.163,0.196,0.636,23309,12492,133856,61820,29947,27726,14363,14363,17387,74,364,11,37,0.013
718,35.175,44.559,22.4,35772,124690,124690,35733,13781,35485,179,43,43.08,15.33,22.14,269.4,night,43.327,0.130,0.170,0.552,23309,12492,133856,61820,29947,27726,14363,14363,17387,74,364,11,37,0.013
719,35.219,47.985,20.8,35772,124690,124690,35733,13781,35485,179,43,43.08,15.33,22.14,269.4,night,43.729,0.129,0.174,0.586,23309,12492,133856,61819,29951,27723,14363,14363,17387,74,364,11,37,0.011
720,35.267,53.013,18.9,35772,124690,124690,35733,13781,35485,179,43,43.08,15.33,22.14,269.4,night,51.740,0.128,0.212,0.565,23309,12492,133856,61819,29951,27723,14363,14363,17387,74,364,11,37,0.016
721,35.320,53.821,18.6,35772,124690,124690,35733,13781,35485,179,43,43.08,15.33,22.14,269.4,night,52.180,0.262,0.169,0.813,23309,12492,133856,61819,29951,27723,14363,14363,17387,74,364,11,37,0.011
722,35.374,49.962,20.0,35772,124690,124690,35733,13781,35485,179,43,43.08,15.33,22.14,269.4,night,48.665,0.130,0.188,0.566,23309,12492,133856,61819,29951,27723,14363,14363,17387,74,364,11,37,0.014
723,35.424,50.810,19.7,35776,124698,124698,35737,13781,35485,183,43,43.08,15.33,22.14,269.4,night,45.727,0.132,0.159,0.642,23309,12492,133856,61819,29955,27719,14363,14363,17387,74,364,11,37,0.021
724,35.475,49.336,20.3,35776,124698,124698,35737,13781,35485,183,43,43.08,15.33,22.14,269.4,night,47.745,0.134,0.178,0.664,23309,12492,133856,61819,29955,27719,14363,14363,17387,74,364,11,37,0.011
725,35.524,45.819,21.8,35776,124698,124698,35737,13781,35485,183,43,43.08,15.33,22.14,269.4,night,44.326,0.126,0.161,0.653,23309,12492,133856,61819,29955,27719,14363,14363,17387,74,364,11,37,0.012
726,35.570,45.686,21.9,35776,124698,124698,35737,13781,35485,183,43,43.08,15.33,22.14,269.4,night,44.152,0.131,0.184,0.701,23309,12492,133856,61819,29955,27719,14363,14363,17387,74,364,11,37,0.009
727,35.616,48.488,20.6,35776,124698,124698,35737,13781,35485,183,43,43.08,15.33,22.14,269.4,night,46.981,0.134,0.181,0.699,23309,12492,133856,61819,29955,27719,14363,14363,17387,74,364,11,37,0.010
728,35.664,47.008,21.3,35776,124698,124698,35737,13781,35485,183,43,43.08,15.33,22.14,269.4,night,42.447,0.125,0.174,0.683,23309,12492,133856,61819,29959,27715,14363,14363,17387,74,364,11,37,0.013
729,35.711,45.345,22.1,35776,124698,124698,35737,13781,35485,183,43,43.08,15.33,22.14,269.4,night,44.045,0.125,0.156,0.583,23309,12492,133856,61819,29959,27715,14363,14363,17387,74,364,11,37,0.010
730,35.757,42.731,23.4,35772,124690,124690,35733,13781,35485,179,43,43.08,15.33,22.14,269.4,night,41.272,0.156,0.183,0.566,23309,12492,133856,61819,29959,27715,14363,14363,17387,74,364,11,37,0.015
731,35.799,44.677,22.4,35772,124690,124690,35733,13781,35485,179,43,43.08,15.33,22.14,269.4,night,43.232,0.131,0.167,0.557,23309,12492,133856,61819,29959,27715,14363,14363,17387,74,364,11,37,0.018
732,35.844,48.622,20.6,35776,124698,124698,35737,13781,35485,183,43,43.08,15.33,22.14,269.4,night,47.333,0.130,0.172,0.577,23309,12492,133856,61819,29959,27715,14363,14363,17387,74,364,11,37,0.017
733,35.893,65.253,15.3,35776,124698,124698,35737,13781,35485,183,43,43.08,15.33,22.14,269.4,night,60.528,0.213,0.175,0.517,23309,12492,133856,61819,29961,27713,14363,14363,17387,74,364,11,37,0.015
734,35.958,73.097,13.7,35776,124698,124698,35737,13781,35485,183,43,43.08,15.33,22.14,269.4,night,71.781,0.133,0.289,0.532,23309,12492,133856,61819,29961,27713,14363,14363,17387,74,364,11,37,0.013
735,36.031,41.374,24.2,29097,85011,85011,29058,7651,28810,179,43,43.08,15.33,22.14,269.4,birdseye,40.284,0.110,0.139,0.465,23309,12492,133856,61819,29961,34388,7688,7688,17387,74,364,11,37,0.015
736,36.072,26.644,37.5,29097,85011,85011,29058,7651,28810,179,43,43.08,15.33,22.14,269.4,birdseye,25.579,0.108,0.135,0.434,23309,12492,133856,61819,29961,34388,7688,7688,17387,74,364,11,37,0.012
737,36.099,29.394,34.0,29097,85011,85011,29058,7651,28810,179,43,43.08,15.33,22.14,269.4,birdseye,25.551,0.108,0.148,0.503,23309,12492,133856,61819,29961,34388,7688,7688,17387,74,364,11,37,0.014
738,36.129,27.106,36.9,29097,85011,85011,29058,7651,28810,179,43,43.08,15.33,22.14,269.4,birdseye,25.979,0.110,0.137,0.446,23309,12492,133856,61819,29961,34388,7688,7688,17387,74,364,11,37,0.010
739,36.156,27.904,35.8,29097,85011,85011,29058,7651,28810,179,43,43.08,15.33,22.14,269.4,birdseye,26.404,0.186,0.203,0.700,23309,12492,133856,61819,29961,34388,7688,7688,17387,74,364,11,37,0.004
740,36.184,25.484,39.2,29097,85011,85011,29058,7651,28810,179,43,43.08,15.33,22.14,269.4,birdseye,24.416,0.105,0.132,0.469,23309,12492,133856,61819,29961,34388,7688,7688,17387,74,364,11,37,0.006
741,36.209,25.728,38.9,29097,85011,85011,29058,7651,28810,179,43,43.08,15.33,22.14,269.4,birdseye,24.766,0.105,0.126,0.435,23309,12492,133856,61819,29961,34388,7688,7688,17387,74,364,11,37,0.010
742,36.235,26.397,37.9,29097,85011,85011,29058,7651,28810,179,43,43.08,15.33,22.14,269.4,birdseye,25.382,0.105,0.133,0.442,23309,12492,133856,61819,29961,34388,7688,7688,17387,74,364,11,37,0.017
743,36.261,26.347,38.0,29097,85011,85011,29058,7651,28810,179,43,43.08,15.33,22.14,269.4,birdseye,25.241,0.108,0.138,0.479,23309,12492,133856,61819,29961,34388,7688,7688,17387,74,364,11,37,0.016
744,36.288,25.938,38.6,29097,85011,85011,29058,7651,28810,179,43,43.08,15.33,22.14,269.4,birdseye,24.812,0.103,0.137,0.471,23309,12492,133856,61819,29961,34388,7688,7688,17387,74,364,11,37,0.011
745,36.314,28.554,35.0,29101,85019,85019,29062,7651,28810,183,43,43.08,15.33,22.14,269.4,birdseye,24.475,0.109,0.142,0.449,23309,12492,133856,61819,29961,34388,7688,7688,17387,74,364,11,37,0.014
746,36.342,24.994,40.0,29101,85019,85019,29062,7651,28810,183,43,43.08,15.33,22.14,269.4,birdseye,23.820,0.105,0.134,0.465,23309,12492,133856,61819,29961,34388,7688,7688,17387,74,364,11,37,0.010
747,36.367,24.409,41.0,29101,85019,85019,29062,7651,28810,183,43,43.08,15.33,22.14,269.4,birdseye,23.500,0.114,0.120,0.400,23309,12492,133856,61819,29961,34388,7688,7688,17387,74,364,11,37,0.009
748,36.392,25.363,39.4,29101,85019,85019,29062,7651,28810,183,43,43.08,15.33,22.14,269.4,birdseye,24.466,0.103,0.155,0.400,23309,12492,133856,61819,29961,34388,7688,7688,17387,74,364,11,37,0.012
749,36.417,24.386,41.0,29101,85019,85019,29062,7651,28810,183,43,43.08,15.33,22.14,269.4,birdseye,23.444,0.101,0.126,0.433,23309,12492,133856,61819,29961,34388,7688,7688,17387,74,364,11,37,0.012
750,36.441,24.797,40.3,29101,85019,85019,29062,7651,28810,183,43,43.08,15.33,22.14,269.4,birdseye,23.761,0.114,0.135,0.447,23309,12492,133856,61819,29961,34388,7688,7688,17387,74,364,11,37,0.011
751,36.466,24.554,40.7,29101,85019,85019,29062,7651,28810,183,43,43.08,15.33,22.14,269.4,birdseye,23.422,0.102,0.135,0.456,23309,12492,133856,61819,29961,34388,7688,7688,17387,74,364,11,37,0.008
752,36.491,25.083,39.9,29101,85019,85019,29062,7651,28810,183,43,43.08,15.33,22.14,269.4,birdseye,24.004,0.105,0.155,0.470,23309,12492,133856,61819,29961,34388,7688,7688,17387,74,364,11,37,0.008
753,36.516,27.308,36.6,29101,85019,85019,29062,7651,28810,183,43,43.08,15.33,22.14,269.4,birdseye,23.380,0.101,0.135,0.447,23309,12492,133856,61819,29961,34388,7688,7688,17387,74,364,11,37,0.006
754,36.543,28.454,35.1,29105,85027,85027,29066,7651,28810,187,43,43.08,15.33,22.14,269.4,birdseye,26.670,0.182,0.127,1.198,23309,12492,133856,61819,29961,34388,7688,7688,17387,74,364,11,37,0.015
755,36.572,25.454,39.3,29105,85027,85027,29066,7651,28810,187,43,43.08,15.33,22.14,269.4,birdseye,24.395,0.106,0.147,0.449,23309,12492,133856,61819,29961,34388,7688,7688,17387,74,364,11,37,0.015
756,36.597,25.297,39.5,29105,85027,85027,29066,7651,28810,187,43,43.08,15.33,22.14,269.4,birdseye,24.108,0.109,0.133,0.448,23309,12492,133856,61819,29961,34388,7688,7688,17387,74,364,11,37,0.008
757,36.622,25.318,39.5,29105,85027,85027,29066,7651,28810,187,43,43.08,15.33,22.14,269.4,birdseye,24.257,0.105,0.134,0.434,23309,12492,133856,61819,29961,34388,7688,7688,17387,74,364,11,37,0.010
758,36.648,25.339,39.5,29101,85019,85019,29062,7651,28810,183,43,43.08,15.33,22.14,269.4,birdseye,24.298,0.114,0.131,0.418,23309,12492,133856,61819,29961,34388,7688,7688,17387,74,364,11,37,0.010
759,36.673,24.905,40.2,29097,85011,85011,29058,7651,28810,179,43,43.08,15.33,22.14,269.4,birdseye,23.993,0.101,0.135,0.419,23309,12492,133856,61819,29961,34388,7688,7688,17387,74,364,11,37,0.010
760,36.698,25.200,39.7,29097,85011,85011,29058,7651,28810,179,43,43.08,15.33,22.14,269.4,birdseye,24.185,0.102,0.130,0.401,23309,12492,133856,61819,29961,34388,7688,7688,17387,74,364,11,37,0.012
761,36.723,27.971,35.8,29097,85011,85011,29058,7651,28810,179,43,43.08,15.33,22.14,269.4,birdseye,23.834,0.134,0.132,0.430,23309,12492,133856,61819,29961,34388,7688,7688,17387,74,364,11,37,0.012
762,36.751,24.745,40.4,29097,85011,85011,29058,7651,28810,179,43,43.08,15.33,22.14,269.4,birdseye,23.827,0.099,0.123,0.396,23309,12492,133856,61819,29961,34388,7688,7688,17387,74,364,11,37,0.006
763,36.776,24.072,41.5,29097,85011,85011,29058,7651,28810,179,43,43.08,15.33,22.14,269.4,birdseye,23.111,0.094,0.169,0.398,23309,12492,133856,61819,29961,34388,7688,7688,17387,74,364,11,37,0.005
764,36.800,24.588,40.7,29097,85011,85011,29058,7651,28810,179,43,43.08,15.33,22.14,269.4,birdseye,23.283,0.101,0.132,0.476,23309,12492,133856,61819,29961,34388,7688,7688,17387,74,364,11,37,0.012
765,36.825,24.422,40.9,29097,85011,85011,29058,7651,28810,179,43,43.08,15.33,22.14,269.4,birdseye,23.285,0.096,0.130,0.413,23309,12492,133856,61819,29961,34388,7688,7688,17387,74,364,11,37,0.010
766,36.849,27.813,36.0,29101,85019,85019,29062,7651,28810,183,43,43.08,15.33,22.14,269.4,birdseye,26.277,0.177,0.221,0.706,23309,12492,133856,61819,29961,34388,7688,7688,17387,74,364,11,37,0.014
767,36.877,32.280,31.0,29101,85019,85019,29062,7651,28810,183,43,43.08,15.33,22.14,269.4,birdseye,31.195,0.112,0.158,0.470,23309,12492,133856,61819,29961,34388,7688,7688,17387,74,364,11,37,0.009
768,36.909,25.052,39.9,29101,85019,85019,29062,7651,28810,183,43,43.08,15.33,22.14,269.4,birdseye,24.131,0.101,0.121,0.407,23309,12492,133856,61819,29961,34388,7688,7688,17387,74,364,11,37,0.009
769,36.934,35.942,27.8,29101,85019,85019,29062,7651,28810,183,43,43.08,15.33,22.14,269.4,birdseye,32.221,0.158,0.123,0.390,23309,12492,133856,61819,29961,34388,7688,7688,17387,74,364,11,37,0.009
770,36.970,30.607,32.7,29101,85019,85019,29062,7651,28810,183,43,43.08,15.33,22.14,269.4,birdseye,29.721,0.099,0.137,0.394,23309,12492,133856,61819,29961,34388,7688,7688,17387,74,364,11,37,0.012
771,37.001,27.861,35.9,29101,85019,85019,29062,7651,28810,183,43,43.08,15.33,22.14,269.4,birdseye,26.903,0.160,0.119,0.401,23309,12492,133856,61819,29961,34388,7688,7688,17387,74,364,11,37,0.013
772,37.029,30.584,32.7,29101,85019,85019,29062,7651,28810,183,43,43.08,15.33,22.14,269.4,birdseye,29.587,0.103,0.138,0.423,23309,12492,133856,61819,29961,34388,7688,7688,17387,74,364,11,37,0.008
773,37.059,23.586,42.4,29101,85019,85019,29062,7651,28810,183,43,43.08,15.33,22.14,269.4,birdseye,22.548,0.101,0.144,0.438,23309,12492,133856,61819,29961,34388,7688,7688,17387,74,364,11,37,0.009
774,37.083,23.282,43.0,29101,85019,85019,29062,7651,28810,183,43,43.08,15.33,22.14,269.4,birdseye,22.385,0.105,0.131,0.390,23309,12492,133856,61819,29961,34388,7688,7688,17387,74,364,11,37,0.008
775,37.106,23.202,43.1,29097,85011,85011,29058,7651,28810,179,43,43.08,15.33,22.14,269.4,birdseye,22.331,0.098,0.123,0.408,23309,12492,133856,61819,29961,34388,7688,7688,17387,74,364,11,37,0.011
776,37.129,23.162,43.2,29097,85011,85011,29058,7651,28810,179,43,43.08,15.33,22.14,269.4,birdseye,22.365,0.093,0.118,0.367,23309,12492,133856,61819,29961,34388,7688,7688,17387,74,364,11,37,0.008
777,37.153,25.137,39.8,29097,85011,85011,29058,7651,28810,179,43,43.08,15.33,22.14,269.4,birdseye,21.677,0.094,0.124,0.416,23309,12492,133856,61819,29961,34388,7688,7688,17387,74,364,11,37,0.011
778,37.178,23.700,42.2,29097,85011,85011,29058,7651,28810,179,43,43.08,15.33,22.14,269.4,birdseye,22.859,0.098,0.119,0.393,23309,12492,133856,61819,29961,34388,7688,7688,17387,74,364,11,37,0.005
779,37.201,28.567,35.0,29097,85011,85011,29058,7651,28810,179,43,43.08,15.33,22.14,269.4,birdseye,26.873,0.159,0.124,1.143,23309,12492,133856,61819,29961,34388,7688,7688,17387,74,364,11,37,0.009
780,37.230,36.664,27.3,29097,85011,85011,29058,7651,28810,179,43,43.08,15.33,22.14,269.4,birdseye,35.691,0.096,0.136,0.392,23309,12492,133856,61819,29961,34388,7688,7688,17387,74,364,11,37,0.014
781,37.267,23.407,42.7,29097,85011,85011,29058,7651,28810,179,43,43.08,15.33,22.14,269.4,birdseye,22.497,0.094,0.130,0.397,23309,12492,133856,61819,29961,34388,7688,7688,17387,74,364,11,37,0.006
782,37.290,23.446,42.7,29101,85019,85019,29062,7651,28810,183,43,43.08,15.33,22.14,269.4,birdseye,22.530,0.095,0.117,0.389,23309,12492,133856,61819,29961,34388,7688,7688,17387,74,364,11,37,0.007
783,37.314,23.319,42.9,29101,85019,85019,29062,7651,28810,183,43,43.08,15.33,22.14,269.4,birdseye,22.267,0.094,0.140,0.403,23309,12492,133856,61819,29961,34388,7688,7688,17387,74,364,11,37,0.013
784,37.337,23.890,41.9,29101,85019,85019,29062,7651,28810,183,43,43.08,15.33,22.14,269.4,birdseye,22.910,0.099,0.129,0.374,23309,12492,133856,61819,29961,34388,7688,7688,17387,74,364,11,37,0.004
785,37.361,30.285,33.0,29101,85019,85019,29062,7651,28810,183,43,43.08,15.33,22.14,269.4,birdseye,26.338,0.094,0.117,0.394,23309,12492,133856,61819,29961,34388,7688,7688,17387,74,364,11,37,0.012
786,37.391,25.280,39.6,29101,85019,85019,29062,7651,28810,183,43,43.08,15.33,22.14,269.4,birdseye,24.132,0.106,0.131,0.550,23309,12492,133856,61819,29961,34388,7688,7688,17387,74,364,11,37,0.011
787,37.416,24.077,41.5,29105,85027,85027,29066,7651,28810,187,43,43.08,15.33,22.14,269.4,birdseye,23.203,0.106,0.122,0.403,23309,12492,133856,61819,29961,34388,7688,7688,17387,74,364,11,37,0.010
788,37.440,26.027,38.4,29105,85027,85027,29066,7651,28810,187,43,43.08,15.33,22.14,269.4,birdseye,25.094,0.099,0.148,0.429,23309,12492,133856,61819,29961,34388,7688,7688,17387,74,364,11,37,0.017
789,37.467,24.479,40.9,29105,85027,85027,29066,7651,28810,187,43,43.08,15.33,22.14,269.4,birdseye,23.505,0.111,0.133,0.403,23309,12492,133856,61819,29961,34388,7688,7688,17387,74,364,11,37,0.026
790,37.491,24.252,41.2,29105,85027,85027,29066,7651,28810,187,43,43.08,15.33,22.14,269.4,birdseye,23.371,0.101,0.126,0.397,23309,12492,133856,61819,29961,34388,7688,7688,17387,74,364,11,37,0.006
791,37.515,24.154,41.4,29105,85027,85027,29066,7651,28810,187,43,43.08,15.33,22.14,269.4,birdseye,23.226,0.105,0.126,0.432,23309,12492,133856,61819,29961,34388,7688,7688,17387,74,364,11,37,0.008
792,37.539,23.733,42.1,29105,85027,85027,29066,7651,28810,187,43,43.08,15.33,22.14,269.4,birdseye,22.836,0.100,0.121,0.412,23309,12492,133856,61819,29961,34388,7688,7688,17387,74,364,11,37,0.003
793,37.563,27.208,36.8,29105,85027,85027,29066,7651,28810,187,43,43.08,15.33,22.14,269.4,birdseye,22.939,0.102,0.121,0.417,23309,12492,133856,61819,29961,34388,7688,7688,17387,74,364,11,37,0.013
794,37.590,23.740,42.1,29109,85035,85035,29070,7651,28810,191,43,43.08,15.33,22.14,269.4,birdseye,22.792,0.101,0.125,0.434,23309,12492,133856,61819,29961,34388,7688,7688,17387,74,364,11,37,0.004
795,37.614,24.896,40.2,29109,85035,85035,29070,7651,28810,191,43,43.08,15.33,22.14,269.4,birdseye,23.714,0.103,0.201,0.628,23309,12492,133856,61819,29961,34388,7688,7688,17387,74,364,11,37,0.012
796,37.639,24.339,41.1,29109,85035,85035,29070,7651,28810,191,43,43.08,15.33,22.14,269.4,birdseye,23.114,0.102,0.129,0.687,23309,12492,133856,61819,29961,34388,7688,7688,17387,74,364,11,37,0.011
797,37.663,24.434,40.9,29109,85035,85035,29070,7651,28810,191,43,43.08,15.33,22.14,269.4,birdseye,23.481,0.110,0.151,0.429,23309,12492,133856,61819,29961,34388,7688,7688,17387,74,364,11,37,0.007
798,37.688,24.112,41.5,29109,85035,85035,29070,7651,28810,191,43,43.08,15.33,22.14,269.4,birdseye,22.969,0.104,0.171,0.530,23309,12492,133856,61819,29961,34388,7688,7688,17387,74,364,11,37,0.010
799,37.712,27.611,36.2,29109,85035,85035,29070,7651,28810,191,43,43.08,15.33,22.14,269.4,birdseye,23.329,0.172,0.216,3.537,23309,12492,133856,61819,29961,34388,7688,7688,17387,74,364,11,37,0.008
800,37.740,64.981,15.4,29109,85035,85035,29070,7651,28810,191,43,43.08,15.33,22.14,269.4,birdseye,60.273,0.213,0.220,3.678,23309,12492,133856,61819,29961,34388,7688,7688,17387,74,364,11,37,0.010
801,37.805,30.979,32.3,29109,85035,85035,29070,7651,28810,191,43,43.08,15.33,22.14,269.4,birdseye,22.463,0.103,0.131,0.467,23309,12492,133856,61819,29961,34388,7688,7688,17387,74,364,11,37,0.006
802,37.836,24.096,41.5,29105,85027,85027,29066,7651,28810,187,43,43.08,15.33,22.14,269.4,birdseye,23.105,0.102,0.127,0.445,23309,12492,133856,61819,29961,34388,7688,7688,17387,74,364,11,37,0.011
803,37.860,24.642,40.6,29105,85027,85027,29066,7651,28810,187,43,43.08,15.33,22.14,269.4,birdseye,23.580,0.105,0.142,0.482,23309,12492,133856,61819,29961,34388,7688,7688,17387,74,364,11,37,0.017
804,37.884,28.971,34.5,29105,85027,85027,29066,7651,28810,187,43,43.08,15.33,22.14,269.4,birdseye,27.904,0.182,0.131,0.446,23309,12492,133856,61819,29961,34388,7688,7688,17387,74,364,11,37,0.014
805,37.913,32.660,30.6,29105,85027,85027,29066,7651,28810,187,43,43.08,15.33,22.14,269.4,birdseye,31.537,0.105,0.143,0.487,23309,12492,133856,61819,29961,34388,7688,7688,17387,74,364,11,37,0.012
806,37.946,25.786,38.8,29101,85019,85019,29062,7651,28810,183,43,43.08,15.33,22.14,269.4,birdseye,24.832,0.105,0.137,0.439,23309,12492,133856,61819,29961,34388,7688,7688,17387,74,364,11,37,0.016
807,37.972,24.481,40.8,29101,85019,85019,29062,7651,28810,183,43,43.08,15.33,22.14,269.4,birdseye,23.449,0.103,0.147,0.437,23309,12492,133856,61819,29961,34388,7688,7688,17387,74,364,11,37,0.008
808,37.996,23.851,41.9,29101,85019,85019,29062,7651,28810,183,43,43.08,15.33,22.14,269.4,birdseye,22.965,0.099,0.128,0.407,23309,12492,133856,61819,29961,34388,7688,7688,17387,74,364,11,37,0.006
809,38.020,26.175,38.2,29101,85019,85019,29062,7651,28810,183,43,43.08,15.33,22.14,269.4,birdseye,22.576,0.099,0.121,0.409,23309,12492,133856,61819,29961,34388,7688,7688,17387,74,364,11,37,0.006
810,38.046,23.332,42.9,29101,85019,85019,29062,7651,28810,183,43,43.08,15.33,22.14,269.4,birdseye,22.548,0.098,0.122,0.368,23309,12492,133856,61819,29961,34388,7688,7688,17387,74,364,11,37,0.007
811,38.070,23.302,42.9,29101,85019,85019,29062,7651,28810,183,43,43.08,15.33,22.14,269.4,birdseye,22.463,0.099,0.129,0.387,23309,12492,133856,61819,29961,34388,7688,7688,17387,74,364,11,37,0.011
812,38.093,23.899,41.8,29101,85019,85019,29062,7651,28810,183,43,43.08,15.33,22.14,269.4,birdseye,23.013,0.115,0.120,0.390,23309,12492,133856,61819,29961,34388,7688,7688,17387,74,364,11,37,0.010
813,38.117,23.253,43.0,29101,85019,85019,29062,7651,28810,183,43,43.08,15.33,22.14,269.4,birdseye,22.389,0.101,0.120,0.389,23309,12492,133856,61819,29961,34388,7688,7688,17387,74,364,11,37,0.010
814,38.140,23.592,42.4,29101,85019,85019,29062,7651,28810,183,43,43.08,15.33,22.14,269.4,birdseye,22.580,0.102,0.124,0.395,23309,12492,133856,61819,29961,34388,7688,7688,17387,74,364,11,37,0.009
815,38.164,23.719,42.2,29101,85019,85019,29062,7651,28810,183,43,43.08,15.33,22.14,269.4,birdseye,22.824,0.115,0.121,0.410,23309,12492,133856,61819,29961,34388,7688,7688,17387,74,364,11,37,0.010
816,38.188,23.841,41.9,29105,85027,85027,29066,7651,28810,187,43,43.08,15.33,22.14,269.4,birdseye,22.935,0.103,0.119,0.439,23309,12492,133856,61819,29961,34388,7688,7688,17387,74,364,11,37,0.007
817,38.211,25.553,39.1,29105,85027,85027,29066,7651,28810,187,43,43.08,15.33,22.14,269.4,birdseye,24.323,0.102,0.201,0.533,23309,12492,133856,61819,29961,34388,7688,7688,17387,74,364,11,37,0.011
818,38.237,26.412,37.9,29105,85027,85027,29066,7651,28810,187,43,43.08,15.33,22.14,269.4,birdseye,22.545,0.104,0.131,0.416,23309,12492,133856,61819,29961,34388,7688,7688,17387,74,364,11,37,0.007
819,38.263,23.608,42.4,29105,85027,85027,29066,7651,28810,187,43,43.08,15.33,22.14,269.4,birdseye,22.401,0.099,0.131,0.450,23309,12492,133856,61819,29961,34388,7688,7688,17387,74,364,11,37,0.013
820,38.287,24.428,40.9,29105,85027,85027,29066,7651,28810,187,43,43.08,15.33,22.14,269.4,birdseye,23.122,0.113,0.149,0.471,23309,12492,133856,61819,29961,34388,7688,7688,17387,74,364,11,37,0.010
821,38.312,28.018,35.7,29105,85027,85027,29066,7651,28810,187,43,43.08,15.33,22.14,269.4,birdseye,26.843,0.101,0.133,0.436,23309,12492,133856,61819,29961,34388,7688,7688,17387,74,364,11,37,0.011
822,38.340,23.477,42.6,29105,85027,85027,29066,7651,28810,187,43,43.08,15.33,22.14,269.4,birdseye,22.383,0.101,0.134,0.428,23309,12492,133856,61819,29961,34388,7688,7688,17387,74,364,11,37,0.004
823,38.363,31.130,32.1,29105,85027,85027,29066,7651,28810,187,43,43.08,15.33,22.14,269.4,birdseye,30.130,0.104,0.117,0.401,23309,12492,133856,61819,29961,34388,7688,7688,17387,74,364,11,37,0.009
824,38.394,26.464,37.8,29105,85027,85027,29066,7651,28810,187,43,43.08,15.33,22.14,269.4,birdseye,25.501,0.104,0.125,0.424,23309,12492,133856,61819,29961,34388,7688,7688,17387,74,364,11,37,0.013
825,38.421,23.689,42.2,29105,85027,85027,29066,7651,28810,187,43,43.08,15.33,22.14,269.4,birdseye,22.727,0.102,0.135,0.424,23309,12492,133856,61819,29961,34388,7688,7688,17387,74,364,11,37,0.010
826,38.444,26.812,37.3,29105,85027,85027,29066,7651,28810,187,43,43.08,15.33,22.14,269.4,birdseye,22.967,0.111,0.126,0.400,23309,12492,133856,61819,29961,34388,7688,7688,17387,74,364,11,37,0.010
827,38.471,23.368,42.8,29101,85019,85019,29062,7651,28810,183,43,43.08,15.33,22.14,269.4,birdseye,22.453,0.099,0.121,0.419,23309,12492,133856,61819,29961,34388,7688,7688,17387,74,364,11,37,0.011
828,38.495,23.645,42.3,29101,85019,85019,29062,7651,28810,183,43,43.08,15.33,22.14,269.4,birdseye,22.647,0.099,0.132,0.416,23309,12492,133856,61819,29961,34388,7688,7688,17387,74,364,11,37,0.009
829,38.518,23.624,42.3,29101,85019,85019,29062,7651,28810,183,43,43.08,15.33,22.14,269.4,birdseye,22.715,0.100,0.124,0.398,23309,12492,133856,61819,29961,34388,7688,7688,17387,74,364,11,37,0.010
830,38.542,25.022,40.0,29101,85019,85019,29062,7651,28810,183,43,43.08,15.33,22.14,269.4,birdseye,24.029,0.103,0.128,0.396,23309,12492,133856,61819,29961,34388,7688,7688,17387,74,364,11,37,0.010
831,38.567,24.346,41.1,29101,85019,85019,29062,7651,28810,183,43,43.08,15.33,22.14,269.4,birdseye,23.221,0.106,0.133,0.444,23309,12492,133856,61819,29961,34388,7688,7688,17387,74,364,11,37,0.011
832,38.591,24.503,40.8,29101,85019,85019,29062,7651,28810,183,43,43.08,15.33,22.14,269.4,birdseye,23.318,0.109,0.142,0.421,23309,12492,133856,61819,29961,34388,7688,7688,17387,74,364,11,37,0.011
833,38.616,26.889,37.2,29097,85011,85011,29058,7651,28810,179,43,43.08,15.33,22.14,269.4,birdseye,25.839,0.103,0.139,0.426,23309,12492,133856,61819,29961,34388,7688,7688,17387,74,364,11,37,0.013
834,38.643,24.483,40.8,29097,85011,85011,29058,7651,28810,179,43,43.08,15.33,22.14,269.4,birdseye,23.558,0.098,0.125,0.416,23309,12492,133856,61819,29961,34388,7688,7688,17387,74,364,11,37,0.010
835,38.667,27.349,36.6,29097,85011,85011,29058,7651,28810,179,43,43.08,15.33,22.14,269.4,birdseye,22.645,0.101,0.134,0.448,23309,12492,133856,61819,29961,34388,7688,7688,17387,74,364,11,37,0.010
836,38.695,23.588,42.4,29097,85011,85011,29058,7651,28810,179,43,43.08,15.33,22.14,269.4,birdseye,22.681,0.100,0.120,0.396,23309,12492,133856,61819,29961,34388,7688,7688,17387,74,364,11,37,0.006
837,38.718,23.634,42.3,29097,85011,85011,29058,7651,28810,179,43,43.08,15.33,22.14,269.4,birdseye,22.683,0.099,0.140,0.406,23309,12492,133856,61819,29961,34388,7688,7688,17387,74,364,11,37,0.011
838,38.742,24.892,40.2,29097,85011,85011,29058,7651,28810,179,43,43.08,15.33,22.14,269.4,birdseye,23.921,0.101,0.124,0.434,23309,12492,133856,61819,29961,34388,7688,7688,17387,74,364,11,37,0.012
839,38.767,24.026,41.6,29097,85011,85011,29058,7651,28810,179,43,43.08,15.33,22.14,269.4,birdseye,23.078,0.098,0.125,0.391,23309,12492,133856,61819,29961,34388,7688,7688,17387,74,364,11,37,0.014
840,38.791,24.338,41.1,29097,85011,85011,29058,7651,28810,179,43,43.08,15.33,22.14,269.4,birdseye,23.348,0.102,0.137,0.374,23309,12492,133856,61819,29961,34388,7688,7688,17387,74,364,11,37,0.008
841,38.815,23.844,41.9,29097,85011,85011,29058,7651,28810,179,43,43.08,15.33,22.14,269.4,birdseye,22.844,0.101,0.132,0.426,23309,12492,133856,61819,29961,34388,7688,7688,17387,74,364,11,37,0.010
842,38.839,27.545,36.3,29097,85011,85011,29058,7651,28810,179,43,43.08,15.33,22.14,269.4,birdseye,26.531,0.165,0.131,0.415,23309,12492,133856,61819,29961,34388,7688,7688,17387,74,364,11,37,0.015
843,38.867,25.498,39.2,29097,85011,85011,29058,7651,28810,179,43,43.08,15.33,22.14,269.4,birdseye,24.583,0.105,0.132,0.426,23309,12492,133856,61819,29961,34388,7688,7688,17387,74,364,11,37,0.009
844,38.892,28.471,35.1,29097,85011,85011,29058,7651,28810,179,43,43.08,15.33,22.14,269.4,birdseye,24.270,0.099,0.123,0.557,23309,12492,133856,61819,29961,34388,7688,7688,17387,74,364,11,37,0.010
845,38.921,24.504,40.8,29097,85011,85011,29058,7651,28810,179,43,43.08,15.33,22.14,269.4,birdseye,23.428,0.104,0.130,0.405,23309,12492,133856,61819,29961,34388,7688,7688,17387,74,364,11,37,0.008
846,38.945,27.457,36.4,29097,85011,85011,29058,7651,28810,179,43,43.08,15.33,22.14,269.4,birdseye,26.291,0.102,0.130,0.444,23309,12492,133856,61819,29961,34388,7688,7688,17387,74,364,11,37,0.008
847,38.973,24.863,40.2,29097,85011,85011,29058,7651,28810,179,43,43.08,15.33,22.14,269.4,birdseye,23.717,0.097,0.125,0.436,23309,12492,133856,61819,29961,34388,7688,7688,17387,74,364,11,37,0.013
848,38.997,24.239,41.3,29097,85011,85011,29058,7651,28810,179,43,43.08,15.33,22.14,269.4,birdseye,23.182,0.098,0.120,0.446,23309,12492,133856,61819,29961,34388,7688,7688,17387,74,364,11,37,0.008
849,39.022,24.695,40.5,29097,85011,85011,29058,7651,28810,179,43,43.08,15.33,22.14,269.4,birdseye,23.633,0.096,0.113,0.408,23309,12492,133856,61819,29961,34388,7688,7688,17387,74,364,11,37,0.007
850,39.046,24.378,41.0,29097,85011,85011,29058,7651,28810,179,43,43.08,15.33,22.14,269.4,birdseye,23.458,0.098,0.130,0.388,23309,12492,133856,61819,29961,34388,7688,7688,17387,74,364,11,37,0.010
851,39.071,24.931,40.1,29097,85011,85011,29058,7651,28810,179,43,43.08,15.33,22.14,269.4,birdseye,23.281,0.164,0.122,1.059,23309,12492,133856,61819,29961,34388,7688,7688,17387,74,364,11,37,0.013
852,39.096,26.197,38.2,29097,85011,85011,29058,7651,28810,179,43,43.08,15.33,22.14,269.4,birdseye,22.711,0.099,0.125,0.411,23309,12492,133856,61819,29961,34388,7688,7688,17387,74,364,11,37,0.007
853,39.122,23.856,41.9,29097,85011,85011,29058,7651,28810,179,43,43.08,15.33,22.14,269.4,birdseye,22.837,0.095,0.137,0.380,23309,12492,133856,61819,29961,34388,7688,7688,17387,74,364,11,37,0.007
854,39.146,23.694,42.2,29097,85011,85011,29058,7651,28810,179,43,43.08,15.33,22.14,269.4,birdseye,22.500,0.104,0.139,0.478,23309,12492,133856,61819,29961,34388,7688,7688,17387,74,364,11,37,0.008
855,39.170,24.003,41.7,29097,85011,85011,29058,7651,28810,179,43,43.08,15.33,22.14,269.4,birdseye,22.965,0.098,0.146,0.415,23309,12492,133856,61819,29961,34388,7688,7688,17387,74,364,11,37,0.008
856,39.194,24.514,40.8,29097,85011,85011,29058,7651,28810,179,43,43.08,15.33,22.14,269.4,birdseye,23.580,0.115,0.121,0.415,23309,12492,133856,61819,29961,34388,7688,7688,17387,74,364,11,37,0.008
857,39.218,24.575,40.7,29097,85011,85011,29058,7651,28810,179,43,43.08,15.33,22.14,269.4,birdseye,23.703,0.097,0.126,0.390,23309,12492,133856,61819,29961,34388,7688,7688,17387,74,364,11,37,0.008
858,39.243,23.935,41.8,29097,85011,85011,29058,7651,28810,179,43,43.08,15.33,22.14,269.4,birdseye,22.859,0.098,0.177,0.441,23309,12492,133856,61819,29961,34388,7688,7688,17387,74,364,11,37,0.009
859,39.267,24.000,41.7,29097,85011,85011,29058,7651,28810,179,43,43.08,15.33,22.14,269.4,birdseye,23.076,0.094,0.119,0.401,23309,12492,133856,61819,29961,34388,7688,7688,17387,74,364,11,37,0.006
860,39.291,27.494,36.4,29097,85011,85011,29058,7651,28810,179,43,43.08,15.33,22.14,269.4,birdseye,26.451,0.097,0.131,0.542,23309,12492,133856,61819,29961,34388,7688,7688,17387,74,364,11,37,0.011
861,39.318,45.650,21.9,29097,85011,85011,29058,7651,28810,179,43,43.08,15.33,22.14,269.4,birdseye,41.084,0.102,0.128,0.937,23309,12492,133856,61819,29961,34388,7688,7688,17387,74,364,11,37,0.018
862,39.364,28.459,35.1,29097,85011,85011,29058,7651,28810,179,43,43.08,15.33,22.14,269.4,birdseye,27.397,0.106,0.142,0.429,23309,12492,133856,61819,29961,34388,7688,7688,17387,74,364,11,37,0.006
863,39.392,25.036,39.9,29097,85011,85011,29058,7651,28810,179,43,43.08,15.33,22.14,269.4,birdseye,24.050,0.101,0.127,0.440,23309,12492,133856,61819,29961,34388,7688,7688,17387,74,364,11,37,0.015
864,39.417,25.095,39.8,29097,85011,85011,29058,7651,28810,179,43,43.08,15.33,22.14,269.4,birdseye,24.184,0.101,0.124,0.415,23309,12492,133856,61819,29961,34388,7688,7688,17387,74,364,11,37,0.005
865,39.442,24.201,41.3,29097,85011,85011,29058,7651,28810,179,43,43.08,15.33,22.14,269.4,birdseye,23.256,0.101,0.122,0.397,23309,12492,133856,61819,29961,34388,7688,7688,17387,74,364,11,37,0.008
866,39.467,23.886,41.9,29101,85019,85019,29062,7651,28810,183,43,43.08,15.33,22.14,269.4,birdseye,23.025,0.098,0.117,0.397,23309,12492,133856,61819,29961,34388,7688,7688,17387,74,364,11,37,0.005
867,39.491,24.102,41.5,29101,85019,85019,29062,7651,28810,183,43,43.08,15.33,22.14,269.4,birdseye,23.155,0.099,0.124,0.417,23309,12492,133856,61819,29961,34388,7688,7688,17387,74,364,11,37,0.010
868,39.515,25.846,38.7,29101,85019,85019,29062,7651,28810,183,43,43.08,15.33,22.14,269.4,birdseye,24.843,0.114,0.144,0.431,23309,12492,133856,61819,29961,34388,7688,7688,17387,74,364,11,37,0.011
869,39.541,30.422,32.9,29101,85019,85019,29062,7651,28810,183,43,43.08,15.33,22.14,269.4,birdseye,26.162,0.103,0.136,0.423,23309,12492,133856,61819,29961,34388,7688,7688,17387,74,364,11,37,0.009
870,39.571,24.533,40.8,29101,85019,85019,29062,7651,28810,183,43,43.08,15.33,22.14,269.4,birdseye,23.563,0.103,0.130,0.426,23309,12492,133856,61819,29961,34388,7688,7688,17387,74,364,11,37,0.007
871,39.596,28.993,34.5,29101,85019,85019,29062,7651,28810,183,43,43.08,15.33,22.14,269.4,birdseye,27.551,0.201,0.225,0.691,23309,12492,133856,61819,29961,34388,7688,7688,17387,74,364,11,37,0.010
872,39.625,30.131,33.2,29101,85019,85019,29062,7651,28810,183,43,43.08,15.33,22.14,269.4,birdseye,29.203,0.100,0.125,0.407,23309,12492,133856,61819,29961,34388,7688,7688,17387,74,364,11,37,0.012
873,39.655,24.760,40.4,29105,85027,85027,29066,7651,28810,187,43,43.08,15.33,22.14,269.4,birdseye,23.820,0.103,0.125,0.409,23309,12492,133856,61819,29961,34388,7688,7688,17387,74,364,11,37,0.011
874,39.679,23.523,42.5,29105,85027,85027,29066,7651,28810,187,43,43.08,15.33,22.14,269.4,birdseye,22.582,0.118,0.121,0.404,23309,12492,133856,61819,29961,34388,7688,7688,17387,74,364,11,37,0.012
875,39.703,23.624,42.3,29105,85027,85027,29066,7651,28810,187,43,43.08,15.33,22.14,269.4,birdseye,22.696,0.098,0.126,0.427,23309,12492,133856,61819,29961,34388,7688,7688,17387,74,364,11,37,0.010
876,39.727,23.695,42.2,29105,85027,85027,29066,7651,28810,187,43,43.08,15.33,22.14,269.4,birdseye,22.746,0.102,0.125,0.429,23309,12492,133856,61819,29961,34388,7688,7688,17387,74,364,11,37,0.008
877,39.750,27.814,36.0,29105,85027,85027,29066,7651,28810,187,43,43.08,15.33,22.14,269.4,birdseye,24.029,0.105,0.139,0.443,23309,12492,133856,61819,29961,34388,7688,7688,17387,74,364,11,37,0.012
878,39.778,23.580,42.4,29105,85027,85027,29066,7651,28810,187,43,43.08,15.33,22.14,269.4,birdseye,22.638,0.104,0.135,0.384,23309,12492,133856,61819,29961,34388,7688,7688,17387,74,364,11,37,0.007
879,39.802,23.702,42.2,29105,85027,85027,29066,7651,28810,187,43,43.08,15.33,22.14,269.4,birdseye,22.741,0.102,0.130,0.438,23309,12492,133856,61819,29961,34388,7688,7688,17387,74,364,11,37,0.008
880,39.826,23.894,41.9,29105,85027,85027,29066,7651,28810,187,43,43.08,15.33,22.14,269.4,birdseye,23.016,0.099,0.118,0.392,23309,12492,133856,61819,29961,34388,7688,7688,17387,74,364,11,37,0.009
881,39.849,28.444,35.2,29105,85027,85027,29066,7651,28810,187,43,43.08,15.33,22.14,269.4,birdseye,27.443,0.110,0.148,0.445,23309,12492,133856,61819,29961,34388,7688,7688,17387,74,364,11,37,0.013
882,39.878,24.851,40.2,29105,85027,85027,29066,7651,28810,187,43,43.08,15.33,22.14,269.4,birdseye,23.902,0.102,0.125,0.400,23309,12492,133856,61819,29961,34388,7688,7688,17387,74,364,11,37,0.006
883,39.903,24.158,41.4,29105,85027,85027,29066,7651,28810,187,43,43.08,15.33,22.14,269.4,birdseye,23.075,0.102,0.160,0.432,23309,12492,133856,61819,29961,34388,7688,7688,17387,74,364,11,37,0.011
884,39.927,23.251,43.0,29105,85027,85027,29066,7651,28810,187,43,43.08,15.33,22.14,269.4,birdseye,22.400,0.104,0.130,0.386,23309,12492,133856,61819,29961,34388,7688,7688,17387,74,364,11,37,0.010
885,39.950,24.263,41.2,29105,85027,85027,29066,7651,28810,187,43,43.08,15.33,22.14,269.4,birdseye,23.344,0.101,0.127,0.461,23309,12492,133856,61819,29961,34388,7688,7688,17387,74,364,11,37,0.012
886,39.974,27.098,36.9,29105,85027,85027,29066,7651,28810,187,43,43.08,15.33,22.14,269.4,birdseye,22.693,0.101,0.123,0.447,23309,12492,133856,61819,29961,34388,7688,7688,17387,74,364,11,37,0.014
887,40.002,23.448,42.6,29105,85027,85027,29066,7651,28810,187,43,43.08,15.33,22.14,269.4,birdseye,22.470,0.098,0.116,0.371,23309,12492,133856,61819,29961,34388,7688,7688,17387,74,364,11,37,0.008
888,40.025,23.455,42.6,29101,85019,85019,29062,7651,28810,183,43,43.08,15.33,22.14,269.4,birdseye,22.397,0.100,0.121,0.429,23309,12492,133856,61819,29961,34388,7688,7688,17387,74,364,11,37,0.009
889,40.049,23.308,42.9,29101,85019,85019,29062,7651,28810,183,43,43.08,15.33,22.14,269.4,birdseye,22.314,0.097,0.127,0.390,23309,12492,133856,61819,29961,34388,7688,7688,17387,74,364,11,37,0.012
890,40.072,23.778,42.1,29101,85019,85019,29062,7651,28810,183,43,43.08,15.33,22.14,269.4,birdseye,22.693,0.096,0.123,0.437,23309,12492,133856,61819,29961,34388,7688,7688,17387,74,364,11,37,0.004
891,40.096,24.202,41.3,29101,85019,85019,29062,7651,28810,183,43,43.08,15.33,22.14,269.4,birdseye,23.188,0.101,0.162,0.426,23309,12492,133856,61819,29961,34388,7688,7688,17387,74,364,11,37,0.004
892,40.120,23.807,42.0,29101,85019,85019,29062,7651,28810,183,43,43.08,15.33,22.14,269.4,birdseye,22.660,0.096,0.140,0.409,23309,12492,133856,61819,29961,34388,7688,7688,17387,74,364,11,37,0.008
893,40.144,23.986,41.7,29101,85019,85019,29062,7651,28810,183,43,43.08,15.33,22.14,269.4,birdseye,22.898,0.099,0.127,0.437,23309,12492,133856,61819,29961,34388,7688,7688,17387,74,364,11,37,0.010
894,40.168,23.866,41.9,29101,85019,85019,29062,7651,28810,183,43,43.08,15.33,22.14,269.4,birdseye,22.772,0.106,0.130,0.437,23309,12492,133856,61819,29961,34388,7688,7688,17387,74,364,11,37,0.005
895,40.192,32.281,31.0,29101,85019,85019,29062,7651,28810,183,43,43.08,15.33,22.14,269.4,birdseye,27.565,0.101,0.133,0.441,23309,12492,133856,61819,29961,34388,7688,7688,17387,74,364,11,37,0.015
896,40.224,23.781,42.1,29101,85019,85019,29062,7651,28810,183,43,43.08,15.33,22.14,269.4,birdseye,22.722,0.100,0.132,0.463,23309,12492,133856,61819,29961,34388,7688,7688,17387,74,364,11,37,0.012
897,40.248,23.312,42.9,29101,85019,85019,29062,7651,28810,183,43,43.08,15.33,22.14,269.4,birdseye,22.471,0.101,0.121,0.371,23309,12492,133856,61819,29961,34388,7688,7688,17387,74,364,11,37,0.008
898,40.271,23.281,43.0,29101,85019,85019,29062,7651,28810,183,43,43.08,15.33,22.14,269.4,birdseye,22.287,0.099,0.137,0.445,23309,12492,133856,61819,29961,34388,7688,7688,17387,74,364,11,37,0.010
899,40.294,27.022,37.0,29097,85011,85011,29058,7651,28810,179,43,43.08,15.33,22.14,269.4,birdseye,25.985,0.101,0.173,0.454,23309,12492,133856,61819,29961,34388,7688,7688,17387,74,364,11,37,0.006
900,40.321,41.968,23.8,29097,85011,85011,29058,7651,28810,179,43,43.08,15.33,22.14,269.4,birdseye,40.875,0.180,0.142,0.422,23309,12492,133856,61819,29961,34388,7688,7688,17387,74,364,11,37,0.024
901,40.363,32.719,30.6,29097,85011,85011,29058,7651,28810,179,43,43.08,15.33,22.14,269.4,birdseye,31.699,0.111,0.137,0.419,23309,12492,133856,61819,29961,34388,7688,7688,17387,74,364,11,37,0.010
902,40.396,26.925,37.1,29097,85011,85011,29058,7651,28810,179,43,43.08,15.33,22.14,269.4,birdseye,22.921,0.166,0.127,1.053,23309,12492,133856,61819,29961,34388,7688,7688,17387,74,364,11,37,0.009
903,40.423,23.645,42.3,29097,85011,85011,29058,7651,28810,179,43,43.08,15.33,22.14,269.4,birdseye,22.732,0.099,0.128,0.398,23309,12492,133856,61819,29961,34388,7688,7688,17387,74,364,11,37,0.010
904,40.447,23.815,42.0,29097,85011,85011,29058,7651,28810,179,43,43.08,15.33,22.14,269.4,birdseye,22.927,0.103,0.134,0.400,23309,12492,133856,61819,29961,34388,7688,7688,17387,74,364,11,37,0.007
905,40.470,23.884,41.9,29097,85011,85011,29058,7651,28810,179,43,43.08,15.33,22.14,269.4,birdseye,22.485,0.096,0.123,0.847,23309,12492,133856,61819,29961,34388,7688,7688,17387,74,364,11,37,0.009
906,40.494,23.781,42.1,29097,85011,85011,29058,7651,28810,179,43,43.08,15.33,22.14,269.4,birdseye,22.796,0.097,0.143,0.408,23309,12492,133856,61819,29961,34388,7688,7688,17387,74,364,11,37,0.009
907,40.518,24.957,40.1,29097,85011,85011,29058,7651,28810,179,43,43.08,15.33,22.14,269.4,birdseye,24.009,0.117,0.126,0.410,23309,12492,133856,61819,29961,34388,7688,7688,17387,74,364,11,37,0.019
908,40.543,28.361,35.3,29097,85011,85011,29058,7651,28810,179,43,43.08,15.33,22.14,269.4,birdseye,27.357,0.105,0.126,0.432,23309,12492,133856,61819,29961,34388,7688,7688,17387,74,364,11,37,0.011
909,40.572,25.046,39.9,29097,85011,85011,29058,7651,28810,179,43,43.08,15.33,22.14,269.4,birdseye,24.148,0.100,0.124,0.400,23309,12492,133856,61819,29961,34388,7688,7688,17387,74,364,11,37,0.007
910,40.597,33.718,29.7,29097,85011,85011,29058,7651,28810,179,43,43.08,15.33,22.14,269.4,birdseye,29.656,0.176,0.215,0.699,23309,12492,133856,61819,29961,34388,7688,7688,17387,74,364,11,37,0.018
911,40.630,26.717,37.4,29097,85011,85011,29058,7651,28810,179,43,43.08,15.33,22.14,269.4,birdseye,25.742,0.100,0.128,0.425,23309,12492,133856,61819,29961,34388,7688,7688,17387,74,364,11,37,0.011
912,40.657,24.067,41.6,29097,85011,85011,29058,7651,28810,179,43,43.08,15.33,22.14,269.4,birdseye,22.921,0.101,0.140,0.483,23309,12492,133856,61819,29961,34388,7688,7688,17387,74,364,11,37,0.010
913,40.681,23.877,41.9,29097,85011,85011,29058,7651,28810,179,43,43.08,15.33,22.14,269.4,birdseye,22.793,0.103,0.126,0.400,23309,12492,133856,61819,29961,34388,7688,7688,17387,74,364,11,37,0.011
914,40.705,23.471,42.6,29097,85011,85011,29058,7651,28810,179,43,43.08,15.33,22.14,269.4,birdseye,22.537,0.097,0.130,0.420,23309,12492,133856,61819,29961,34388,7688,7688,17387,74,364,11,37,0.008
915,40.729,24.006,41.7,29097,85011,85011,29058,7651,28810,179,43,43.08,15.33,22.14,269.4,birdseye,23.086,0.098,0.124,0.422,23309,12492,133856,61819,29961,34388,7688,7688,17387,74,364,11,37,0.006
916,40.753,24.504,40.8,29097,85011,85011,29058,7651,28810,179,43,43.08,15.33,22.14,269.4,birdseye,23.082,0.188,0.213,0.675,23309,12492,133856,61819,29961,34388,7688,7688,17387,74,364,11,37,0.015
917,40.777,23.848,41.9,29097,85011,85011,29058,7651,28810,179,43,43.08,15.33,22.14,269.4,birdseye,22.896,0.095,0.138,0.395,23309,12492,133856,61819,29961,34388,7688,7688,17387,74,364,11,37,0.009
918,40.801,26.576,37.6,29097,85011,85011,29058,7651,28810,179,43,43.08,15.33,22.14,269.4,birdseye,22.866,0.095,0.123,0.422,23309,12492,133856,61819,29961,34388,7688,7688,17387,74,364,11,37,0.010
919,40.828,23.511,42.5,29097,85011,85011,29058,7651,28810,179,43,43.08,15.33,22.14,269.4,birdseye,22.524,0.114,0.125,0.431,23309,12492,133856,61819,29961,34388,7688,7688,17387,74,364,11,37,0.008
920,40.851,29.042,34.4,29097,85011,85011,29058,7651,28810,179,43,43.08,15.33,22.14,269.4,birdseye,27.903,0.112,0.192,0.518,23309,12492,133856,61819,29961,34388,7688,7688,17387,74,364,11,37,0.011
921,40.880,30.742,32.5,29097,85011,85011,29058,7651,28810,179,43,43.08,15.33,22.14,269.4,birdseye,29.774,0.102,0.141,0.416,23309,12492,133856,61819,29961,34388,7688,7688,17387,74,364,11,37,0.014
922,40.911,33.768,29.6,29097,85011,85011,29058,7651,28810,179,43,43.08,15.33,22.14,269.4,birdseye,32.743,0.156,0.119,0.403,23309,12492,133856,61819,29961,34388,7688,7688,17387,74,364,11,37,0.008
923,40.945,30.517,32.8,29097,85011,85011,29058,7651,28810,179,43,43.08,15.33,22.14,269.4,birdseye,29.557,0.105,0.127,0.399,23309,12492,133856,61819,29961,34388,7688,7688,17387,74,364,11,37,0.008
924,40.975,23.369,42.8,29097,85011,85011,29058,7651,28810,179,43,43.08,15.33,22.14,269.4,birdseye,22.463,0.097,0.127,0.411,23309,12492,133856,61819,29961,34388,7688,7688,17387,74,364,11,37,0.014
925,40.999,35.326,28.3,29097,85011,85011,29058,7651,28810,179,43,43.08,15.33,22.14,269.4,birdseye,34.327,0.154,0.137,0.393,23309,12492,133856,61819,29961,34388,7688,7688,17387,74,364,11,37,0.011
926,41.034,42.149,23.7,29097,85011,85011,29058,7651,28810,179,43,43.08,15.33,22.14,269.4,birdseye,38.391,0.159,0.121,0.397,23309,12492,133856,61819,29961,34388,7688,7688,17387,74,364,11,37,0.006
927,41.076,26.324,38.0,29101,85019,85019,29062,7651,28810,183,43,43.08,15.33,22.14,269.4,birdseye,25.492,0.093,0.113,0.377,23309,12492,133856,61819,29961,34388,7688,7688,17387,74,364,11,37,0.012
928,41.102,22.408,44.6,29101,85019,85019,29062,7651,28810,183,43,43.08,15.33,22.14,269.4,birdseye,21.581,0.092,0.133,0.373,23309,12492,133856,61819,29961,34388,7688,7688,17387,74,364,11,37,0.010
929,41.125,22.388,44.7,29101,85019,85019,29062,7651,28810,183,43,43.08,15.33,22.14,269.4,birdseye,21.555,0.094,0.123,0.394,23309,12492,133856,61819,29961,34388,7688,7688,17387,74,364,11,37,0.008
930,41.147,22.804,43.9,29101,85019,85019,29062,7651,28810,183,43,43.08,15.33,22.14,269.4,birdseye,21.937,0.100,0.113,0.376,23309,12492,133856,61819,29961,34388,7688,7688,17387,74,364,11,37,0.011
931,41.170,22.563,44.3,29101,85019,85019,29062,7651,28810,183,43,43.08,15.33,22.14,269.4,birdseye,21.562,0.096,0.116,0.389,23309,12492,133856,61819,29961,34388,7688,7688,17387,74,364,11,37,0.009
932,41.193,22.897,43.7,29101,85019,85019,29062,7651,28810,183,43,43.08,15.33,22.14,269.4,birdseye,21.952,0.097,0.119,0.414,23309,12492,133856,61819,29961,34388,7688,7688,17387,74,364,11,37,0.008
933,41.216,24.884,40.2,29101,85019,85019,29062,7651,28810,183,43,43.08,15.33,22.14,269.4,birdseye,23.976,0.105,0.122,0.401,23309,12492,133856,61819,29961,34388,7688,7688,17387,74,364,11,37,0.011
934,41.240,26.360,37.9,29105,85027,85027,29066,7651,28810,187,43,43.08,15.33,22.14,269.4,birdseye,22.747,0.095,0.126,0.437,23309,12492,133856,61819,29961,34388,7688,7688,17387,74,364,11,37,0.010
935,41.267,23.494,42.6,29105,85027,85027,29066,7651,28810,187,43,43.08,15.33,22.14,269.4,birdseye,22.381,0.098,0.129,0.463,23309,12492,133856,61819,29961,34388,7688,7688,17387,74,364,11,37,0.014
936,41.290,23.351,42.8,29105,85027,85027,29066,7651,28810,187,43,43.08,15.33,22.14,269.4,birdseye,22.443,0.098,0.121,0.385,23309,12492,133856,61819,29961,34388,7688,7688,17387,74,364,11,37,0.006
937,41.314,27.060,37.0,29105,85027,85027,29066,7651,28810,187,43,43.08,15.33,22.14,269.4,birdseye,26.220,0.098,0.117,0.411,23309,12492,133856,61819,29961,34388,7688,7688,17387,74,364,11,37,0.007
938,41.341,22.512,44.4,29101,85019,85019,29062,7651,28810,183,43,43.08,15.33,22.14,269.4,birdseye,21.652,0.095,0.121,0.405,23309,12492,133856,61819,29961,34388,7688,7688,17387,74,364,11,37,0.013
939,41.363,26.530,37.7,29101,85019,85019,29062,7651,28810,183,43,43.08,15.33,22.14,269.4,birdseye,25.647,0.095,0.145,0.394,23309,12492,133856,61819,29961,34388,7688,7688,17387,74,364,11,37,0.013
940,41.390,23.953,41.7,29101,85019,85019,29062,7651,28810,183,43,43.08,15.33,22.14,269.4,birdseye,23.002,0.096,0.126,0.396,23309,12492,133856,61819,29961,34388,7688,7688,17387,74,364,11,37,0.008
941,41.414,25.356,39.4,29101,85019,85019,29062,7651,28810,183,43,43.08,15.33,22.14,269.4,birdseye,24.276,0.095,0.118,0.426,23309,12492,133856,61819,29961,34388,7688,7688,17387,74,364,11,37,0.012
942,41.439,23.949,41.8,29105,85027,85027,29066,7651,28810,187,43,43.08,15.33,22.14,269.4,birdseye,22.813,0.101,0.129,0.505,23309,12492,133856,61819,29961,34388,7688,7688,17387,74,364,11,37,0.010
943,41.463,25.980,38.5,29105,85027,85027,29066,7651,28810,187,43,43.08,15.33,22.14,269.4,birdseye,22.307,0.103,0.149,0.433,23309,12492,133856,61819,29961,34388,7688,7688,17387,74,364,11,37,0.007
944,41.489,24.253,41.2,29105,85027,85027,29066,7651,28810,187,43,43.08,15.33,22.14,269.4,birdseye,23.178,0.103,0.122,0.423,23309,12492,133856,61819,29961,34388,7688,7688,17387,74,364,11,37,0.014
945,41.513,25.320,39.5,29105,85027,85027,29066,7651,28810,187,43,43.08,15.33,22.14,269.4,birdseye,24.333,0.104,0.124,0.430,23309,12492,133856,61819,29961,34388,7688,7688,17387,74,364,11,37,0.011
946,41.539,28.303,35.3,29105,85027,85027,29066,7651,28810,187,43,43.08,15.33,22.14,269.4,birdseye,27.269,0.107,0.134,0.446,23309,12492,133856,61819,29961,34388,7688,7688,17387,74,364,11,37,0.014
947,41.567,24.126,41.4,29105,85027,85027,29066,7651,28810,187,43,43.08,15.33,22.14,269.4,birdseye,23.156,0.099,0.121,0.388,23309,12492,133856,61819,29961,34388,7688,7688,17387,74,364,11,37,0.009
948,41.591,24.108,41.5,29105,85027,85027,29066,7651,28810,187,43,43.08,15.33,22.14,269.4,birdseye,23.081,0.101,0.134,0.473,23309,12492,133856,61819,29961,34388,7688,7688,17387,74,364,11,37,0.007
949,41.615,27.102,36.9,29105,85027,85027,29066,7651,28810,187,43,43.08,15.33,22.14,269.4,birdseye,25.637,0.199,0.213,0.740,23309,12492,133856,61819,29961,34388,7688,7688,17387,74,364,11,37,0.013
950,41.642,24.599,40.7,29105,85027,85027,29066,7651,28810,187,43,43.08,15.33,22.14,269.4,birdseye,23.226,0.100,0.212,0.649,23309,12492,133856,61819,29961,34388,7688,7688,17387,74,364,11,37,0.007
951,41.667,29.218,34.2,29105,85027,85027,29066,7651,28810,187,43,43.08,15.33,22.14,269.4,birdseye,25.239,0.102,0.125,0.422,23309,12492,133856,61819,29961,34388,7688,7688,17387,74,364,11,37,0.012
952,41.696,24.568,40.7,29105,85027,85027,29066,7651,28810,187,43,43.08,15.33,22.14,269.4,birdseye,23.487,0.102,0.139,0.428,23309,12492,133856,61819,29961,34388,7688,7688,17387,74,364,11,37,0.006
953,41.721,24.166,41.4,29105,85027,85027,29066,7651,28810,187,43,43.08,15.33,22.14,269.4,birdseye,23.017,0.097,0.128,0.410,23309,12492,133856,61819,29961,34388,7688,7688,17387,74,364,11,37,0.008
954,41.745,24.134,41.4,29105,85027,85027,29066,7651,28810,187,43,43.08,15.33,22.14,269.4,birdseye,23.007,0.105,0.133,0.460,23309,12492,133856,61819,29961,34388,7688,7688,17387,74,364,11,37,0.007
955,41.769,24.365,41.0,29105,85027,85027,29066,7651,28810,187,43,43.08,15.33,22.14,269.4,birdseye,23.432,0.102,0.122,0.396,23309,12492,133856,61819,29961,34388,7688,7688,17387,74,364,11,37,0.013
956,41.794,24.521,40.8,29105,85027,85027,29066,7651,28810,187,43,43.08,15.33,22.14,269.4,birdseye,23.423,0.101,0.136,0.428,23309,12492,133856,61819,29961,34388,7688,7688,17387,74,364,11,37,0.010
957,41.818,24.398,41.0,29105,85027,85027,29066,7651,28810,187,43,43.08,15.33,22.14,269.4,birdseye,23.213,0.101,0.126,0.458,23309,12492,133856,61819,29961,34388,7688,7688,17387,74,364,11,37,0.013
958,41.842,25.720,38.9,29105,85027,85027,29066,7651,28810,187,43,43.08,15.33,22.14,269.4,birdseye,24.766,0.104,0.132,0.446,23309,12492,133856,61819,29961,34388,7688,7688,17387,74,364,11,37,0.009
959,41.868,29.897,33.4,29105,85027,85027,29066,7651,28810,187,43,43.08,15.33,22.14,269.4,birdseye,25.324,0.104,0.126,0.416,23309,12492,133856,61819,29961,34388,7688,7688,17387,74,364,11,37,0.012
960,41.898,25.110,39.8,29109,85035,85035,29070,7651,28810,191,43,43.08,15.33,22.14,269.4,birdseye,24.156,0.102,0.121,0.439,23309,12492,133856,61819,29961,34388,7688,7688,17387,74,364,11,37,0.008
961,41.923,23.958,41.7,29109,85035,85035,29070,7651,28810,191,43,43.08,15.33,22.14,269.4,birdseye,23.008,0.103,0.125,0.442,23309,12492,133856,61819,29961,34388,7688,7688,17387,74,364,11,37,0.010
962,41.947,26.254,38.1,29109,85035,85035,29070,7651,28810,191,43,43.08,15.33,22.14,269.4,birdseye,25.233,0.106,0.125,0.452,23309,12492,133856,61819,29961,34388,7688,7688,17387,74,364,11,37,0.013
963,41.974,24.559,40.7,29109,85035,85035,29070,7651,28810,191,43,43.08,15.33,22.14,269.4,birdseye,23.436,0.105,0.127,0.548,23309,12492,133856,61819,29961,34388,7688,7688,17387,74,364,11,37,0.010
964,41.998,24.593,40.7,29109,85035,85035,29070,7651,28810,191,43,43.08,15.33,22.14,269.4,birdseye,23.387,0.105,0.145,0.558,23309,12492,133856,61819,29961,34388,7688,7688,17387,74,364,11,37,0.011
965,42.023,111.002,9.0,122355,377551,377551,122319,36038,0,0,43,43.08,15.33,22.14,269.4,fourviewport,0.000,0.000,0.141,0.386,93236,49968,535424,247276,119844,131504,36800,36800,69548,296,1456,44,148,0.040
966,42.134,100.138,10.0,122355,377551,377551,122319,36038,0,0,43,43.08,15.33,22.14,269.4,fourviewport,0.000,0.000,0.131,0.439,93236,49968,535424,247276,119844,131504,36800,36800,69548,296,1456,44,148,0.066
967,42.234,100.804,9.9,122355,377551,377551,122319,36038,0,0,43,43.08,15.33,22.14,269.4,fourviewport,0.000,0.000,0.126,0.375,93236,49968,535424,247276,119844,131504,36800,36800,69548,296,1456,44,148,0.042
968,42.335,102.105,9.8,122355,377551,377551,122319,36038,0,0,43,43.08,15.33,22.14,269.4,fourviewport,0.000,0.000,0.138,0.399,93236,49968,535424,247276,119844,131504,36800,36800,69548,296,1456,44,148,0.030
969,42.437,110.387,9.1,122355,377551,377551,122319,36038,0,0,43,43.08,15.33,22.14,269.4,fourviewport,0.000,0.000,0.129,0.410,93236,49968,535424,247276,119844,131504,36800,36800,69548,296,1456,44,148,0.048
970,42.547,120.263,8.3,122339,377519,377519,122303,36038,0,0,43,43.08,15.33,22.14,269.4,fourviewport,0.000,0.000,0.196,0.386,93236,49968,535424,247276,119844,131504,36800,36800,69548,296,1456,44,148,0.049
971,42.668,107.489,9.3,122307,377455,377455,122271,36038,0,0,43,43.08,15.33,22.14,269.4,fourviewport,0.000,0.000,0.127,0.394,93236,49968,535424,247276,119844,131504,36800,36800,69548,296,1456,44,148,0.037
972,42.775,104.614,9.6,122307,377455,377455,122271,36038,0,0,43,43.08,15.33,22.14,269.4,fourviewport,0.000,0.000,0.130,0.549,93236,49968,535424,247276,119844,131504,36800,36800,69548,296,1456,44,148,0.027
973,42.880,108.396,9.2,122307,377455,377455,122271,36038,0,0,43,43.08,15.33,22.14,269.4,fourviewport,0.000,0.000,0.134,0.408,93236,49968,535424,247276,119844,131504,36800,36800,69548,296,1456,44,148,0.031
974,42.988,107.127,9.3,122307,377455,377455,122271,36038,0,0,43,43.08,15.33,22.14,269.4,fourviewport,0.000,0.000,0.124,0.461,93236,49968,535424,247276,119844,131504,36800,36800,69548,296,1456,44,148,0.030
975,43.095,111.643,9.0,122323,377487,377487,122287,36038,0,0,43,43.08,15.33,22.14,269.4,fourviewport,0.000,0.000,0.184,0.398,93236,49968,535424,247276,119844,131504,36800,36800,69548,296,1456,44,148,0.044
976,43.207,110.043,9.1,122323,377487,377487,122287,36038,0,0,43,43.08,15.33,22.14,269.4,fourviewport,0.000,0.000,0.117,0.415,93236,49968,535424,247276,119844,131504,36800,36800,69548,296,1456,44,148,0.045
977,43.317,96.482,10.4,122323,377487,377487,122287,36038,0,0,43,43.08,15.33,22.14,269.4,fourviewport,0.000,0.000,0.127,0.380,93236,49968,535424,247276,119844,131504,36800,36800,69548,296,1456,44,148,0.042
978,43.413,112.026,8.9,122291,377423,377423,122255,36038,0,0,43,43.08,15.33,22.14,269.4,fourviewport,0.000,0.000,0.153,0.420,93236,49968,535424,247276,119844,131504,36800,36800,69548,296,1456,44,148,0.034
979,43.525,110.309,9.1,122291,377423,377423,122255,36038,0,0,43,43.08,15.33,22.14,269.4,fourviewport,0.000,0.000,0.124,0.405,93236,49968,535424,247276,119844,131504,36800,36800,69548,296,1456,44,148,0.046
980,43.636,99.067,10.1,122291,377423,377423,122255,36038,0,0,43,43.08,15.33,22.14,269.4,fourviewport,0.000,0.000,0.140,0.402,93236,49968,535424,247276,119844,131504,36800,36800,69548,296,1456,44,148,0.046
981,43.735,101.631,9.8,122291,377423,377423,122255,36038,0,0,43,43.08,15.33,22.14,269.4,fourviewport,0.000,0.000,0.123,0.417,93236,49968,535424,247276,119844,131504,36800,36800,69548,296,1456,44,148,0.037
982,43.836,105.177,9.5,122307,377455,377455,122271,36038,0,0,43,43.08,15.33,22.14,269.4,fourviewport,0.000,0.000,0.116,0.414,93236,49968,535424,247276,119844,131504,36800,36800,69548,296,1456,44,148,0.039
983,43.942,100.313,10.0,122307,377455,377455,122271,36038,0,0,43,43.08,15.33,22.14,269.4,fourviewport,0.000,0.000,0.126,0.398,93236,49968,535424,247276,119844,131504,36800,36800,69548,296,1456,44,148,0.040
984,44.042,102.255,9.8,122323,377487,377487,122287,36038,0,0,43,43.08,15.33,22.14,269.4,fourviewport,0.000,0.000,0.140,0.955,93236,49968,535424,247276,119844,131504,36800,36800,69548,296,1456,44,148,0.031
985,44.144,99.679,10.0,122323,377487,377487,122287,36038,0,0,43,43.08,15.33,22.14,269.4,fourviewport,0.000,0.000,0.139,0.392,93236,49968,535424,247276,119844,131504,36800,36800,69548,296,1456,44,148,0.036
986,44.244,113.409,8.8,122323,377487,377487,122287,36038,0,0,43,43.08,15.33,22.14,269.4,fourviewport,0.000,0.000,0.174,0.383,93236,49968,535424,247276,119844,131504,36800,36800,69548,296,1456,44,148,0.040
987,44.357,130.166,7.7,122323,377487,377487,122287,36038,0,0,43,43.08,15.33,22.14,269.4,fourviewport,0.000,0.000,0.129,0.378,93236,49968,535424,247276,119844,131504,36800,36800,69548,296,1456,44,148,0.042
988,44.488,138.235,7.2,122323,377487,377487,122287,36038,0,0,43,43.08,15.33,22.14,269.4,fourviewport,0.000,0.000,0.137,0.397,93236,49968,535424,247276,119844,131504,36800,36800,69548,296,1456,44,148,0.037
989,44.626,98.008,10.2,122339,377519,377519,122303,36038,0,0,43,43.08,15.33,22.14,269.4,fourviewport,0.000,0.000,0.144,0.366,93236,49968,535424,247276,119844,131504,36800,36800,69548,296,1456,44,148,0.027
990,44.724,105.094,9.5,122339,377519,377519,122303,36038,0,0,43,43.08,15.33,22.14,269.4,fourviewport,0.000,0.000,0.126,0.374,93236,49968,535424,247276,119844,131504,36800,36800,69548,296,1456,44,148,0.043
991,44.829,100.813,9.9,122339,377519,377519,122303,36038,0,0,43,43.08,15.33,22.14,269.4,fourviewport,0.000,0.000,0.136,0.398,93236,49968,535424,247276,119844,131504,36800,36800,69548,296,1456,44,148,0.038
992,44.930,114.213,8.8,122339,377519,377519,122303,36038,0,0,43,43.08,15.33,22.14,269.4,fourviewport,0.000,0.000,0.123,0.381,93236,49968,535424,247276,119844,131504,36800,36800,69548,296,1456,44,148,0.051
993,45.044,99.023,10.1,122339,377519,377519,122303,36038,0,0,43,43.08,15.33,22.14,269.4,fourviewport,0.000,0.000,0.126,0.378,93236,49968,535424,247276,119844,131504,36800,36800,69548,296,1456,44,148,0.043
