frame,t,ms,fps,draws,uniforms,lookups,vao,tex,dcTerrain,dcObjects,dcHUD,camx,camy,camz,yaw,phase
1,0.000,41.671,24.0,30863,108756,52,30824,14570,30380,376,43,3.03,23.33,7.13,-90.0,idle_spawn
2,0.042,24.780,40.4,30863,108756,0,30824,14570,30380,376,43,3.03,23.33,7.13,-90.0,idle_spawn
3,0.066,25.123,39.8,30863,108756,0,30824,14570,30380,376,43,3.03,23.33,7.13,-90.0,idle_spawn
4,0.092,33.147,30.2,30863,108756,0,30824,14570,30380,376,43,3.03,23.33,7.13,-90.0,idle_spawn
5,0.125,44.697,22.4,30863,108756,0,30824,14570,30380,376,43,3.03,23.33,7.13,-90.0,idle_spawn
6,0.169,41.616,24.0,30863,108756,0,30824,14570,30380,376,43,3.03,23.33,7.13,-90.0,idle_spawn
7,0.211,45.204,22.1,30863,108756,0,30824,14570,30380,376,43,3.03,23.33,7.13,-90.0,idle_spawn
8,0.256,46.461,21.5,30863,108756,0,30824,14570,30380,376,43,3.03,23.33,7.13,-90.0,idle_spawn
9,0.303,50.360,19.9,30863,108756,0,30824,14570,30380,376,43,3.03,23.33,7.13,-90.0,idle_spawn
10,0.353,47.604,21.0,30863,108756,0,30824,14570,30380,376,43,3.03,23.33,7.13,-90.0,idle_spawn
11,0.401,50.946,19.6,30863,108756,0,30824,14570,30380,376,43,3.03,23.33,7.13,-90.0,idle_spawn
12,0.452,51.937,19.3,30863,108756,0,30824,14570,30380,376,43,3.03,23.33,7.13,-90.0,idle_spawn
13,0.504,51.703,19.3,30863,108756,0,30824,14570,30380,376,43,3.03,23.33,7.13,-90.0,idle_spawn
14,0.555,57.005,17.5,30863,108756,0,30824,14570,30380,376,43,3.03,23.33,7.13,-90.0,idle_spawn
15,0.612,53.063,18.8,30863,108756,0,30824,14570,30380,376,43,3.03,23.33,7.13,-90.0,idle_spawn
16,0.666,56.629,17.7,30863,108756,0,30824,14570,30380,376,43,3.03,23.33,7.13,-90.0,idle_spawn
17,0.722,58.941,17.0,30863,108756,0,30824,14570,30380,376,43,3.03,23.33,7.13,-90.0,idle_spawn
18,0.781,64.812,15.4,30863,108756,0,30824,14570,30380,376,43,3.03,23.33,7.13,-90.0,idle_spawn
19,0.846,55.138,18.1,30863,108756,0,30824,14570,30380,376,43,3.03,23.33,7.13,-90.0,idle_spawn
20,0.901,66.474,15.0,30863,108756,0,30824,14570,30380,376,43,3.03,23.33,7.13,-90.0,idle_spawn
21,0.968,52.483,19.1,30863,108756,0,30824,14570,30380,376,43,3.03,23.33,7.13,-90.0,idle_spawn
22,1.020,62.347,16.0,30863,108756,0,30824,14570,30380,376,43,3.03,23.33,7.13,-90.0,idle_spawn
23,1.082,60.296,16.6,30863,108756,0,30824,14570,30380,376,43,3.03,23.33,7.13,-90.0,idle_spawn
24,1.143,63.640,15.7,30863,108756,0,30824,14570,30380,376,43,3.03,23.33,7.13,-90.0,idle_spawn
25,1.206,62.167,16.1,30863,108756,0,30824,14570,30380,376,43,3.03,23.33,7.13,-90.0,idle_spawn
26,1.269,63.744,15.7,30863,108756,0,30824,14570,30380,376,43,3.03,23.33,7.13,-90.0,idle_spawn
27,1.332,65.904,15.2,30863,108756,0,30824,14570,30380,376,43,3.03,23.33,7.13,-90.0,idle_spawn
28,1.398,65.830,15.2,30863,108756,0,30824,14570,30380,376,43,3.03,23.33,7.13,-90.0,idle_spawn
29,1.464,62.607,16.0,30863,108756,0,30824,14570,30380,376,43,3.03,23.33,7.13,-90.0,idle_spawn
30,1.527,63.779,15.7,30863,108756,0,30824,14570,30380,376,43,3.03,23.33,7.13,-90.0,idle_spawn
31,1.591,89.411,11.2,30863,108756,0,30824,14570,30380,376,43,3.03,23.33,7.13,-90.0,idle_spawn
32,1.680,64.281,15.6,30863,108756,0,30824,14570,30380,376,43,3.03,23.33,7.13,-90.0,idle_spawn
33,1.744,61.071,16.4,30863,108756,0,30824,14570,30380,376,43,3.03,23.33,7.13,-90.0,idle_spawn
34,1.805,73.813,13.5,30863,108756,0,30824,14570,30380,376,43,3.03,23.33,7.13,-90.0,idle_spawn
35,1.879,70.093,14.3,30863,108756,0,30824,14570,30380,376,43,3.03,23.33,7.13,-90.0,idle_spawn
36,1.949,69.285,14.4,30863,108756,0,30824,14570,30380,376,43,3.03,23.33,7.13,-90.0,idle_spawn
37,2.019,70.802,14.1,30863,108756,0,30824,14570,30380,376,43,3.03,23.33,7.13,-90.0,idle_spawn
38,2.089,70.664,14.2,30863,108756,0,30824,14570,30380,376,43,3.03,23.33,7.13,-90.0,idle_spawn
39,2.160,70.794,14.1,30863,108756,0,30824,14570,30380,376,43,3.03,23.33,7.13,-90.0,idle_spawn
40,2.231,77.278,12.9,30863,108756,0,30824,14570,30380,376,43,3.03,23.33,7.13,-90.0,idle_spawn
41,2.308,64.869,15.4,30863,108756,0,30824,14570,30380,376,43,3.03,23.33,7.13,-90.0,idle_spawn
42,2.373,96.346,10.4,30863,108756,0,30824,14570,30380,376,43,3.03,23.33,7.13,-90.0,idle_spawn
43,2.470,78.702,12.7,30863,108756,0,30824,14570,30380,376,43,3.03,23.33,7.13,-90.0,idle_spawn
44,2.548,60.860,16.4,30863,108756,0,30824,14570,30380,376,43,3.03,23.33,7.13,-90.0,idle_spawn
45,2.609,64.115,15.6,30863,108756,0,30824,14570,30380,376,43,3.03,23.33,7.13,-90.0,idle_spawn
46,2.673,82.644,12.1,30863,108756,0,30824,14570,30380,376,43,3.03,23.33,7.13,-90.0,idle_spawn
47,2.756,73.414,13.6,30863,108756,0,30824,14570,30380,376,43,3.03,23.33,7.13,-90.0,idle_spawn
48,2.829,76.859,13.0,30863,108756,0,30824,14570,30380,376,43,3.03,23.33,7.13,-90.0,idle_spawn
49,2.906,85.334,11.7,30863,108756,0,30824,14570,30380,376,43,3.03,23.33,7.13,-90.0,idle_spawn
50,2.992,69.688,14.3,30863,108756,0,30824,14570,30380,376,43,3.03,23.33,7.13,-90.0,idle_spawn
51,3.061,77.577,12.9,30863,108756,0,30824,14570,30380,376,43,3.03,23.33,7.13,-90.0,idle_spawn
52,3.139,90.609,11.0,30863,108756,0,30824,14570,30380,376,43,3.03,23.33,7.13,-90.0,idle_spawn
53,3.230,66.324,15.1,30863,108756,0,30824,14570,30380,376,43,3.03,23.33,7.13,-90.0,idle_spawn
54,3.296,68.865,14.5,30859,108748,0,30820,14570,30380,372,43,3.03,23.33,7.13,-90.0,idle_spawn
55,3.365,82.500,12.1,30859,108748,0,30820,14570,30380,372,43,3.03,23.33,7.13,-90.0,idle_spawn
56,3.447,57.958,17.3,30863,108756,0,30824,14570,30380,376,43,3.03,23.33,7.13,-90.0,idle_spawn
57,3.505,71.395,14.0,30863,108756,0,30824,14570,30380,376,43,3.03,23.33,7.13,-90.0,idle_spawn
58,3.577,75.956,13.2,30863,108756,0,30824,14570,30380,376,43,3.03,23.33,7.13,-90.0,idle_spawn
59,3.653,63.925,15.6,30863,108756,0,30824,14570,30380,376,43,3.03,23.33,7.13,-90.0,idle_spawn
60,3.717,74.109,13.5,30863,108756,0,30824,14570,30380,376,43,3.03,23.33,7.13,-90.0,idle_spawn
61,3.791,69.403,14.4,30863,108756,0,30824,14570,30380,376,43,3.03,23.33,7.13,-90.0,idle_spawn
62,3.860,73.159,13.7,30863,108756,0,30824,14570,30380,376,43,3.03,23.33,7.13,-90.0,idle_spawn
63,3.933,70.897,14.1,30863,108756,0,30824,14570,30380,376,43,3.03,23.33,7.13,-90.0,idle_spawn
64,4.004,70.233,14.2,30863,108756,0,30824,14570,30380,376,43,3.03,23.33,7.13,-90.0,idle_spawn
65,4.075,72.116,13.9,30863,108756,0,30824,14570,30380,376,43,3.03,23.33,7.13,-90.0,idle_spawn
66,4.147,68.177,14.7,30863,108756,0,30824,14570,30380,376,43,3.03,23.33,7.13,-90.0,idle_spawn
67,4.215,71.506,14.0,30863,108756,0,30824,14570,30380,376,43,3.03,23.33,7.13,-90.0,idle_spawn
68,4.286,65.066,15.4,30863,108756,0,30824,14570,30380,376,43,3.03,23.33,7.13,-90.0,idle_spawn
69,4.352,66.665,15.0,30863,108756,0,30824,14570,30380,376,43,3.03,23.33,7.13,-90.0,idle_spawn
70,4.418,63.337,15.8,30863,108756,0,30824,14570,30380,376,43,3.03,23.33,7.13,-90.0,idle_spawn
71,4.482,69.047,14.5,30863,108756,0,30824,14570,30380,376,43,3.03,23.33,7.13,-90.0,idle_spawn
72,4.551,60.436,16.5,30863,108756,0,30824,14570,30380,376,43,3.03,23.33,7.13,-90.0,idle_spawn
73,4.611,65.184,15.3,30863,108756,0,30824,14570,30380,376,43,3.03,23.33,7.13,-90.0,idle_spawn
74,4.676,69.157,14.5,30863,108756,0,30824,14570,30380,376,43,3.03,23.33,7.13,-90.0,idle_spawn
75,4.745,67.809,14.7,30863,108756,0,30824,14570,30380,376,43,3.03,23.33,7.13,-90.0,idle_spawn
76,4.813,71.054,14.1,30863,108756,0,30824,14570,30380,376,43,3.03,23.33,7.13,-90.0,idle_spawn
77,4.884,69.238,14.4,30863,108756,0,30824,14570,30380,376,43,3.03,23.33,7.13,-90.0,idle_spawn
78,4.954,64.873,15.4,30863,108756,0,30824,14570,30380,376,43,3.03,23.33,7.13,-90.0,idle_spawn
79,5.019,65.956,15.2,30863,108756,0,30824,14570,30380,376,43,3.03,23.33,7.13,-90.0,idle_spawn
80,5.085,64.912,15.4,30863,108756,0,30824,14570,30380,376,43,3.03,23.33,7.13,-90.0,idle_spawn
81,5.149,67.863,14.7,30863,108756,0,30824,14570,30380,376,43,3.03,23.33,7.13,-90.0,idle_spawn
82,5.217,62.903,15.9,30863,108756,0,30824,14570,30380,376,43,3.03,23.33,7.13,-90.0,idle_spawn
83,5.280,64.322,15.5,30863,108756,0,30824,14570,30380,376,43,3.03,23.33,7.13,-90.0,idle_spawn
84,5.345,72.441,13.8,30863,108756,0,30824,14570,30380,376,43,3.03,23.33,7.13,-90.0,idle_spawn
85,5.417,56.659,17.6,30863,108756,0,30824,14570,30380,376,43,3.03,23.33,7.13,-90.0,idle_spawn
86,5.474,70.175,14.3,30863,108756,0,30824,14570,30380,376,43,3.03,23.33,7.13,-90.0,idle_spawn
87,5.544,151.156,6.6,30863,108756,0,30824,14570,30380,376,43,3.03,23.33,7.13,-90.0,idle_spawn
88,5.695,93.680,10.7,30863,108756,0,30824,14570,30380,376,43,3.03,23.33,7.13,-90.0,idle_spawn
89,5.789,56.553,17.7,30863,108756,0,30824,14570,30380,376,43,3.03,23.33,7.13,-90.0,idle_spawn
90,5.845,60.994,16.4,30863,108756,0,30824,14570,30380,376,43,3.03,23.33,7.13,-90.0,idle_spawn
91,5.906,46.075,21.7,30863,108756,0,30824,14570,30380,376,43,3.03,23.33,7.13,-90.0,idle_spawn
92,5.953,74.398,13.4,30863,108756,0,30824,14570,30380,376,43,3.03,23.33,7.13,-90.0,idle_spawn
93,6.027,75.850,13.2,30841,108598,0,30802,14502,30358,376,43,2.91,23.33,7.13,-87.9,spin_360
94,6.103,62.553,16.0,30884,108749,0,30845,14475,30401,376,43,2.71,23.33,7.12,-84.6,spin_360
95,6.165,80.110,12.5,30878,108700,0,30839,14426,30395,376,43,2.51,23.33,7.09,-81.2,spin_360
96,6.246,70.449,14.2,28427,103690,0,28388,14388,27944,376,43,2.35,23.33,7.06,-78.3,spin_360
97,6.316,66.456,15.0,28372,103428,0,28333,14337,27889,376,43,2.14,23.33,7.01,-74.7,spin_360
98,6.383,68.595,14.6,28314,103129,0,28275,14281,27831,376,43,1.96,23.33,6.96,-71.6,spin_360
99,6.451,81.974,12.2,28242,102748,0,28203,14209,27759,376,43,1.80,23.33,6.90,-68.6,spin_360
100,6.533,78.624,12.7,28129,102190,0,28090,14097,27646,376,43,1.63,23.33,6.83,-65.5,spin_360
101,6.612,54.718,18.3,28056,101830,0,28017,14029,27573,376,43,1.43,23.33,6.73,-61.8,spin_360
102,6.667,90.666,11.0,27967,101317,0,27928,13914,27484,376,43,1.25,23.33,6.63,-58.3,spin_360
103,6.757,55.408,18.0,27921,101052,0,27882,13838,27438,376,43,1.13,23.33,6.55,-55.8,spin_360
104,6.813,49.746,20.1,27901,100870,0,27862,13745,27418,376,43,0.94,23.33,6.40,-51.7,spin_360
105,6.862,43.235,23.1,27920,100883,0,27881,13703,27437,376,43,0.82,23.33,6.31,-49.2,spin_360
106,6.906,47.971,20.8,27933,100895,0,27894,13688,27450,376,43,0.72,23.33,6.22,-47.0,spin_360
107,6.954,42.718,23.4,27900,100729,0,27861,13660,27417,376,43,0.64,23.33,6.14,-45.0,spin_360
108,6.996,43.412,23.0,27884,100669,0,27845,13658,27401,376,43,0.55,23.33,6.05,-42.9,spin_360
109,7.040,43.045,23.2,27506,99911,0,27467,13664,27023,376,43,0.48,23.33,5.97,-41.0,spin_360
110,7.083,56.532,17.7,31295,107440,0,31256,13661,30812,376,43,0.40,23.33,5.88,-39.0,spin_360
111,7.139,50.906,19.6,31260,107257,0,31221,13643,30777,376,43,0.33,23.33,5.79,-37.1,spin_360
112,7.190,50.655,19.7,31604,107962,0,31565,13659,31121,376,43,0.25,23.33,5.67,-34.5,spin_360
113,7.241,50.468,19.8,31594,107922,0,31555,13664,31111,376,43,0.17,23.33,5.55,-32.2,spin_360
114,7.291,46.005,21.7,31640,108163,0,31601,13730,31157,376,43,0.10,23.33,5.44,-29.9,spin_360
115,7.338,42.544,23.5,31560,107752,0,31521,13669,31077,376,43,0.04,23.33,5.32,-27.7,spin_360
116,7.380,45.857,21.8,31227,107099,0,31188,13655,30744,376,43,-0.02,23.33,5.21,-25.6,spin_360
117,7.426,57.667,17.3,31237,107116,0,31198,13644,30754,376,43,-0.06,23.33,5.11,-23.7,spin_360
118,7.484,54.048,18.5,31254,107189,0,31215,13640,30771,376,43,-0.11,23.33,5.00,-21.6,spin_360
119,7.538,78.464,12.7,31280,107295,0,31241,13651,30797,376,43,-0.17,23.33,4.85,-19.0,spin_360
120,7.616,49.998,20.0,31241,107138,0,31202,13653,30758,376,43,-0.21,23.33,4.72,-16.6,spin_360
121,7.666,40.144,24.9,31198,107033,0,31159,13720,30715,376,43,-0.26,23.33,4.51,-13.1,spin_360
122,7.706,39.919,25.1,31168,106951,0,31129,13761,30685,376,43,-0.29,23.33,4.38,-10.8,spin_360
123,7.746,36.568,27.3,31154,106928,0,31115,13794,30671,376,43,-0.31,23.33,4.28,-9.0,spin_360
124,7.783,46.036,21.7,31070,106567,0,31031,13772,30587,376,43,-0.32,23.33,4.17,-7.2,spin_360
125,7.829,39.327,25.4,31055,106510,0,31016,13788,30572,376,43,-0.33,23.33,4.08,-5.6,spin_360
126,7.868,41.805,23.9,28756,101903,0,28717,13799,28273,376,43,-0.34,23.33,3.96,-3.5,spin_360
127,7.910,34.367,29.1,28260,100935,0,28221,13817,27777,376,43,-0.35,23.33,3.85,-1.7,spin_360
128,7.945,34.126,29.3,28231,100818,0,28192,13804,27748,376,43,-0.35,23.33,3.74,0.2,spin_360
129,7.979,33.675,29.7,27700,99823,0,27661,13832,27217,376,43,-0.35,23.33,3.65,1.7,spin_360
130,8.012,38.504,26.0,27694,99810,0,27655,13843,27211,376,43,-0.34,23.33,3.56,3.2,spin_360
131,8.051,35.184,28.4,27703,99856,0,27664,13865,27220,376,43,-0.34,23.33,3.47,4.8,spin_360
132,8.086,33.620,29.7,27707,99896,0,27668,13892,27224,376,43,-0.33,23.33,3.37,6.5,spin_360
133,8.120,36.264,27.6,27725,99999,0,27686,13924,27242,376,43,-0.32,23.33,3.27,8.1,spin_360
134,8.156,44.749,22.3,27720,99996,0,27681,13935,27237,376,43,-0.30,23.33,3.19,9.6,spin_360
135,8.201,36.789,27.2,27720,100006,0,27681,13953,27237,376,43,-0.28,23.33,3.09,11.2,spin_360
136,8.238,32.631,30.6,27713,100006,0,27674,13972,27230,376,43,-0.26,23.33,2.98,13.2,spin_360
137,8.270,32.556,30.7,24650,93805,0,24611,13961,24167,376,43,-0.24,23.33,2.88,14.9,spin_360
138,8.303,29.743,33.6,24643,93772,0,24604,13977,24160,376,43,-0.21,23.33,2.80,16.4,spin_360
139,8.333,29.416,34.0,24622,93648,0,24583,13970,24139,376,43,-0.19,23.33,2.71,17.8,spin_360
140,8.362,29.748,33.6,24963,94253,0,24924,13958,24480,376,43,-0.16,23.33,2.64,19.2,spin_360
141,8.392,30.236,33.1,24924,94053,0,24885,13935,24441,376,43,-0.14,23.33,2.57,20.5,spin_360
142,8.422,42.731,23.4,24883,93847,0,24844,13904,24400,376,43,-0.11,23.33,2.49,21.8,spin_360
143,8.465,30.777,32.5,24870,93789,0,24831,13907,24387,376,43,-0.08,23.33,2.42,23.2,spin_360
144,8.496,30.584,32.7,24823,93550,0,24784,13873,24340,376,43,-0.03,23.33,2.31,25.1,spin_360
145,8.526,27.466,36.4,24769,93273,0,24730,13818,24286,376,43,0.01,23.33,2.24,26.5,spin_360
146,8.554,36.794,27.2,24757,93222,0,24718,13806,24274,376,43,0.04,23.33,2.17,27.9,spin_360
147,8.591,42.888,23.3,24721,93049,0,24682,13771,24238,376,43,0.08,23.33,2.10,29.1,spin_360
148,8.633,27.570,36.3,24722,93041,0,24683,13777,24239,376,43,0.13,23.33,2.02,30.8,spin_360
149,8.661,32.108,31.1,24678,92817,0,24639,13732,24195,376,43,0.19,23.33,1.92,32.7,spin_360
150,8.693,32.611,30.7,24648,92673,0,24609,13705,24165,376,43,0.23,23.33,1.86,34.0,spin_360
151,8.726,29.985,33.4,24623,92559,0,24584,13701,24140,376,43,0.28,23.33,1.79,35.4,spin_360
152,8.756,26.516,37.7,24570,92324,0,24531,13684,24087,376,43,0.33,23.33,1.72,36.9,spin_360
153,8.782,33.705,29.7,24526,92128,0,24487,13670,24043,376,43,0.37,23.33,1.66,38.2,spin_360
154,8.816,42.009,23.8,24498,92002,0,24459,13665,24015,376,43,0.42,23.33,1.60,39.4,spin_360
155,8.858,25.649,39.0,24446,91754,0,24407,13643,23963,376,43,0.48,23.33,1.54,40.9,spin_360
156,8.884,27.237,36.7,24387,91478,0,24348,13619,23904,376,43,0.55,23.33,1.45,42.8,spin_360
157,8.911,24.170,41.4,24346,91289,0,24307,13606,23863,376,43,0.60,23.33,1.40,44.0,spin_360
158,8.935,26.828,37.3,24315,91147,0,24276,13606,23832,376,43,0.65,23.33,1.35,45.2,spin_360
159,8.962,24.023,41.6,24309,91113,0,24270,13608,23826,376,43,0.69,23.33,1.31,46.3,spin_360
160,8.986,24.741,40.4,22374,87200,0,22335,13598,21891,376,43,0.75,23.33,1.26,47.5,spin_360
161,9.011,26.130,38.3,22374,87194,0,22335,13592,21891,376,43,0.79,23.33,1.21,48.6,spin_360
162,9.037,22.914,43.6,22367,87148,0,22328,13583,21884,376,43,0.84,23.33,1.17,49.7,spin_360
163,9.060,33.005,30.3,22380,87206,0,22341,13595,21897,376,43,0.90,23.33,1.13,50.9,spin_360
164,9.093,27.023,37.0,22375,87183,0,22336,13589,21892,376,43,0.94,23.33,1.09,51.9,spin_360
165,9.120,25.821,38.7,22388,87251,0,22349,13602,21905,376,43,1.01,23.33,1.04,53.4,spin_360
166,9.146,26.412,37.9,22370,87162,0,22331,13580,21887,376,43,1.07,23.33,0.99,54.6,spin_360
167,9.172,22.160,45.1,22389,87257,0,22350,13594,21906,376,43,1.13,23.33,0.96,55.8,spin_360
168,9.194,22.595,44.3,22401,87316,0,22362,13605,21918,376,43,1.19,23.33,0.92,57.0,spin_360
169,9.217,24.087,41.5,22409,87362,0,22370,13613,21926,376,43,1.24,23.33,0.88,58.0,spin_360
170,9.241,26.326,38.0,22396,87302,0,22357,13601,21913,376,43,1.29,23.33,0.85,59.0,spin_360
171,9.267,21.622,46.2,22391,87276,0,22352,13595,21908,376,43,1.34,23.33,0.82,60.1,spin_360
172,9.289,21.794,45.9,22417,87405,0,22378,13620,21934,376,43,1.40,23.33,0.79,61.2,spin_360
173,9.311,21.795,45.9,22430,87471,0,22391,13631,21947,376,43,1.45,23.33,0.76,62.2,spin_360
174,9.333,24.726,40.4,22429,87462,0,22390,13626,21946,376,43,1.51,23.33,0.73,63.2,spin_360
175,9.357,24.463,40.9,22429,87459,0,22390,13626,21946,376,43,1.56,23.33,0.71,64.2,spin_360
176,9.382,21.935,45.6,22421,87403,0,22382,13617,21938,376,43,1.62,23.33,0.68,65.3,spin_360
177,9.404,21.882,45.7,22440,87494,0,22401,13635,21957,376,43,1.68,23.33,0.65,66.4,spin_360
178,9.426,22.028,45.4,22452,87552,0,22413,13645,21969,376,43,1.73,23.33,0.63,67.4,spin_360
179,9.448,22.072,45.3,22475,87669,0,22436,13667,21992,376,43,1.78,23.33,0.61,68.4,spin_360
180,9.470,22.091,45.3,22490,87746,0,22451,13684,22007,376,43,1.84,23.33,0.59,69.4,spin_360
181,9.492,22.086,45.3,22481,87709,0,22442,13684,21998,376,43,1.89,23.33,0.57,70.3,spin_360
182,9.514,20.866,47.9,22784,88351,0,22745,13708,22301,376,43,1.95,23.33,0.55,71.3,spin_360
183,9.535,21.833,45.8,22769,88289,0,22730,13709,22286,376,43,2.01,23.33,0.53,72.3,spin_360
184,9.557,21.604,46.3,22756,88243,0,22717,13715,22273,376,43,2.06,23.33,0.51,73.3,spin_360
185,9.578,23.587,42.4,22729,88129,0,22690,13709,22246,376,43,2.11,23.33,0.50,74.3,spin_360
186,9.602,20.848,48.0,22707,88038,0,22668,13706,22224,376,43,2.17,23.33,0.48,75.2,spin_360
187,9.623,21.429,46.7,22684,87938,0,22645,13698,22201,376,43,2.23,23.33,0.47,76.3,spin_360
188,9.644,21.641,46.2,22671,87886,0,22632,13704,22188,376,43,2.28,23.33,0.45,77.2,spin_360
189,9.666,23.426,42.7,22651,87806,0,22612,13704,22168,376,43,2.34,23.33,0.44,78.2,spin_360
190,9.689,36.486,27.4,22639,87764,0,22600,13707,22156,376,43,2.40,23.33,0.43,79.2,spin_360
191,9.726,26.954,37.1,22607,87614,0,22568,13694,22124,376,43,2.46,23.33,0.42,80.2,spin_360
192,9.753,20.666,48.4,22568,87424,0,22529,13673,22085,376,43,2.55,23.33,0.40,81.9,spin_360
193,9.773,28.660,34.9,22562,87389,0,22523,13671,22079,376,43,2.62,23.33,0.39,83.1,spin_360
194,9.802,27.121,36.9,22581,87472,0,22542,13687,22098,376,43,2.68,23.33,0.39,84.0,spin_360
195,9.829,21.745,46.0,22603,87565,0,22564,13698,22120,376,43,2.75,23.33,0.38,85.3,spin_360
196,9.851,21.849,45.8,22625,87695,0,22586,13722,22142,376,43,2.83,23.33,0.38,86.5,spin_360
197,9.873,29.657,33.7,22633,87752,0,22594,13729,22150,376,43,2.88,23.33,0.37,87.5,spin_360
198,9.903,21.110,47.4,22654,87869,0,22615,13753,22171,376,43,2.94,23.33,0.37,88.5,spin_360
199,9.924,20.012,50.0,22718,88214,0,22679,13815,22235,376,43,3.02,23.33,0.37,89.8,spin_360
200,9.944,20.089,49.8,22707,88175,0,22668,13802,22224,376,43,3.08,23.33,0.37,90.8,spin_360
201,9.964,33.058,30.2,22687,88076,0,22648,13778,22204,376,43,3.13,23.33,0.37,91.7,spin_360
202,9.997,27.512,36.3,22670,87991,0,22631,13761,22187,376,43,3.18,23.33,0.37,92.6,spin_360
203,10.024,23.459,42.6,22652,87908,0,22613,13741,22169,376,43,3.27,23.33,0.38,94.1,spin_360
204,10.048,20.086,49.8,22647,87884,0,22608,13734,22164,376,43,3.34,23.33,0.38,95.3,spin_360
205,10.068,25.844,38.7,22617,87735,0,22578,13705,22134,376,43,3.41,23.33,0.39,96.4,spin_360
206,10.094,21.463,46.6,22616,87734,0,22577,13717,22133,376,43,3.46,23.33,0.40,97.3,spin_360
207,10.115,21.887,45.7,22574,87525,0,22535,13688,22091,376,43,3.53,23.33,0.41,98.4,spin_360
208,10.137,26.323,38.0,22556,87445,0,22517,13683,22073,376,43,3.58,23.33,0.41,99.4,spin_360
209,10.164,34.962,28.6,22534,87345,0,22495,13677,22051,376,43,3.64,23.33,0.42,100.4,spin_360
210,10.198,28.603,35.0,22507,87215,0,22468,13665,22024,376,43,3.71,23.33,0.44,101.6,spin_360
211,10.227,25.159,39.7,18651,79376,0,18612,13639,18168,376,43,3.80,23.33,0.46,103.1,spin_360
212,10.252,18.251,54.8,18650,79378,0,18611,13643,18167,376,43,3.87,23.33,0.48,104.4,spin_360
213,10.271,18.355,54.5,18644,79342,0,18605,13634,18161,376,43,3.94,23.33,0.49,105.6,spin_360
214,10.289,18.204,54.9,18668,79448,0,18629,13647,18185,376,43,3.98,23.33,0.51,106.4,spin_360
215,10.307,22.114,45.2,18679,79507,0,18640,13656,18196,376,43,4.03,23.33,0.52,107.2,spin_360
216,10.329,21.660,46.2,18692,79548,0,18653,13654,18209,376,43,4.08,23.33,0.54,108.0,spin_360
217,10.351,27.328,36.6,18717,79653,0,18678,13659,18234,376,43,4.13,23.33,0.55,109.0,spin_360
218,10.378,23.027,43.4,18733,79713,0,18694,13649,18250,376,43,4.19,23.33,0.57,110.0,spin_360
219,10.401,17.506,57.1,18759,79818,0,18720,13644,18276,376,43,4.26,23.33,0.60,111.2,spin_360
220,10.419,18.888,52.9,21749,85876,0,21710,13654,21266,376,43,4.31,23.33,0.62,112.3,spin_360
221,10.438,21.117,47.4,21753,85863,0,21714,13638,21270,376,43,4.35,23.33,0.64,113.1,spin_360
222,10.459,19.155,52.2,21758,85870,0,21719,13637,21275,376,43,4.40,23.33,0.66,113.9,spin_360
223,10.478,20.821,48.0,21761,85877,0,21722,13638,21278,376,43,4.45,23.33,0.68,114.9,spin_360
224,10.499,18.539,53.9,21774,85938,0,21735,13650,21291,376,43,4.50,23.33,0.70,115.7,spin_360
225,10.517,19.155,52.2,21785,85997,0,21746,13662,21302,376,43,4.55,23.33,0.73,116.7,spin_360
226,10.537,18.856,53.0,21817,86144,0,21778,13693,21334,376,43,4.59,23.33,0.75,117.5,spin_360
227,10.555,22.620,44.2,21838,86243,0,21799,13714,21355,376,43,4.64,23.33,0.77,118.4,spin_360
228,10.578,18.662,53.6,21846,86279,0,21807,13721,21363,376,43,4.68,23.33,0.80,119.2,spin_360
229,10.597,19.129,52.3,21858,86336,0,21819,13733,21375,376,43,4.73,23.33,0.83,120.2,spin_360
230,10.616,19.033,52.5,21871,86403,0,21832,13745,21388,376,43,4.78,23.33,0.85,121.1,spin_360
231,10.635,18.791,53.2,21893,86512,0,21854,13766,21410,376,43,4.82,23.33,0.88,121.9,spin_360
232,10.654,26.541,37.7,21891,86494,0,21852,13767,21408,376,43,4.86,23.33,0.91,122.8,spin_360
233,10.680,19.912,50.2,21927,86660,0,21888,13799,21444,376,43,4.90,23.33,0.93,123.6,spin_360
234,10.700,24.607,40.6,21957,86782,0,21918,13826,21474,376,43,4.96,23.33,0.97,124.8,spin_360
235,10.725,20.016,50.0,21982,86896,0,21943,13852,21499,376,43,5.00,23.33,1.01,125.7,spin_360
236,10.745,20.416,49.0,22036,87150,0,21997,13905,21553,376,43,5.06,23.33,1.04,126.8,spin_360
237,10.765,19.715,50.7,22084,87384,0,22045,13953,21601,376,43,5.10,23.33,1.08,127.7,spin_360
238,10.785,25.070,39.9,22079,87355,0,22040,13953,21596,376,43,5.14,23.33,1.11,128.6,spin_360
239,10.810,20.358,49.1,22090,87407,0,22051,13964,21607,376,43,5.18,23.33,1.14,129.5,spin_360
240,10.830,21.751,46.0,22107,87489,0,22068,13981,21624,376,43,5.23,23.33,1.19,130.7,spin_360
241,10.852,21.211,47.1,22156,87724,0,22117,14024,21673,376,43,5.27,23.33,1.22,131.6,spin_360
242,10.873,23.317,42.9,22211,87992,0,22172,14075,21728,376,43,5.32,23.33,1.26,132.6,spin_360
243,10.897,21.394,46.7,22241,88121,0,22202,14091,21758,376,43,5.36,23.33,1.30,133.5,spin_360
244,10.918,21.294,47.0,22268,88203,0,22229,14083,21785,376,43,5.40,23.33,1.34,134.6,spin_360
245,10.939,21.549,46.4,22311,88382,0,22272,14102,21828,376,43,5.44,23.33,1.38,135.5,spin_360
246,10.961,22.202,45.0,22317,88381,0,22278,14087,21834,376,43,5.48,23.33,1.42,136.5,spin_360
247,10.983,22.137,45.2,22345,88502,0,22306,14099,21862,376,43,5.52,23.33,1.46,137.5,spin_360
248,11.005,24.035,41.6,22362,88575,0,22323,14098,21879,376,43,5.56,23.33,1.51,138.5,spin_360
249,11.029,23.318,42.9,24790,93487,0,24751,14109,24307,376,43,5.60,23.33,1.55,139.5,spin_360
250,11.053,24.245,41.2,24796,93502,0,24757,14097,24313,376,43,5.64,23.33,1.60,140.5,spin_360
251,11.077,31.813,31.4,24806,93537,0,24767,14086,24323,376,43,5.68,23.33,1.65,141.6,spin_360
252,11.109,24.676,40.5,24819,93604,0,24780,14080,24336,376,43,5.72,23.33,1.70,142.7,spin_360
253,11.134,26.750,37.4,24786,93457,0,24747,14044,24303,376,43,5.77,23.33,1.77,144.1,spin_360
254,11.160,26.175,38.2,24777,93436,0,24738,14039,24294,376,43,5.81,23.33,1.82,145.2,spin_360
255,11.186,26.391,37.9,24763,93373,0,24724,14031,24280,376,43,5.85,23.33,1.88,146.4,spin_360
256,11.213,27.101,36.9,24764,93378,0,24725,14032,24281,376,43,5.89,23.33,1.94,147.6,spin_360
257,11.240,31.323,31.9,24768,93395,0,24729,14038,24285,376,43,5.92,23.33,2.00,148.8,spin_360
258,11.271,25.842,38.7,24814,93632,0,24775,14085,24331,376,43,5.96,23.33,2.06,150.0,spin_360
259,11.297,29.298,34.1,24763,93403,0,24724,14045,24280,376,43,6.00,23.33,2.13,151.4,spin_360
260,11.326,26.061,38.4,24763,93418,0,24724,14049,24284,372,43,6.03,23.33,2.19,152.6,spin_360
261,11.353,26.138,38.3,24759,93395,0,24720,14048,24280,372,43,6.07,23.33,2.26,153.9,spin_360
262,11.379,29.246,34.2,24793,93565,0,24754,14082,24314,372,43,6.10,23.33,2.33,155.1,spin_360
263,11.408,26.753,37.4,24801,93609,0,24762,14091,24322,372,43,6.13,23.33,2.39,156.3,spin_360
264,11.435,27.698,36.1,24806,93640,0,24767,14102,24327,372,43,6.16,23.33,2.46,157.6,spin_360
265,11.462,43.649,22.9,24832,93770,0,24793,14128,24353,372,43,6.18,23.33,2.53,158.8,spin_360
266,11.506,34.014,29.4,24848,93856,0,24809,14150,24369,372,43,6.21,23.33,2.59,160.0,spin_360
267,11.540,30.959,32.3,24876,93989,0,24837,14176,24393,376,43,6.25,23.33,2.70,162.0,spin_360
268,11.571,28.919,34.6,24893,94083,0,24854,14193,24410,376,43,6.27,23.33,2.79,163.5,spin_360
269,11.600,29.037,34.4,24912,94179,0,24873,14213,24429,376,43,6.30,23.33,2.87,164.9,spin_360
270,11.629,29.063,34.4,24932,94275,0,24893,14232,24449,376,43,6.31,23.33,2.94,166.2,spin_360
271,11.658,42.518,23.5,24965,94455,0,24926,14268,24482,376,43,6.33,23.33,3.02,167.5,spin_360
272,11.701,30.125,33.2,24976,94536,0,24937,14281,24493,376,43,6.35,23.33,3.10,168.8,spin_360
273,11.731,31.472,31.8,24998,94658,0,24959,14309,24515,376,43,6.37,23.33,3.21,170.7,spin_360
274,11.762,29.727,33.6,25043,94883,0,25004,14354,24560,376,43,6.38,23.33,3.29,172.1,spin_360
275,11.792,31.181,32.1,25038,94875,0,24999,14351,24555,376,43,6.39,23.33,3.37,173.5,spin_360
276,11.823,33.292,30.0,25040,94898,0,25001,14356,24557,376,43,6.40,23.33,3.45,174.9,spin_360
277,11.857,30.765,32.5,25074,95068,0,25035,14390,24591,376,43,6.40,23.33,3.53,176.3,spin_360
278,11.887,30.291,33.0,25138,95389,0,25099,14449,24655,376,43,6.41,23.33,3.62,177.8,spin_360
279,11.918,31.103,32.2,25155,95478,0,25116,14461,24672,376,43,6.41,23.33,3.70,179.1,spin_360
280,11.949,34.062,29.4,25188,95649,0,25149,14491,24705,376,43,6.41,23.33,3.78,180.5,spin_360
281,11.983,35.392,28.3,25230,95859,0,25191,14521,24747,376,43,6.41,23.33,3.86,181.9,spin_360
282,12.018,32.049,31.2,25247,95942,0,25208,14530,24764,376,43,6.41,23.33,3.95,183.4,spin_360
283,12.050,31.363,31.9,25271,96055,0,25232,14556,24788,376,43,6.40,23.33,4.05,185.0,spin_360
284,12.082,34.630,28.9,25330,96345,0,25291,14607,24847,376,43,6.39,23.33,4.13,186.5,spin_360
285,12.116,36.685,27.3,25404,96719,0,25365,14672,24921,376,43,6.38,23.33,4.21,187.9,spin_360
286,12.153,37.077,27.0,25450,96943,0,25411,14718,24967,376,43,6.37,23.33,4.30,189.4,spin_360
287,12.190,39.259,25.5,25477,97092,0,25438,14743,24994,376,43,6.35,23.33,4.40,191.1,spin_360
288,12.229,40.942,24.4,25511,97271,0,25472,14774,25028,376,43,6.33,23.33,4.50,192.8,spin_360
289,12.270,35.793,27.9,25875,97988,0,25836,14768,25392,376,43,6.30,23.33,4.60,194.5,spin_360
290,12.306,37.968,26.3,25897,98107,0,25858,14786,25414,376,43,6.27,23.33,4.70,196.4,spin_360
291,12.344,39.583,25.3,25912,98176,0,25873,14789,25429,376,43,6.25,23.33,4.79,198.0,spin_360
292,12.384,39.892,25.1,25939,98300,0,25900,14803,25456,376,43,6.21,23.33,4.89,199.7,spin_360
293,12.424,41.069,24.3,25974,98478,0,25935,14817,25491,376,43,6.18,23.33,4.99,201.5,spin_360
294,12.465,44.207,22.6,26008,98647,0,25969,14838,25525,376,43,6.14,23.33,5.09,203.3,spin_360
295,12.509,54.223,18.4,26017,98676,0,25978,14822,25534,376,43,6.09,23.33,5.19,205.1,spin_360
296,12.563,64.075,15.6,26012,98652,0,25973,14817,25529,376,43,6.04,23.33,5.29,207.1,spin_360
297,12.627,45.840,21.8,26359,99316,0,26320,14804,25876,376,43,5.97,23.33,5.42,209.6,spin_360
298,12.673,37.071,27.0,26375,99338,0,26336,14784,25892,376,43,5.88,23.33,5.56,212.4,spin_360
299,12.710,44.403,22.5,26073,98869,0,26034,14794,25590,376,43,5.82,23.33,5.66,214.5,spin_360
300,12.755,45.523,22.0,25774,98361,0,25735,14795,25291,376,43,5.76,23.33,5.75,216.2,spin_360
301,12.800,57.639,17.3,25852,98694,0,25813,14818,25369,376,43,5.69,23.33,5.84,218.2,spin_360
302,12.858,67.979,14.7,28240,103706,0,28201,14847,27757,376,43,5.61,23.33,5.93,220.2,spin_360
303,12.926,55.100,18.1,28350,104186,0,28311,14878,27867,376,43,5.51,23.33,6.05,222.8,spin_360
304,12.981,65.506,15.3,28478,104743,0,28439,14902,27995,376,43,5.38,23.33,6.18,225.9,spin_360
305,13.047,68.288,14.6,28200,104248,0,28161,14895,27717,376,43,5.28,23.33,6.28,228.4,spin_360
306,13.115,66.727,15.0,29126,105849,0,29087,14823,28643,376,43,5.14,23.33,6.39,231.3,spin_360
307,13.182,85.004,11.8,28989,105278,0,28950,14727,28506,376,43,5.00,23.33,6.50,234.4,spin_360
308,13.267,65.107,15.4,31537,110291,0,31498,14694,31054,376,43,4.85,23.33,6.60,237.4,spin_360
309,13.332,86.094,11.6,31510,110331,0,31471,14675,31027,376,43,4.66,23.33,6.71,241.2,spin_360
310,13.418,73.979,13.5,31901,111151,0,31862,14645,31418,376,43,4.51,23.33,6.79,244.1,spin_360
311,13.492,71.117,14.1,31991,111721,0,31952,14692,31508,376,43,4.30,23.33,6.88,248.0,spin_360
312,13.563,86.965,11.5,29066,106141,0,29027,14690,28583,376,43,4.11,23.33,6.95,251.3,spin_360
313,13.650,68.132,14.7,29042,106139,0,29003,14645,28559,376,43,3.93,23.33,7.01,254.5,spin_360
314,13.718,59.728,16.7,29028,106180,0,28989,14602,28545,376,43,3.71,23.33,7.06,258.5,spin_360
315,13.778,75.568,13.2,28983,106162,0,28944,14595,28500,376,43,3.53,23.33,7.09,261.5,spin_360
316,13.854,74.347,13.5,30863,109897,0,30824,14585,30380,376,43,3.37,23.33,7.11,264.2,spin_360
317,13.928,74.546,13.4,30834,109837,0,30795,14581,30351,376,43,3.17,23.33,7.13,267.6,spin_360
318,14.003,80.103,12.5,30813,109846,0,30774,14566,30330,376,43,3.47,23.33,7.24,267.6,walk_forward
319,14.083,62.706,15.9,30882,110205,0,30843,14626,30399,376,43,3.77,23.23,7.35,267.6,walk_forward
320,14.145,76.119,13.1,30908,110361,0,30869,14645,30425,376,43,4.09,23.10,7.47,267.6,walk_forward
321,14.221,73.579,13.6,30993,110917,0,30954,14732,30510,376,43,4.34,22.85,7.57,267.6,walk_forward
322,14.295,77.948,12.8,31080,111372,0,31041,14815,30597,376,43,4.64,22.52,7.68,267.6,walk_forward
323,14.373,73.451,13.6,31154,111772,0,31115,14889,30671,376,43,4.94,22.09,7.79,267.6,walk_forward
324,14.447,75.561,13.2,31234,112293,0,31195,14973,30751,376,43,5.25,21.60,7.91,267.6,walk_forward
325,14.522,79.725,12.5,31295,112603,0,31256,15036,30812,376,43,5.54,21.01,8.02,267.6,walk_forward
326,14.602,85.644,11.7,31422,113247,0,31383,15160,30939,376,43,5.85,20.33,8.13,267.6,walk_forward
327,14.688,71.121,14.1,31042,112556,0,31003,15148,30559,376,43,6.16,20.33,8.25,267.6,walk_forward
328,14.759,78.076,12.8,31054,112633,0,31015,15150,30571,376,43,6.51,20.33,8.38,267.6,walk_forward
329,14.837,79.963,12.5,31062,112699,0,31023,15154,30579,376,43,6.79,20.33,8.49,267.6,walk_forward
330,14.917,83.140,12.0,31054,112729,0,31015,15141,30571,376,43,7.10,20.23,8.60,267.6,walk_forward
331,15.000,89.180,11.2,31059,112774,0,31020,15144,30572,376,43,7.42,20.03,8.72,267.6,walk_forward
332,15.089,76.397,13.1,31081,112898,0,31042,15167,30594,376,43,7.76,19.69,8.85,267.6,walk_forward
333,15.166,82.248,12.2,31110,113117,0,31071,15198,30623,376,43,8.11,19.33,8.98,267.6,walk_forward
334,15.248,79.236,12.6,31123,113194,0,31084,15205,30636,376,43,8.42,19.22,9.10,267.6,walk_forward
335,15.327,81.267,12.3,31151,113356,0,31112,15231,30664,376,43,8.75,19.03,9.22,267.6,walk_forward
336,15.408,70.652,14.2,31167,113537,0,31128,15251,30684,372,43,9.07,18.74,9.34,267.6,walk_forward
337,15.479,80.060,12.5,31149,113465,0,31110,15238,30666,372,43,9.39,18.40,9.46,267.6,walk_forward
338,15.559,77.910,12.8,31166,113566,0,31127,15256,30683,372,43,9.67,17.93,9.57,267.6,walk_forward
339,15.637,77.806,12.9,31180,113710,0,31141,15275,30697,372,43,9.99,17.38,9.69,267.6,walk_forward
340,15.715,78.457,12.7,31177,113692,0,31138,15271,30690,376,43,10.30,16.74,9.80,267.6,walk_forward
341,15.793,93.658,10.7,31198,113814,0,31159,15297,30711,376,43,10.62,16.00,9.92,267.6,walk_forward
342,15.887,80.285,12.5,31170,113752,0,31131,15278,30683,376,43,10.93,15.33,10.04,267.6,walk_forward
343,15.967,83.817,11.9,31165,113765,0,31126,15275,30678,376,43,11.30,15.33,10.18,267.6,walk_forward
344,16.051,90.265,11.1,31155,113750,0,31116,15267,30668,376,43,11.63,15.33,10.30,267.6,walk_forward
345,16.141,81.041,12.3,31122,113684,0,31083,15234,30635,376,43,11.96,15.33,10.42,267.6,walk_forward
346,16.222,84.680,11.8,31129,113753,0,31090,15239,30642,376,43,12.32,15.33,10.56,267.6,walk_forward
347,16.307,73.529,13.6,28710,108918,0,28671,15230,28223,376,43,12.65,15.33,10.68,267.6,walk_forward
348,16.381,77.587,12.9,28698,108970,0,28659,15228,28211,376,43,12.99,15.33,10.81,267.6,walk_forward
349,16.458,92.949,10.8,28667,108848,0,28628,15206,28180,376,43,13.28,15.33,10.92,267.6,walk_forward
350,16.551,93.989,10.6,28656,108829,0,28617,15201,28169,376,43,13.59,15.33,11.03,267.6,walk_forward
351,16.645,73.998,13.5,28628,108810,0,28589,15177,28141,376,43,13.96,15.33,11.17,267.6,walk_forward
352,16.719,65.812,15.2,28616,108802,0,28577,15170,28133,372,43,14.34,15.33,11.32,267.6,walk_forward
353,16.785,83.014,12.0,28609,108803,0,28570,15170,28130,368,43,14.63,15.33,11.43,267.6,walk_forward
354,16.868,71.353,14.0,28596,108889,0,28557,15170,28117,368,43,14.90,15.33,11.53,267.6,walk_forward
355,16.940,74.587,13.4,28559,108734,0,28520,15146,28080,368,43,15.23,15.33,11.65,267.6,walk_forward
356,17.014,75.201,13.3,28504,108460,0,28465,15101,28025,368,43,15.52,15.33,11.76,267.6,walk_forward
357,17.089,73.340,13.6,28483,108501,0,28444,15087,28004,368,43,15.81,15.33,11.87,267.6,walk_forward
358,17.163,70.352,14.2,28467,108454,0,28428,15072,27988,368,43,16.11,15.33,11.98,267.6,walk_forward
359,17.233,76.868,13.0,28480,108561,0,28441,15091,28001,368,43,16.41,15.33,12.09,267.6,walk_forward
360,17.310,67.835,14.7,28456,108565,0,28417,15074,27977,368,43,16.69,15.33,12.20,267.6,walk_forward
361,17.378,66.254,15.1,28433,108509,0,28394,15068,27960,362,43,17.00,15.33,12.31,267.6,walk_forward
362,17.444,70.000,14.3,28401,108388,0,28362,15054,27928,362,43,17.27,15.33,12.41,267.6,walk_forward
363,17.514,81.642,12.2,26056,103646,0,26017,15021,25583,362,43,17.53,15.33,12.51,267.6,walk_forward
364,17.596,68.913,14.5,26045,103619,0,26006,15013,25568,366,43,17.81,15.33,12.62,267.6,walk_forward
365,17.665,58.770,17.0,26024,103535,0,25985,15000,25543,370,43,18.14,15.33,12.74,267.6,walk_forward
366,17.724,90.909,11.0,26031,103724,0,25992,15011,25550,370,43,18.42,15.33,12.84,267.6,walk_forward
367,17.815,93.261,10.7,26020,103700,0,25981,15004,25539,370,43,18.65,15.33,12.93,267.6,walk_forward
368,17.908,72.573,13.8,25997,103654,0,25958,14996,25516,370,43,19.02,15.33,13.07,267.6,walk_forward
369,17.980,67.603,14.8,25955,103614,0,25916,14971,25474,370,43,19.39,15.33,13.21,267.6,walk_forward
370,18.048,58.690,17.0,25923,103497,0,25884,14953,25446,366,43,19.68,15.33,13.32,267.6,walk_forward
371,18.107,74.750,13.4,25900,103416,0,25861,14940,25423,366,43,19.95,15.33,13.42,267.6,walk_forward
372,18.182,78.603,12.7,25898,103565,0,25859,14944,25421,366,43,20.18,15.33,13.51,267.6,walk_forward
373,18.260,69.155,14.5,25875,103503,0,25836,14933,25402,362,43,20.48,15.33,13.62,267.6,walk_forward
374,18.329,70.114,14.3,25845,103424,0,25806,14922,25380,354,43,20.80,15.33,13.74,267.6,walk_forward
375,18.399,72.200,13.9,25840,103551,0,25801,14921,25371,358,43,21.07,15.33,13.84,267.6,walk_forward
376,18.472,68.747,14.5,25809,103436,0,25770,14905,25340,358,43,21.35,15.33,13.95,267.6,walk_forward
377,18.540,69.702,14.3,25776,103305,0,25737,14885,25307,358,43,21.64,15.33,14.05,267.6,walk_forward
378,18.610,75.912,13.2,25750,103347,0,25711,14869,25281,358,43,21.92,15.33,14.16,267.6,walk_forward
379,18.686,66.296,15.1,25719,103328,0,25680,14878,25280,328,43,22.20,15.33,14.26,267.6,walk_forward
380,18.752,64.445,15.5,25705,103289,0,25666,14870,25262,332,43,22.50,15.33,14.38,267.6,walk_forward
381,18.817,66.916,14.9,25686,103340,0,25647,14859,25243,332,43,22.77,15.33,14.48,267.6,walk_forward
382,18.884,60.888,16.4,25665,103273,0,25626,14843,25222,332,43,23.02,15.33,14.57,267.6,walk_forward
383,18.945,65.177,15.3,25167,102303,0,25128,14846,24724,332,43,23.29,15.33,14.67,267.6,walk_forward
384,19.010,60.678,16.5,25126,102142,0,25087,14827,24685,330,43,23.54,15.33,14.76,267.6,walk_forward
385,19.071,63.054,15.9,25121,102271,0,25082,14829,24680,330,43,23.80,15.33,14.86,267.6,walk_forward
386,19.134,62.497,16.0,25094,102171,0,25055,14804,24653,330,43,24.04,15.33,14.95,267.6,walk_forward
387,19.196,63.969,15.6,25114,102302,0,25075,14825,24670,326,43,24.29,15.33,15.05,267.6,walk_forward
388,19.260,63.463,15.8,25083,102182,0,25044,14802,24642,323,43,24.54,15.33,15.14,267.6,walk_forward
389,19.324,62.945,15.9,25070,102275,0,25031,14797,24629,323,43,24.80,15.33,15.24,267.6,walk_forward
390,19.387,61.709,16.2,25056,102231,0,25017,14788,24615,323,43,25.05,15.33,15.33,267.6,walk_forward
391,19.448,57.359,17.4,25045,102208,0,25006,14776,24604,323,43,25.30,15.33,15.43,267.6,walk_forward
392,19.506,59.439,16.8,25006,102032,0,24967,14743,24565,323,43,25.55,15.33,15.52,267.6,walk_forward
393,19.565,54.268,18.4,24999,102176,0,24960,14750,24564,317,43,25.78,15.33,15.61,267.6,walk_forward
394,19.619,57.271,17.5,24998,102203,0,24959,14751,24563,317,43,26.02,15.33,15.70,267.6,walk_forward
395,19.677,61.781,16.2,24981,102160,0,24942,14746,24546,317,43,26.23,15.33,15.78,267.6,walk_forward
396,19.739,53.651,18.6,24975,102154,0,24936,14742,24536,321,43,26.46,15.33,15.86,267.6,walk_forward
397,19.792,57.732,17.3,24971,102272,0,24932,14734,24528,325,43,26.71,15.33,15.96,267.6,walk_forward
398,19.850,56.999,17.5,24954,102226,0,24915,14727,24515,321,43,26.93,15.33,16.04,267.6,walk_forward
399,19.907,58.399,17.1,24951,102239,0,24912,14727,24512,321,43,27.16,15.33,16.12,267.6,walk_forward
400,19.965,54.396,18.4,24925,102124,0,24886,14704,24486,321,43,27.39,15.33,16.21,267.6,walk_forward
401,20.020,55.670,18.0,24885,102072,0,24846,14672,24453,314,43,27.62,15.33,16.30,267.6,walk_forward
402,20.076,57.706,17.3,24884,102094,0,24845,14677,24452,314,43,27.84,15.33,16.38,267.6,walk_forward
403,20.133,52.963,18.9,24879,102103,0,24840,14676,24447,314,43,28.06,15.33,16.46,267.6,walk_forward
404,20.186,57.193,17.5,24875,102101,0,24836,14668,24442,315,43,28.29,15.33,16.55,267.6,walk_forward
405,20.243,53.028,18.9,24880,102275,0,24841,14675,24447,315,43,28.50,15.33,16.63,267.6,walk_forward
406,20.296,53.454,18.7,24872,102273,0,24833,14673,24446,308,43,28.73,15.33,16.71,267.6,walk_forward
407,20.350,52.141,19.2,24853,102197,0,24814,14658,24427,308,43,28.94,15.33,16.79,267.6,walk_forward
408,20.402,53.790,18.6,24842,102140,0,24803,14645,24416,308,43,29.16,15.33,16.87,267.6,walk_forward
409,20.456,55.840,17.9,24833,102227,0,24794,14636,24407,308,43,29.37,15.33,16.95,267.6,walk_forward
410,20.512,52.077,19.2,24822,102192,0,24783,14627,24396,308,43,29.58,15.33,17.03,267.6,walk_forward
411,20.564,52.152,19.2,24797,102074,0,24758,14606,24371,308,43,29.80,15.33,17.12,267.6,walk_forward
412,20.616,59.633,16.8,28622,109799,0,28583,14623,28192,312,43,30.01,15.33,17.19,267.6,walk_forward
413,20.676,60.283,16.6,28610,109866,0,28571,14611,28180,312,43,30.22,15.33,17.27,267.6,walk_forward
414,20.736,40.770,24.5,28589,109809,0,28550,14601,28170,301,43,30.46,15.33,17.36,267.6,walk_forward
415,20.777,56.055,17.8,28594,109851,0,28555,14605,28175,301,43,30.70,15.33,17.45,267.6,walk_forward
416,20.833,54.646,18.3,28583,109796,0,28544,14594,28164,301,43,30.86,15.33,17.51,267.6,walk_forward
417,20.887,52.188,19.2,28595,110007,0,28556,14610,28176,301,43,31.09,15.33,17.60,267.6,walk_forward
418,20.940,54.338,18.4,28561,109836,0,28522,14575,28142,301,43,31.31,15.33,17.68,267.6,walk_forward
419,20.994,53.002,18.9,28548,109776,0,28509,14564,28129,301,43,31.52,15.33,17.76,267.6,walk_forward
420,21.047,54.517,18.3,28547,109802,0,28508,14564,28128,301,43,31.73,15.33,17.84,267.6,walk_forward
421,21.102,54.919,18.2,28531,109858,0,28492,14546,28112,301,43,31.95,15.33,17.92,267.6,walk_forward
422,21.157,51.231,19.5,28542,109939,0,28503,14556,28123,301,43,32.16,15.33,18.00,267.6,walk_forward
423,21.208,52.279,19.1,28529,109878,0,28490,14541,28110,301,43,32.38,15.33,18.08,267.6,walk_forward
424,21.260,53.548,18.7,28532,109912,0,28493,14542,28113,301,43,32.59,15.33,18.16,267.6,walk_forward
425,21.314,54.352,18.4,28528,110015,0,28489,14538,28109,301,43,32.80,15.33,18.24,267.6,walk_forward
426,21.368,53.751,18.6,28506,109925,0,28467,14522,28091,297,43,33.01,15.33,18.32,267.6,walk_forward
427,21.422,48.368,20.7,28513,109971,0,28474,14524,28094,301,43,33.23,15.33,18.40,267.6,walk_forward
428,21.470,56.038,17.8,28484,109863,0,28445,14503,28072,294,43,33.44,15.33,18.48,267.6,walk_forward
429,21.526,53.934,18.5,28468,109910,0,28429,14492,28056,294,43,33.64,15.33,18.55,267.6,walk_forward
430,21.580,52.031,19.2,28471,109973,0,28432,14499,28066,287,43,33.86,15.33,18.64,267.6,walk_forward
431,21.632,51.901,19.3,28466,109985,0,28427,14496,28065,283,43,34.08,15.33,18.72,267.6,walk_forward
432,21.684,63.106,15.8,28460,109968,0,28421,14494,28059,283,43,34.29,15.33,18.80,267.6,walk_forward
433,21.747,49.943,20.0,28449,110037,0,28410,14486,28050,281,43,34.49,15.33,18.87,267.6,walk_forward
434,21.797,48.954,20.4,28426,109988,0,28387,14478,28045,263,43,34.75,15.33,18.97,267.6,walk_forward
435,21.846,53.334,18.7,28413,109927,0,28374,14463,28032,263,43,34.95,15.33,19.04,267.6,walk_forward
436,21.900,48.397,20.7,28414,109953,0,28375,14464,28033,263,43,35.14,15.33,19.12,267.6,walk_forward
437,21.948,49.824,20.1,28393,109956,0,28354,14443,28012,263,43,35.36,15.33,19.20,267.6,walk_forward
438,21.998,48.713,20.5,28365,109806,0,28326,14414,27984,263,43,35.55,15.33,19.27,267.6,walk_forward
439,22.047,50.517,19.8,27848,108878,0,27809,14436,27467,263,43,35.75,15.33,19.34,267.6,walk_forward
440,22.097,52.716,19.0,27839,108836,0,27800,14427,27458,263,43,35.94,15.33,19.42,267.6,walk_forward
441,22.150,44.899,22.3,27815,108834,0,27776,14407,27437,260,43,36.15,15.33,19.49,267.6,walk_forward
442,22.195,49.283,20.3,27828,108924,0,27789,14421,27450,260,43,36.36,15.33,19.57,267.6,walk_forward
443,22.244,50.151,19.9,27818,108889,0,27779,14415,27444,256,43,36.54,15.33,19.64,267.6,walk_forward
444,22.294,49.255,20.3,27806,108837,0,27767,14399,27432,256,43,36.73,15.33,19.71,267.6,walk_forward
445,22.343,49.056,20.4,27795,108822,0,27756,14398,27430,247,43,36.93,15.33,19.79,267.6,walk_forward
446,22.393,49.948,20.0,27789,108908,0,27750,14396,27426,245,43,37.13,15.33,19.86,267.6,walk_forward
447,22.442,48.106,20.8,27764,108791,0,27725,14373,27401,245,43,37.33,15.33,19.94,267.6,walk_forward
448,22.491,53.462,18.7,27721,108644,0,27682,14350,27379,237,43,37.53,15.33,20.01,267.6,walk_forward
449,22.544,56.255,17.8,27714,108604,0,27675,14337,27368,241,43,37.72,15.33,20.08,267.6,walk_forward
450,22.600,44.937,22.3,27719,108739,0,27680,14340,27369,245,43,37.93,15.33,20.16,267.6,walk_forward
451,22.645,47.689,21.0,27700,108648,0,27661,14319,27350,245,43,38.16,15.33,20.25,267.6,walk_forward
452,22.693,52.391,19.1,27708,108706,0,27669,14324,27358,245,43,38.34,15.33,20.32,267.6,walk_forward
453,22.745,50.257,19.9,27694,108627,0,27655,14307,27344,245,43,38.53,15.33,20.39,267.6,walk_forward
454,22.796,48.777,20.5,27696,108650,0,27657,14310,27346,245,43,38.74,15.33,20.47,267.6,walk_forward
455,22.844,48.966,20.4,25052,103423,0,25013,14294,24702,245,43,38.94,15.33,20.54,267.6,walk_forward
456,22.893,48.717,20.5,25044,103383,0,25005,14286,24694,245,43,39.13,15.33,20.61,267.6,walk_forward
457,22.942,49.234,20.3,25031,103325,0,24992,14277,24681,245,43,39.33,15.33,20.69,267.6,walk_forward
458,22.991,45.228,22.1,24995,103156,0,24956,14248,24651,239,43,39.53,15.33,20.76,267.6,walk_forward
459,23.037,47.646,21.0,24968,103040,0,24929,14225,24630,233,43,39.72,15.33,20.83,267.6,walk_forward
460,23.084,45.601,21.9,24959,103100,0,24920,14216,24621,233,43,39.90,15.33,20.90,267.6,walk_forward
461,23.130,44.850,22.3,24958,103110,0,24919,14215,24620,233,43,40.09,15.33,20.97,267.6,walk_forward
462,23.175,46.414,21.5,24939,103010,0,24900,14194,24601,233,43,40.28,15.33,21.04,267.6,walk_forward
463,23.221,49.396,20.2,24928,102974,0,24889,14186,24592,231,43,40.46,15.33,21.11,267.6,walk_forward
464,23.271,47.210,21.2,24918,102937,0,24879,14182,24582,231,43,40.64,15.33,21.18,267.6,walk_forward
465,23.318,45.275,22.1,24895,102922,0,24856,14163,24559,228,43,40.84,15.33,21.25,267.6,walk_forward
466,23.363,44.746,22.3,24896,102955,0,24857,14168,24563,225,43,41.03,15.33,21.32,267.6,walk_forward
467,23.408,44.272,22.6,24876,102864,0,24837,14151,24543,225,43,41.21,15.33,21.39,267.6,walk_forward
468,23.452,44.170,22.6,24844,102712,0,24805,14122,24515,221,43,41.39,15.33,21.46,267.6,walk_forward
469,23.496,43.288,23.1,24814,102553,0,24775,14089,24485,221,43,41.57,15.33,21.53,267.6,walk_forward
470,23.540,46.749,21.4,24799,102603,0,24760,14080,24477,214,43,41.74,15.33,21.59,267.6,walk_forward
471,23.586,44.127,22.7,24767,102436,0,24728,14044,24445,214,43,41.92,15.33,21.66,267.6,walk_forward
472,23.631,44.669,22.4,24767,102459,0,24728,14046,24448,211,43,42.10,15.33,21.73,267.6,walk_forward
473,23.675,45.599,21.9,24731,102273,0,24692,14015,24412,211,43,42.28,15.33,21.79,267.6,walk_forward
474,23.721,43.076,23.2,24703,102153,0,24664,13991,24386,209,43,42.46,15.33,21.86,267.6,walk_forward
475,23.764,48.536,20.6,24687,102155,0,24648,13976,24370,209,43,42.64,15.33,21.93,267.6,walk_forward
476,23.813,42.699,23.4,24660,102031,0,24621,13955,24347,205,43,42.81,15.33,21.99,267.6,walk_forward
477,23.855,44.830,22.3,24644,101954,0,24605,13941,24333,203,43,43.01,15.33,22.07,267.6,walk_forward
478,23.900,43.644,22.9,24604,101793,0,24565,13914,24303,193,43,43.18,15.33,22.13,267.6,walk_forward
479,23.944,42.663,23.4,24579,101691,0,24540,13897,24281,190,43,43.36,15.33,22.20,267.6,walk_forward
480,23.986,45.753,21.9,24526,101515,0,24487,13852,24234,184,43,43.53,15.33,22.26,267.6,walk_forward
481,24.032,42.081,23.8,24506,101475,0,24467,13852,24234,164,43,43.53,15.33,22.26,267.6,fly_high
482,24.074,44.437,22.5,24506,101475,0,24467,13852,24234,164,43,43.53,15.33,22.26,267.6,fly_high
483,24.119,43.861,22.8,24506,101475,0,24467,13852,24234,164,43,43.53,15.33,22.26,267.6,fly_high
484,24.163,44.148,22.7,24506,101475,0,24467,13852,24234,164,43,43.53,15.33,22.26,267.6,fly_high
485,24.207,44.407,22.5,24507,101567,0,24468,13853,24235,164,43,43.53,15.33,22.26,267.6,fly_high
486,24.251,54.840,18.2,24503,101559,0,24464,13853,24235,160,43,43.53,15.33,22.26,267.6,fly_high
487,24.306,39.319,25.4,24503,101559,0,24464,13853,24235,160,43,43.53,15.33,22.26,267.6,fly_high
488,24.346,40.880,24.5,24503,101559,0,24464,13853,24235,160,43,43.53,15.33,22.26,267.6,fly_high
489,24.386,43.025,23.2,24503,101559,0,24464,13853,24235,160,43,43.53,15.33,22.26,267.6,fly_high
490,24.429,45.654,21.9,24501,101633,0,24462,13851,24233,160,43,43.53,15.33,22.26,267.6,fly_high
491,24.475,39.807,25.1,24501,101633,0,24462,13851,24233,160,43,43.53,15.33,22.26,267.6,fly_high
492,24.515,41.468,24.1,24501,101633,0,24462,13851,24233,160,43,43.53,15.33,22.26,267.6,fly_high
493,24.556,43.824,22.8,24501,101633,0,24462,13851,24233,160,43,43.53,15.33,22.26,267.6,fly_high
494,24.600,42.850,23.3,24501,101633,0,24462,13851,24233,160,43,43.53,15.33,22.26,267.6,fly_high
495,24.643,45.145,22.2,24501,101711,0,24462,13851,24233,160,43,43.53,15.33,22.26,267.6,fly_high
496,24.688,45.743,21.9,24501,101711,0,24462,13851,24233,160,43,43.53,15.33,22.26,267.6,fly_high
497,24.734,42.732,23.4,24501,101711,0,24462,13851,24233,160,43,43.53,15.33,22.26,267.6,fly_high
498,24.777,45.210,22.1,24505,101719,0,24466,13851,24233,164,43,43.53,15.33,22.26,267.6,fly_high
499,24.822,43.821,22.8,24509,101727,0,24470,13851,24233,168,43,43.53,15.33,22.26,267.6,fly_high
500,24.866,45.699,21.9,24507,101789,0,24468,13849,24231,168,43,43.53,15.33,22.26,267.6,fly_high
501,24.912,44.978,22.2,24507,101789,0,24468,13849,24231,168,43,43.53,15.33,22.26,267.6,fly_high
502,24.957,35.511,28.2,24507,101789,0,24468,13849,24231,168,43,43.53,15.33,22.26,267.6,fly_high
503,24.992,40.596,24.6,24507,101789,0,24468,13849,24231,168,43,43.53,15.33,22.26,267.6,fly_high
504,25.033,41.979,23.8,24503,101781,0,24464,13849,24231,164,43,43.53,15.33,22.26,267.6,fly_high
505,25.075,42.307,23.6,24503,101850,0,24464,13849,24231,164,43,43.53,15.33,22.26,267.6,fly_high
506,25.117,40.901,24.4,24507,101858,0,24468,13849,24231,168,43,43.53,15.33,22.26,267.6,fly_high
507,25.158,40.829,24.5,24507,101858,0,24468,13849,24231,168,43,43.53,15.33,22.26,267.6,fly_high
508,25.199,42.108,23.7,24507,101858,0,24468,13849,24231,168,43,43.53,15.33,22.26,267.6,fly_high
509,25.241,43.374,23.1,24507,101858,0,24468,13849,24231,168,43,43.53,15.33,22.26,267.6,fly_high
510,25.284,42.580,23.5,24505,101914,0,24466,13847,24229,168,43,43.53,15.33,22.26,267.6,fly_high
511,25.327,40.075,25.0,24505,101914,0,24466,13847,24229,168,43,43.53,15.33,22.26,267.6,fly_high
512,25.367,42.222,23.7,24505,101914,0,24466,13847,24229,168,43,43.53,15.33,22.26,267.6,fly_high
513,25.409,41.841,23.9,24505,101914,0,24466,13847,24229,168,43,43.53,15.33,22.26,267.6,fly_high
514,25.451,42.999,23.3,24505,101914,0,24466,13847,24229,168,43,43.53,15.33,22.26,267.6,fly_high
515,25.494,41.627,24.0,24509,101985,0,24470,13847,24229,172,43,43.53,15.33,22.26,267.6,fly_high
516,25.536,41.136,24.3,24509,101985,0,24470,13847,24229,172,43,43.53,15.33,22.26,267.6,fly_high
517,25.577,41.821,23.9,24509,101985,0,24470,13847,24229,172,43,43.53,15.33,22.26,267.6,fly_high
518,25.619,42.251,23.7,24509,101985,0,24470,13847,24229,172,43,43.53,15.33,22.26,267.6,fly_high
519,25.661,40.945,24.4,24509,101985,0,24470,13847,24229,172,43,43.53,15.33,22.26,267.6,fly_high
520,25.702,36.454,27.4,24507,102035,0,24468,13845,24227,172,43,43.53,15.33,22.26,267.6,fly_high
521,25.738,45.956,21.8,24507,102035,0,24468,13845,24227,172,43,43.53,15.33,22.26,267.6,fly_high
522,25.784,40.188,24.9,24507,102035,0,24468,13845,24227,172,43,43.53,15.33,22.26,267.6,fly_high
523,25.825,40.243,24.8,24507,102035,0,24468,13845,24227,172,43,43.53,15.33,22.26,267.6,fly_high
524,25.865,39.499,25.3,24507,102035,0,24468,13845,24227,172,43,43.53,15.33,22.26,267.6,fly_high
525,25.904,41.768,23.9,24503,102084,0,24464,13845,24227,168,43,43.53,15.33,22.26,267.6,fly_high
526,25.946,40.582,24.6,24503,102084,0,24464,13845,24227,168,43,43.53,15.33,22.26,267.6,fly_high
527,25.987,41.286,24.2,24503,102084,0,24464,13845,24227,168,43,43.53,15.33,22.26,267.6,fly_high
528,26.028,38.865,25.7,24503,102084,0,24464,13845,24227,168,43,43.53,15.33,22.26,267.6,fly_high
529,26.067,37.769,26.5,24503,102084,0,24464,13845,24227,168,43,43.53,15.33,22.26,267.6,fly_high
530,26.105,42.393,23.6,24497,102114,0,24458,13843,24225,164,43,43.53,15.33,22.26,267.6,fly_high
531,26.147,55.155,18.1,24497,102114,0,24458,13843,24225,164,43,43.53,15.33,22.26,267.6,fly_high
532,26.202,31.724,31.5,24497,102114,0,24458,13843,24225,164,43,43.53,15.33,22.26,267.6,fly_high
533,26.234,42.472,23.5,24493,102106,0,24454,13843,24225,160,43,43.53,15.33,22.26,267.6,fly_high
534,26.276,43.607,22.9,24493,102106,0,24454,13843,24225,160,43,43.53,15.33,22.26,267.6,fly_high
535,26.320,46.103,21.7,24491,102129,0,24452,13841,24223,160,43,43.53,15.33,22.26,267.6,fly_high
536,26.366,38.615,25.9,24491,102129,0,24452,13841,24223,160,43,43.53,15.33,22.26,267.6,fly_high
537,26.405,40.421,24.7,24491,102129,0,24452,13841,24223,160,43,43.53,15.33,22.26,267.6,fly_high
538,26.445,42.888,23.3,24491,102129,0,24452,13841,24223,160,43,43.53,15.33,22.26,267.6,fly_high
539,26.488,43.117,23.2,24491,102129,0,24452,13841,24223,160,43,43.53,15.33,22.26,267.6,fly_high
540,26.531,44.056,22.7,24484,102124,0,24445,13838,24220,156,43,43.53,15.33,22.26,267.6,fly_high
541,26.575,41.526,24.1,24484,102124,0,24445,13838,24220,156,43,43.53,15.33,22.26,267.6,fly_high
542,26.617,36.608,27.3,24484,102124,0,24445,13838,24220,156,43,43.53,15.33,22.26,267.6,fly_high
543,26.654,43.990,22.7,24484,102124,0,24445,13838,24220,156,43,43.53,15.33,22.26,267.6,fly_high
544,26.698,40.544,24.7,24484,102124,0,24445,13838,24220,156,43,43.53,15.33,22.26,267.6,fly_high
545,26.738,42.098,23.8,24483,102122,0,24444,13837,24219,156,43,43.53,15.33,22.26,267.6,fly_high
546,26.780,38.890,25.7,24483,102122,0,24444,13837,24219,156,43,43.53,15.33,22.26,267.6,fly_high
547,26.819,39.015,25.6,24483,102122,0,24444,13837,24219,156,43,43.53,15.33,22.26,267.6,fly_high
548,26.858,40.631,24.6,24483,102122,0,24444,13837,24219,156,43,43.53,15.33,22.26,267.6,fly_high
549,26.899,40.758,24.5,24483,102122,0,24444,13837,24219,156,43,43.53,15.33,22.26,267.6,fly_high
550,26.940,39.160,25.5,24483,102122,0,24444,13837,24219,156,43,43.53,15.33,22.26,267.6,fly_high
551,26.979,38.476,26.0,24483,102122,0,24444,13837,24219,156,43,43.53,15.33,22.26,267.6,fly_high
552,27.017,39.422,25.4,24483,102122,0,24444,13837,24219,156,43,43.53,15.33,22.26,267.6,fly_high
553,27.057,39.523,25.3,24483,102122,0,24444,13837,24219,156,43,43.53,15.33,22.26,267.6,fly_high
554,27.096,40.341,24.8,24483,102122,0,24444,13837,24219,156,43,43.53,15.33,22.26,267.6,fly_high
555,27.137,40.032,25.0,24487,102130,0,24448,13837,24219,160,43,43.53,15.33,22.26,267.6,fly_high
556,27.177,40.192,24.9,24491,102138,0,24452,13837,24219,164,43,43.53,15.33,22.26,267.6,fly_high
557,27.217,37.916,26.4,24491,102138,0,24452,13837,24219,164,43,43.53,15.33,22.26,267.6,fly_high
558,27.255,39.108,25.6,24491,102138,0,24452,13837,24219,164,43,43.53,15.33,22.26,267.6,fly_high
559,27.294,40.891,24.5,24491,102138,0,24452,13837,24219,164,43,43.53,15.33,22.26,267.6,fly_high
560,27.335,37.396,26.7,24491,102138,0,24452,13837,24219,164,43,43.53,15.33,22.26,267.6,fly_high
561,27.372,39.129,25.6,24491,102138,0,24452,13837,24219,164,43,43.53,15.33,22.26,267.6,fly_high
562,27.411,37.892,26.4,24491,102138,0,24452,13837,24219,164,43,43.53,15.33,22.26,267.6,fly_high
563,27.449,38.276,26.1,24491,102138,0,24452,13837,24219,164,43,43.53,15.33,22.26,267.6,fly_high
564,27.488,36.131,27.7,24491,102138,0,24452,13837,24219,164,43,43.53,15.33,22.26,267.6,fly_high
565,27.524,38.567,25.9,24491,102138,0,24452,13837,24219,164,43,43.53,15.33,22.26,267.6,fly_high
566,27.562,41.259,24.2,24491,102138,0,24452,13837,24219,164,43,43.53,15.33,22.26,267.6,fly_high
567,27.604,37.145,26.9,24491,102138,0,24452,13837,24219,164,43,43.53,15.33,22.26,267.6,fly_high
568,27.641,41.567,24.1,24491,102138,0,24452,13837,24219,164,43,43.53,15.33,22.26,267.6,fly_high
569,27.682,40.496,24.7,24491,102138,0,24452,13837,24219,164,43,43.53,15.33,22.26,267.6,fly_high
570,27.723,41.790,23.9,24491,102138,0,24452,13837,24219,164,43,43.53,15.33,22.26,267.6,fly_high
571,27.765,37.079,27.0,24491,102138,0,24452,13837,24219,164,43,43.53,15.33,22.26,267.6,fly_high
572,27.802,41.300,24.2,24491,102138,0,24452,13837,24219,164,43,43.53,15.33,22.26,267.6,fly_high
573,27.843,39.630,25.2,24491,102138,0,24452,13837,24219,164,43,43.53,15.33,22.26,267.6,fly_high
574,27.883,38.169,26.2,24491,102138,0,24452,13837,24219,164,43,43.53,15.33,22.26,267.6,fly_high
575,27.921,39.519,25.3,24491,102138,0,24452,13837,24219,164,43,43.53,15.33,22.26,267.6,fly_high
576,27.960,39.342,25.4,24491,102138,0,24452,13837,24219,164,43,43.53,15.33,22.26,267.6,fly_high
577,28.000,39.137,25.6,24491,102138,0,24452,13837,24219,164,43,43.53,15.33,22.26,267.6,fly_high
578,28.039,39.346,25.4,24491,102138,0,24452,13837,24219,164,43,43.53,15.33,22.26,267.6,fly_high
579,28.078,40.978,24.4,24487,102130,0,24448,13837,24219,160,43,43.53,15.33,22.26,267.6,fly_high
580,28.119,37.963,26.3,24487,102130,0,24448,13837,24219,160,43,43.53,15.33,22.26,267.6,fly_high
581,28.157,40.685,24.6,24487,102130,0,24448,13837,24219,160,43,43.53,15.33,22.26,267.6,fly_high
582,28.198,38.783,25.8,24487,102130,0,24448,13837,24219,160,43,43.53,15.33,22.26,267.6,fly_high
583,28.237,39.573,25.3,24487,102130,0,24448,13837,24219,160,43,43.53,15.33,22.26,267.6,fly_high
584,28.276,40.572,24.6,24491,102138,0,24452,13837,24219,164,43,43.53,15.33,22.26,267.6,fly_high
585,28.317,40.772,24.5,24491,102138,0,24452,13837,24219,164,43,43.53,15.33,22.26,267.6,fly_high
586,28.358,39.951,25.0,24491,102138,0,24452,13837,24219,164,43,43.53,15.33,22.26,267.6,fly_high
587,28.398,37.631,26.6,24491,102138,0,24452,13837,24219,164,43,43.53,15.33,22.26,267.6,fly_high
588,28.435,39.482,25.3,24491,102138,0,24452,13837,24219,164,43,43.53,15.33,22.26,267.6,fly_high
589,28.475,39.784,25.1,24491,102138,0,24452,13837,24219,164,43,43.53,15.33,22.26,267.6,fly_high
590,28.515,39.043,25.6,24491,102138,0,24452,13837,24219,164,43,43.53,15.33,22.26,267.6,fly_high
591,28.554,38.264,26.1,24491,102138,0,24452,13837,24219,164,43,43.53,15.33,22.26,267.6,fly_high
592,28.592,36.525,27.4,24491,102138,0,24452,13837,24219,164,43,43.53,15.33,22.26,267.6,fly_high
593,28.628,41.406,24.2,24491,102138,0,24452,13837,24219,164,43,43.53,15.33,22.26,267.6,fly_high
594,28.670,38.917,25.7,24491,102138,0,24452,13837,24219,164,43,43.53,15.33,22.26,267.6,fly_high
595,28.709,39.923,25.0,24495,102146,0,24456,13837,24219,168,43,43.53,15.33,22.26,267.6,fly_high
596,28.749,38.199,26.2,24495,102146,0,24456,13837,24219,168,43,43.53,15.33,22.26,267.6,fly_high
597,28.787,40.401,24.8,24495,102146,0,24456,13837,24219,168,43,43.53,15.33,22.26,267.6,fly_high
598,28.827,39.716,25.2,24495,102146,0,24456,13837,24219,168,43,43.53,15.33,22.26,267.6,fly_high
599,28.867,37.757,26.5,24495,102146,0,24456,13837,24219,168,43,43.53,15.33,22.26,267.6,fly_high
600,28.905,37.805,26.5,24495,102146,0,24456,13837,24219,168,43,43.53,15.33,22.26,267.6,fly_high
601,28.943,39.315,25.4,24495,102146,0,24456,13837,24219,168,43,43.53,15.33,22.26,267.6,fly_high
602,28.982,37.921,26.4,24491,102138,0,24452,13837,24219,164,43,43.53,15.33,22.26,267.6,fly_high
603,29.020,40.882,24.5,24491,102138,0,24452,13837,24219,164,43,43.53,15.33,22.26,267.6,fly_high
604,29.061,38.693,25.8,24491,102138,0,24452,13837,24219,164,43,43.53,15.33,22.26,267.6,fly_high
605,29.100,37.718,26.5,24491,102138,0,24452,13837,24219,164,43,43.53,15.33,22.26,267.6,fly_high
606,29.137,36.276,27.6,24491,102138,0,24452,13837,24219,164,43,43.53,15.33,22.26,267.6,fly_high
607,29.174,38.237,26.2,24491,102138,0,24452,13837,24219,164,43,43.53,15.33,22.26,267.6,fly_high
608,29.212,37.551,26.6,24495,102146,0,24456,13837,24219,168,43,43.53,15.33,22.26,267.6,fly_high
609,29.249,41.647,24.0,24495,102146,0,24456,13837,24219,168,43,43.53,15.33,22.26,267.6,fly_high
610,29.291,38.108,26.2,24495,102146,0,24456,13837,24219,168,43,43.53,15.33,22.26,267.6,fly_high
611,29.329,40.521,24.7,24491,102138,0,24452,13837,24219,164,43,43.53,15.33,22.26,267.6,fly_high
612,29.370,38.245,26.1,24491,102138,0,24452,13837,24219,164,43,43.53,15.33,22.26,267.6,fly_high
613,29.408,39.724,25.2,24491,102138,0,24452,13837,24219,164,43,43.53,15.33,22.26,267.6,fly_high
614,29.448,36.271,27.6,24497,102150,0,24458,13837,24219,170,43,43.53,15.33,22.26,267.6,fly_high
615,29.484,38.889,25.7,24497,102150,0,24458,13837,24219,170,43,43.53,15.33,22.26,267.6,fly_high
616,29.523,36.308,27.5,24497,102150,0,24458,13837,24219,170,43,43.53,15.33,22.26,267.6,fly_high
617,29.559,37.914,26.4,24497,102150,0,24458,13837,24219,170,43,43.53,15.33,22.26,267.6,fly_high
618,29.597,37.976,26.3,24493,102142,0,24454,13837,24219,166,43,43.53,15.33,22.26,267.6,fly_high
619,29.635,39.390,25.4,24493,102142,0,24454,13837,24219,166,43,43.53,15.33,22.26,267.6,fly_high
620,29.675,44.412,22.5,24493,102142,0,24454,13837,24219,166,43,43.53,15.33,22.26,267.6,fly_high
621,29.719,36.040,27.7,24493,102142,0,24454,13837,24219,166,43,43.53,15.33,22.26,267.6,fly_high
622,29.755,39.991,25.0,24497,102150,0,24458,13837,24219,170,43,43.53,15.33,22.26,267.6,fly_high
623,29.795,42.219,23.7,24497,102150,0,24458,13837,24219,170,43,43.53,15.33,22.26,267.6,fly_high
624,29.837,38.971,25.7,24497,102150,0,24458,13837,24219,170,43,43.53,15.33,22.26,267.6,fly_high
625,29.876,38.391,26.0,24497,102150,0,24458,13837,24219,170,43,43.53,15.33,22.26,267.6,fly_high
626,29.915,39.765,25.1,24497,102150,0,24458,13837,24219,170,43,43.53,15.33,22.26,267.6,fly_high
627,29.955,41.269,24.2,24493,102142,0,24454,13837,24219,166,43,43.53,15.33,22.26,267.6,fly_high
628,29.996,38.783,25.8,24497,102150,0,24458,13837,24219,170,43,43.53,15.33,22.26,267.6,fly_high
629,30.035,47.993,20.8,24497,102150,0,24458,13837,24219,170,43,43.53,15.33,22.26,267.6,night
630,30.083,72.536,13.8,24497,102150,0,24458,13837,24219,170,43,43.53,15.33,22.26,267.6,night
631,30.155,40.054,25.0,24497,102150,0,24458,13837,24219,170,43,43.53,15.33,22.26,267.6,night
632,30.195,26.833,37.3,24497,102150,0,24458,13837,24219,170,43,43.53,15.33,22.26,267.6,night
633,30.222,37.971,26.3,24501,102158,0,24462,13837,24219,174,43,43.53,15.33,22.26,267.6,night
634,30.260,41.756,23.9,24501,102158,0,24462,13837,24219,174,43,43.53,15.33,22.26,267.6,night
635,30.302,41.624,24.0,24501,102158,0,24462,13837,24219,174,43,43.53,15.33,22.26,267.6,night
636,30.343,40.872,24.5,24501,102158,0,24462,13837,24219,174,43,43.53,15.33,22.26,267.6,night
637,30.384,40.719,24.6,24501,102158,0,24462,13837,24219,174,43,43.53,15.33,22.26,267.6,night
638,30.425,38.449,26.0,24501,102158,0,24462,13837,24219,174,43,43.53,15.33,22.26,267.6,night
639,30.464,39.138,25.6,24501,102158,0,24462,13837,24219,174,43,43.53,15.33,22.26,267.6,night
640,30.503,39.469,25.3,24497,102150,0,24458,13837,24219,170,43,43.53,15.33,22.26,267.6,night
641,30.542,39.291,25.5,24497,102150,0,24458,13837,24219,170,43,43.53,15.33,22.26,267.6,night
642,30.582,39.535,25.3,24493,102142,0,24454,13837,24219,166,43,43.53,15.33,22.26,267.6,night
643,30.621,40.413,24.7,24493,102142,0,24454,13837,24219,166,43,43.53,15.33,22.26,267.6,night
644,30.661,43.573,23.0,24489,102134,0,24450,13837,24219,162,43,43.53,15.33,22.26,267.6,night
645,30.705,37.200,26.9,24489,102134,0,24450,13837,24219,162,43,43.53,15.33,22.26,267.6,night
646,30.742,39.285,25.5,24489,102134,0,24450,13837,24219,162,43,43.53,15.33,22.26,267.6,night
647,30.782,38.963,25.7,24489,102134,0,24450,13837,24219,162,43,43.53,15.33,22.26,267.6,night
648,30.821,39.536,25.3,24489,102134,0,24450,13837,24219,162,43,43.53,15.33,22.26,267.6,night
649,30.860,39.779,25.1,24489,102134,0,24450,13837,24219,162,43,43.53,15.33,22.26,267.6,night
650,30.900,38.082,26.3,24489,102134,0,24450,13837,24219,162,43,43.53,15.33,22.26,267.6,night
651,30.938,37.786,26.5,24489,102134,0,24450,13837,24219,162,43,43.53,15.33,22.26,267.6,night
652,30.976,37.288,26.8,24489,102134,0,24450,13837,24219,162,43,43.53,15.33,22.26,267.6,night
653,31.013,39.658,25.2,24489,102134,0,24450,13837,24219,162,43,43.53,15.33,22.26,267.6,night
654,31.053,39.576,25.3,24489,102134,0,24450,13837,24219,162,43,43.53,15.33,22.26,267.6,night
655,31.092,40.215,24.9,24489,102134,0,24450,13837,24219,162,43,43.53,15.33,22.26,267.6,night
656,31.133,38.794,25.8,24489,102134,0,24450,13837,24219,162,43,43.53,15.33,22.26,267.6,night
657,31.171,37.776,26.5,24489,102134,0,24450,13837,24219,162,43,43.53,15.33,22.26,267.6,night
658,31.209,38.284,26.1,24489,102134,0,24450,13837,24219,162,43,43.53,15.33,22.26,267.6,night
659,31.248,41.425,24.1,24489,102134,0,24450,13837,24219,162,43,43.53,15.33,22.26,267.6,night
660,31.289,39.830,25.1,24489,102134,0,24450,13837,24219,162,43,43.53,15.33,22.26,267.6,night
661,31.329,42.453,23.6,24489,102134,0,24450,13837,24219,162,43,43.53,15.33,22.26,267.6,night
662,31.371,53.956,18.5,24489,102134,0,24450,13837,24219,162,43,43.53,15.33,22.26,267.6,night
663,31.425,53.304,18.8,24493,102142,0,24454,13837,24219,166,43,43.53,15.33,22.26,267.6,night
664,31.479,29.339,34.1,24493,102142,0,24454,13837,24219,166,43,43.53,15.33,22.26,267.6,night
665,31.508,52.674,19.0,24493,102142,0,24454,13837,24219,166,43,43.53,15.33,22.26,267.6,night
666,31.561,58.136,17.2,24493,102142,0,24454,13837,24219,166,43,43.53,15.33,22.26,267.6,night
667,31.619,41.056,24.4,24493,102142,0,24454,13837,24219,166,43,43.53,15.33,22.26,267.6,night
668,31.660,39.249,25.5,24493,102142,0,24454,13837,24219,166,43,43.53,15.33,22.26,267.6,night
669,31.699,33.105,30.2,24493,102142,0,24454,13837,24219,166,43,43.53,15.33,22.26,267.6,night
670,31.732,33.089,30.2,24493,102142,0,24454,13837,24219,166,43,43.53,15.33,22.26,267.6,night
671,31.765,39.710,25.2,24493,102142,0,24454,13837,24219,166,43,43.53,15.33,22.26,267.6,night
672,31.805,39.866,25.1,24493,102142,0,24454,13837,24219,166,43,43.53,15.33,22.26,267.6,night
673,31.845,39.447,25.4,24493,102142,0,24454,13837,24219,166,43,43.53,15.33,22.26,267.6,night
674,31.884,39.984,25.0,24493,102142,0,24454,13837,24219,166,43,43.53,15.33,22.26,267.6,night
675,31.924,39.079,25.6,24493,102142,0,24454,13837,24219,166,43,43.53,15.33,22.26,267.6,night
676,31.963,40.132,24.9,24493,102142,0,24454,13837,24219,166,43,43.53,15.33,22.26,267.6,night
677,32.004,45.809,21.8,24489,102134,0,24450,13837,24219,162,43,43.53,15.33,22.26,267.6,night
678,32.049,48.722,20.5,24489,102134,0,24450,13837,24219,162,43,43.53,15.33,22.26,267.6,night
679,32.098,37.032,27.0,24489,102134,0,24450,13837,24219,162,43,43.53,15.33,22.26,267.6,night
680,32.135,36.006,27.8,24489,102134,0,24450,13837,24219,162,43,43.53,15.33,22.26,267.6,night
681,32.171,29.641,33.7,24489,102134,0,24450,13837,24219,162,43,43.53,15.33,22.26,267.6,night
682,32.201,40.208,24.9,24489,102134,0,24450,13837,24219,162,43,43.53,15.33,22.26,267.6,night
683,32.241,39.877,25.1,24493,102142,0,24454,13837,24219,166,43,43.53,15.33,22.26,267.6,night
684,32.281,39.995,25.0,24493,102142,0,24454,13837,24219,166,43,43.53,15.33,22.26,267.6,night
685,32.321,38.235,26.2,24493,102142,0,24454,13837,24219,166,43,43.53,15.33,22.26,267.6,night
686,32.359,39.500,25.3,24493,102142,0,24454,13837,24219,166,43,43.53,15.33,22.26,267.6,night
687,32.399,40.635,24.6,24493,102142,0,24454,13837,24219,166,43,43.53,15.33,22.26,267.6,night
688,32.439,38.462,26.0,24493,102142,0,24454,13837,24219,166,43,43.53,15.33,22.26,267.6,night
689,32.478,40.432,24.7,24493,102142,0,24454,13837,24219,166,43,43.53,15.33,22.26,267.6,night
690,32.518,43.534,23.0,24493,102142,0,24454,13837,24219,166,43,43.53,15.33,22.26,267.6,night
691,32.562,38.009,26.3,24497,102150,0,24458,13837,24219,170,43,43.53,15.33,22.26,267.6,night
692,32.600,38.315,26.1,24497,102150,0,24458,13837,24219,170,43,43.53,15.33,22.26,267.6,night
693,32.638,42.960,23.3,24497,102150,0,24458,13837,24219,170,43,43.53,15.33,22.26,267.6,night
694,32.681,41.415,24.1,24497,102150,0,24458,13837,24219,170,43,43.53,15.33,22.26,267.6,night
695,32.723,37.706,26.5,24497,102150,0,24458,13837,24219,170,43,43.53,15.33,22.26,267.6,night
696,32.760,39.071,25.6,24497,102150,0,24458,13837,24219,170,43,43.53,15.33,22.26,267.6,night
697,32.799,39.047,25.6,24497,102150,0,24458,13837,24219,170,43,43.53,15.33,22.26,267.6,night
698,32.839,40.261,24.8,24497,102150,0,24458,13837,24219,170,43,43.53,15.33,22.26,267.6,night
699,32.879,39.687,25.2,24497,102150,0,24458,13837,24219,170,43,43.53,15.33,22.26,267.6,night
700,32.918,40.271,24.8,24501,102158,0,24462,13837,24219,174,43,43.53,15.33,22.26,267.6,night
701,32.959,38.137,26.2,24497,102150,0,24458,13837,24219,170,43,43.53,15.33,22.26,267.6,night
702,32.997,40.535,24.7,24497,102150,0,24458,13837,24219,170,43,43.53,15.33,22.26,267.6,night
703,33.037,39.106,25.6,24497,102150,0,24458,13837,24219,170,43,43.53,15.33,22.26,267.6,night
704,33.077,39.706,25.2,24497,102150,0,24458,13837,24219,170,43,43.53,15.33,22.26,267.6,night
705,33.116,38.265,26.1,24497,102150,0,24458,13837,24219,170,43,43.53,15.33,22.26,267.6,night
706,33.155,40.273,24.8,24497,102150,0,24458,13837,24219,170,43,43.53,15.33,22.26,267.6,night
707,33.195,38.855,25.7,24497,102150,0,24458,13837,24219,170,43,43.53,15.33,22.26,267.6,night
708,33.234,39.546,25.3,24497,102150,0,24458,13837,24219,170,43,43.53,15.33,22.26,267.6,night
709,33.273,41.100,24.3,24497,102150,0,24458,13837,24219,170,43,43.53,15.33,22.26,267.6,night
710,33.314,37.942,26.4,24501,102158,0,24462,13837,24219,174,43,43.53,15.33,22.26,267.6,night
711,33.352,36.273,27.6,24501,102158,0,24462,13837,24219,174,43,43.53,15.33,22.26,267.6,night
712,33.389,41.029,24.4,24501,102158,0,24462,13837,24219,174,43,43.53,15.33,22.26,267.6,night
713,33.430,38.624,25.9,24501,102158,0,24462,13837,24219,174,43,43.53,15.33,22.26,267.6,night
714,33.468,38.624,25.9,24501,102158,0,24462,13837,24219,174,43,43.53,15.33,22.26,267.6,night
715,33.507,37.137,26.9,24501,102158,0,24462,13837,24219,174,43,43.53,15.33,22.26,267.6,night
716,33.544,38.455,26.0,24501,102158,0,24462,13837,24219,174,43,43.53,15.33,22.26,267.6,night
717,33.583,37.163,26.9,24497,102150,0,24458,13837,24219,170,43,43.53,15.33,22.26,267.6,night
718,33.620,40.926,24.4,24493,102142,0,24454,13837,24219,166,43,43.53,15.33,22.26,267.6,night
719,33.661,37.255,26.8,24493,102142,0,24454,13837,24219,166,43,43.53,15.33,22.26,267.6,night
720,33.698,41.542,24.1,24493,102142,0,24454,13837,24219,166,43,43.53,15.33,22.26,267.6,night
721,33.740,42.828,23.3,24493,102142,0,24454,13837,24219,166,43,43.53,15.33,22.26,267.6,night
722,33.782,38.578,25.9,24493,102142,0,24454,13837,24219,166,43,43.53,15.33,22.26,267.6,night
723,33.821,40.429,24.7,24493,102142,0,24454,13837,24219,166,43,43.53,15.33,22.26,267.6,night
724,33.861,38.757,25.8,24493,102142,0,24454,13837,24219,166,43,43.53,15.33,22.26,267.6,night
725,33.900,38.228,26.2,24493,102142,0,24454,13837,24219,166,43,43.53,15.33,22.26,267.6,night
726,33.938,39.338,25.4,24493,102142,0,24454,13837,24219,166,43,43.53,15.33,22.26,267.6,night
727,33.978,40.322,24.8,24493,102142,0,24454,13837,24219,166,43,43.53,15.33,22.26,267.6,night
728,34.018,38.184,26.2,24493,102142,0,24454,13837,24219,166,43,43.53,15.33,22.26,267.6,night
729,34.056,40.966,24.4,24493,102142,0,24454,13837,24219,166,43,43.53,15.33,22.26,267.6,night
730,34.097,39.016,25.6,24493,102142,0,24454,13837,24219,166,43,43.53,15.33,22.26,267.6,night
731,34.136,38.382,26.1,24493,102142,0,24454,13837,24219,166,43,43.53,15.33,22.26,267.6,night
732,34.175,41.997,23.8,24493,102142,0,24454,13837,24219,166,43,43.53,15.33,22.26,267.6,night
733,34.217,37.987,26.3,24489,102134,0,24450,13837,24219,162,43,43.53,15.33,22.26,267.6,night
734,34.255,39.032,25.6,24489,102134,0,24450,13837,24219,162,43,43.53,15.33,22.26,267.6,night
735,34.294,40.825,24.5,24489,102134,0,24450,13837,24219,162,43,43.53,15.33,22.26,267.6,night
736,34.335,37.935,26.4,24489,102134,0,24450,13837,24219,162,43,43.53,15.33,22.26,267.6,night
737,34.373,39.486,25.3,24489,102134,0,24450,13837,24219,162,43,43.53,15.33,22.26,267.6,night
738,34.412,39.790,25.1,24489,102134,0,24450,13837,24219,162,43,43.53,15.33,22.26,267.6,night
739,34.452,47.829,20.9,24489,102134,0,24450,13837,24219,162,43,43.53,15.33,22.26,267.6,night
740,34.500,88.966,11.2,24489,102134,0,24450,13837,24219,162,43,43.53,15.33,22.26,267.6,night
741,34.589,29.229,34.2,24489,102134,0,24450,13837,24219,162,43,43.53,15.33,22.26,267.6,night
742,34.618,29.501,33.9,24493,102142,0,24454,13837,24219,166,43,43.53,15.33,22.26,267.6,night
743,34.647,38.019,26.3,24493,102142,0,24454,13837,24219,166,43,43.53,15.33,22.26,267.6,night
744,34.685,39.811,25.1,24493,102142,0,24454,13837,24219,166,43,43.53,15.33,22.26,267.6,night
745,34.725,41.158,24.3,24493,102142,0,24454,13837,24219,166,43,43.53,15.33,22.26,267.6,night
746,34.766,42.011,23.8,24493,102142,0,24454,13837,24219,166,43,43.53,15.33,22.26,267.6,night
747,34.809,43.142,23.2,24493,102142,0,24454,13837,24219,166,43,43.53,15.33,22.26,267.6,night
748,34.852,40.353,24.8,24493,102142,0,24454,13837,24219,166,43,43.53,15.33,22.26,267.6,night
749,34.892,39.778,25.1,24493,102142,0,24454,13837,24219,166,43,43.53,15.33,22.26,267.6,night
750,34.932,38.996,25.6,24493,102142,0,24454,13837,24219,166,43,43.53,15.33,22.26,267.6,night
751,34.971,38.118,26.2,24493,102142,0,24454,13837,24219,166,43,43.53,15.33,22.26,267.6,night
752,35.009,39.474,25.3,24493,102142,0,24454,13837,24219,166,43,43.53,15.33,22.26,267.6,night
753,35.048,41.509,24.1,24497,102150,0,24458,13837,24219,170,43,43.53,15.33,22.26,267.6,night
754,35.090,38.965,25.7,24497,102150,0,24458,13837,24219,170,43,43.53,15.33,22.26,267.6,night
755,35.129,38.523,26.0,24497,102150,0,24458,13837,24219,170,43,43.53,15.33,22.26,267.6,night
756,35.167,39.447,25.4,24497,102150,0,24458,13837,24219,170,43,43.53,15.33,22.26,267.6,night
757,35.207,38.406,26.0,24497,102150,0,24458,13837,24219,170,43,43.53,15.33,22.26,267.6,night
758,35.245,42.544,23.5,24497,102150,0,24458,13837,24219,170,43,43.53,15.33,22.26,267.6,night
759,35.288,37.853,26.4,24497,102150,0,24458,13837,24219,170,43,43.53,15.33,22.26,267.6,night
760,35.326,40.111,24.9,24493,102142,0,24454,13837,24219,166,43,43.53,15.33,22.26,267.6,night
761,35.366,36.852,27.1,24493,102142,0,24454,13837,24219,166,43,43.53,15.33,22.26,267.6,night
762,35.403,35.528,28.1,24493,102142,0,24454,13837,24219,166,43,43.53,15.33,22.26,267.6,night
763,35.438,42.320,23.6,24497,102150,0,24458,13837,24219,170,43,43.53,15.33,22.26,267.6,night
764,35.481,39.288,25.5,24497,102150,0,24458,13837,24219,170,43,43.53,15.33,22.26,267.6,night
765,35.520,37.284,26.8,24497,102150,0,24458,13837,24219,170,43,43.53,15.33,22.26,267.6,night
766,35.557,37.291,26.8,24497,102150,0,24458,13837,24219,170,43,43.53,15.33,22.26,267.6,night
767,35.595,38.166,26.2,24493,102142,0,24454,13837,24219,166,43,43.53,15.33,22.26,267.6,night
768,35.633,37.752,26.5,24493,102142,0,24454,13837,24219,166,43,43.53,15.33,22.26,267.6,night
769,35.670,38.521,26.0,24493,102142,0,24454,13837,24219,166,43,43.53,15.33,22.26,267.6,night
770,35.709,44.329,22.6,24493,102142,0,24454,13837,24219,166,43,43.53,15.33,22.26,267.6,night
771,35.753,37.173,26.9,24493,102142,0,24454,13837,24219,166,43,43.53,15.33,22.26,267.6,night
772,35.791,38.809,25.8,24493,102142,0,24454,13837,24219,166,43,43.53,15.33,22.26,267.6,night
773,35.829,39.494,25.3,24493,102142,0,24454,13837,24219,166,43,43.53,15.33,22.26,267.6,night
774,35.869,41.081,24.3,24497,102150,0,24458,13837,24219,170,43,43.53,15.33,22.26,267.6,night
775,35.910,38.397,26.0,24497,102150,0,24458,13837,24219,170,43,43.53,15.33,22.26,267.6,night
776,35.948,39.268,25.5,24497,102150,0,24458,13837,24219,170,43,43.53,15.33,22.26,267.6,night
777,35.988,40.398,24.8,24497,102150,0,24458,13837,24219,170,43,43.53,15.33,22.26,267.6,night
778,36.028,35.081,28.5,17660,61787,0,17621,7564,17382,170,43,43.53,15.33,22.26,267.6,birdseye
779,36.063,18.680,53.5,17660,61787,0,17621,7564,17382,170,43,43.53,15.33,22.26,267.6,birdseye
780,36.082,30.854,32.4,17660,61787,0,17621,7564,17382,170,43,43.53,15.33,22.26,267.6,birdseye
781,36.113,17.280,57.9,17660,61787,0,17621,7564,17382,170,43,43.53,15.33,22.26,267.6,birdseye
782,36.130,16.650,60.1,17664,61795,0,17625,7564,17382,174,43,43.53,15.33,22.26,267.6,birdseye
783,36.147,16.233,61.6,17664,61795,0,17625,7564,17382,174,43,43.53,15.33,22.26,267.6,birdseye
784,36.163,18.656,53.6,17664,61795,0,17625,7564,17382,174,43,43.53,15.33,22.26,267.6,birdseye
785,36.182,16.144,61.9,17664,61795,0,17625,7564,17382,174,43,43.53,15.33,22.26,267.6,birdseye
786,36.198,16.733,59.8,17664,61795,0,17625,7564,17382,174,43,43.53,15.33,22.26,267.6,birdseye
787,36.215,16.718,59.8,17660,61787,0,17621,7564,17382,170,43,43.53,15.33,22.26,267.6,birdseye
788,36.231,16.168,61.9,17656,61779,0,17617,7564,17382,166,43,43.53,15.33,22.26,267.6,birdseye
789,36.247,16.482,60.7,17656,61779,0,17617,7564,17382,166,43,43.53,15.33,22.26,267.6,birdseye
790,36.264,16.399,61.0,17656,61779,0,17617,7564,17382,166,43,43.53,15.33,22.26,267.6,birdseye
791,36.280,16.191,61.8,17656,61779,0,17617,7564,17382,166,43,43.53,15.33,22.26,267.6,birdseye
792,36.297,24.484,40.8,17656,61779,0,17617,7564,17382,166,43,43.53,15.33,22.26,267.6,birdseye
793,36.321,21.378,46.8,17656,61779,0,17617,7564,17382,166,43,43.53,15.33,22.26,267.6,birdseye
794,36.342,15.279,65.4,17656,61779,0,17617,7564,17382,166,43,43.53,15.33,22.26,267.6,birdseye
795,36.358,15.123,66.1,17656,61779,0,17617,7564,17382,166,43,43.53,15.33,22.26,267.6,birdseye
796,36.373,16.907,59.1,17656,61779,0,17617,7564,17382,166,43,43.53,15.33,22.26,267.6,birdseye
797,36.390,15.265,65.5,17656,61779,0,17617,7564,17382,166,43,43.53,15.33,22.26,267.6,birdseye
798,36.405,17.095,58.5,17656,61779,0,17617,7564,17382,166,43,43.53,15.33,22.26,267.6,birdseye
799,36.422,19.058,52.5,17660,61787,0,17621,7564,17382,170,43,43.53,15.33,22.26,267.6,birdseye
800,36.441,19.101,52.4,17660,61787,0,17621,7564,17382,170,43,43.53,15.33,22.26,267.6,birdseye
801,36.460,15.507,64.5,17660,61787,0,17621,7564,17382,170,43,43.53,15.33,22.26,267.6,birdseye
802,36.476,15.270,65.5,17660,61787,0,17621,7564,17382,170,43,43.53,15.33,22.26,267.6,birdseye
803,36.491,19.323,51.8,17660,61787,0,17621,7564,17382,170,43,43.53,15.33,22.26,267.6,birdseye
804,36.511,17.743,56.4,17660,61787,0,17621,7564,17382,170,43,43.53,15.33,22.26,267.6,birdseye
805,36.528,14.739,67.8,17660,61787,0,17621,7564,17382,170,43,43.53,15.33,22.26,267.6,birdseye
806,36.543,35.449,28.2,17660,61787,0,17621,7564,17382,170,43,43.53,15.33,22.26,267.6,birdseye
807,36.578,18.252,54.8,17660,61787,0,17621,7564,17382,170,43,43.53,15.33,22.26,267.6,birdseye
808,36.597,14.312,69.9,17660,61787,0,17621,7564,17382,170,43,43.53,15.33,22.26,267.6,birdseye
809,36.611,18.523,54.0,17660,61787,0,17621,7564,17382,170,43,43.53,15.33,22.26,267.6,birdseye
810,36.630,22.399,44.6,17660,61787,0,17621,7564,17382,170,43,43.53,15.33,22.26,267.6,birdseye
811,36.652,19.233,52.0,17660,61787,0,17621,7564,17382,170,43,43.53,15.33,22.26,267.6,birdseye
812,36.671,25.491,39.2,17656,61779,0,17617,7564,17382,166,43,43.53,15.33,22.26,267.6,birdseye
813,36.697,15.134,66.1,17656,61779,0,17617,7564,17382,166,43,43.53,15.33,22.26,267.6,birdseye
814,36.712,18.106,55.2,17656,61779,0,17617,7564,17382,166,43,43.53,15.33,22.26,267.6,birdseye
815,36.730,14.390,69.5,17656,61779,0,17617,7564,17382,166,43,43.53,15.33,22.26,267.6,birdseye
816,36.744,14.923,67.0,17656,61779,0,17617,7564,17382,166,43,43.53,15.33,22.26,267.6,birdseye
817,36.759,14.695,68.1,17656,61779,0,17617,7564,17382,166,43,43.53,15.33,22.26,267.6,birdseye
818,36.774,16.342,61.2,17656,61779,0,17617,7564,17382,166,43,43.53,15.33,22.26,267.6,birdseye
819,36.790,16.210,61.7,17656,61779,0,17617,7564,17382,166,43,43.53,15.33,22.26,267.6,birdseye
820,36.807,15.362,65.1,17656,61779,0,17617,7564,17382,166,43,43.53,15.33,22.26,267.6,birdseye
821,36.822,17.496,57.2,17656,61779,0,17617,7564,17382,166,43,43.53,15.33,22.26,267.6,birdseye
822,36.840,15.473,64.6,17656,61779,0,17617,7564,17382,166,43,43.53,15.33,22.26,267.6,birdseye
823,36.855,15.252,65.6,17656,61779,0,17617,7564,17382,166,43,43.53,15.33,22.26,267.6,birdseye
824,36.870,15.146,66.0,17656,61779,0,17617,7564,17382,166,43,43.53,15.33,22.26,267.6,birdseye
825,36.885,16.682,59.9,17660,61787,0,17621,7564,17382,170,43,43.53,15.33,22.26,267.6,birdseye
826,36.902,15.297,65.4,17660,61787,0,17621,7564,17382,170,43,43.53,15.33,22.26,267.6,birdseye
827,36.917,17.976,55.6,17660,61787,0,17621,7564,17382,170,43,43.53,15.33,22.26,267.6,birdseye
828,36.935,14.633,68.3,17660,61787,0,17621,7564,17382,170,43,43.53,15.33,22.26,267.6,birdseye
829,36.950,14.513,68.9,17660,61787,0,17621,7564,17382,170,43,43.53,15.33,22.26,267.6,birdseye
830,36.965,14.276,70.0,17660,61787,0,17621,7564,17382,170,43,43.53,15.33,22.26,267.6,birdseye
831,36.979,15.177,65.9,17660,61787,0,17621,7564,17382,170,43,43.53,15.33,22.26,267.6,birdseye
832,36.994,16.695,59.9,17664,61795,0,17625,7564,17382,174,43,43.53,15.33,22.26,267.6,birdseye
833,37.011,17.310,57.8,17664,61795,0,17625,7564,17382,174,43,43.53,15.33,22.26,267.6,birdseye
834,37.028,16.430,60.9,17664,61795,0,17625,7564,17382,174,43,43.53,15.33,22.26,267.6,birdseye
835,37.045,16.431,60.9,17664,61795,0,17625,7564,17382,174,43,43.53,15.33,22.26,267.6,birdseye
836,37.061,16.380,61.0,17664,61795,0,17625,7564,17382,174,43,43.53,15.33,22.26,267.6,birdseye
837,37.077,18.860,53.0,17664,61795,0,17625,7564,17382,174,43,43.53,15.33,22.26,267.6,birdseye
838,37.096,17.389,57.5,17664,61795,0,17625,7564,17382,174,43,43.53,15.33,22.26,267.6,birdseye
839,37.114,18.233,54.8,17664,61795,0,17625,7564,17382,174,43,43.53,15.33,22.26,267.6,birdseye
840,37.132,18.496,54.1,17664,61795,0,17625,7564,17382,174,43,43.53,15.33,22.26,267.6,birdseye
841,37.150,19.068,52.4,17664,61795,0,17625,7564,17382,174,43,43.53,15.33,22.26,267.6,birdseye
842,37.169,27.078,36.9,17668,61803,0,17629,7564,17382,178,43,43.53,15.33,22.26,267.6,birdseye
843,37.197,24.800,40.3,17668,61803,0,17629,7564,17382,178,43,43.53,15.33,22.26,267.6,birdseye
844,37.221,14.439,69.3,17668,61803,0,17629,7564,17382,178,43,43.53,15.33,22.26,267.6,birdseye
845,37.236,15.259,65.5,17668,61803,0,17629,7564,17382,178,43,43.53,15.33,22.26,267.6,birdseye
846,37.251,15.918,62.8,17668,61803,0,17629,7564,17382,178,43,43.53,15.33,22.26,267.6,birdseye
847,37.267,15.170,65.9,17668,61803,0,17629,7564,17382,178,43,43.53,15.33,22.26,267.6,birdseye
848,37.282,15.087,66.3,17668,61803,0,17629,7564,17382,178,43,43.53,15.33,22.26,267.6,birdseye
849,37.297,14.614,68.4,17668,61803,0,17629,7564,17382,178,43,43.53,15.33,22.26,267.6,birdseye
850,37.312,14.765,67.7,17668,61803,0,17629,7564,17382,178,43,43.53,15.33,22.26,267.6,birdseye
851,37.327,14.772,67.7,17668,61803,0,17629,7564,17382,178,43,43.53,15.33,22.26,267.6,birdseye
852,37.341,21.859,45.7,17668,61803,0,17629,7564,17382,178,43,43.53,15.33,22.26,267.6,birdseye
853,37.363,14.281,70.0,17668,61803,0,17629,7564,17382,178,43,43.53,15.33,22.26,267.6,birdseye
854,37.378,14.234,70.3,17664,61795,0,17625,7564,17382,174,43,43.53,15.33,22.26,267.6,birdseye
855,37.392,14.476,69.1,17664,61795,0,17625,7564,17382,174,43,43.53,15.33,22.26,267.6,birdseye
856,37.406,14.385,69.5,17664,61795,0,17625,7564,17382,174,43,43.53,15.33,22.26,267.6,birdseye
857,37.421,14.298,69.9,17664,61795,0,17625,7564,17382,174,43,43.53,15.33,22.26,267.6,birdseye
858,37.435,19.541,51.2,17664,61795,0,17625,7564,17382,174,43,43.53,15.33,22.26,267.6,birdseye
859,37.455,21.478,46.6,17664,61795,0,17625,7564,17382,174,43,43.53,15.33,22.26,267.6,birdseye
860,37.476,18.231,54.9,17664,61795,0,17625,7564,17382,174,43,43.53,15.33,22.26,267.6,birdseye
861,37.494,14.593,68.5,17660,61787,0,17621,7564,17382,170,43,43.53,15.33,22.26,267.6,birdseye
862,37.509,14.378,69.6,17660,61787,0,17621,7564,17382,170,43,43.53,15.33,22.26,267.6,birdseye
863,37.523,14.283,70.0,17660,61787,0,17621,7564,17382,170,43,43.53,15.33,22.26,267.6,birdseye
864,37.538,14.383,69.5,17660,61787,0,17621,7564,17382,170,43,43.53,15.33,22.26,267.6,birdseye
865,37.552,41.201,24.3,17660,61787,0,17621,7564,17382,170,43,43.53,15.33,22.26,267.6,birdseye
866,37.593,16.763,59.7,17660,61787,0,17621,7564,17382,170,43,43.53,15.33,22.26,267.6,birdseye
867,37.610,16.395,61.0,17660,61787,0,17621,7564,17382,170,43,43.53,15.33,22.26,267.6,birdseye
868,37.626,21.304,46.9,17660,61787,0,17621,7564,17382,170,43,43.53,15.33,22.26,267.6,birdseye
869,37.648,17.123,58.4,17660,61787,0,17621,7564,17382,170,43,43.53,15.33,22.26,267.6,birdseye
870,37.665,21.265,47.0,17660,61787,0,17621,7564,17382,170,43,43.53,15.33,22.26,267.6,birdseye
871,37.686,25.416,39.3,17660,61787,0,17621,7564,17382,170,43,43.53,15.33,22.26,267.6,birdseye
872,37.712,23.150,43.2,17660,61787,0,17621,7564,17382,170,43,43.53,15.33,22.26,267.6,birdseye
873,37.735,22.399,44.6,17660,61787,0,17621,7564,17382,170,43,43.53,15.33,22.26,267.6,birdseye
874,37.757,18.573,53.8,17664,61795,0,17625,7564,17382,174,43,43.53,15.33,22.26,267.6,birdseye
875,37.776,18.702,53.5,17664,61795,0,17625,7564,17382,174,43,43.53,15.33,22.26,267.6,birdseye
876,37.794,18.011,55.5,17664,61795,0,17625,7564,17382,174,43,43.53,15.33,22.26,267.6,birdseye
877,37.812,14.816,67.5,17664,61795,0,17625,7564,17382,174,43,43.53,15.33,22.26,267.6,birdseye
878,37.827,15.910,62.9,17664,61795,0,17625,7564,17382,174,43,43.53,15.33,22.26,267.6,birdseye
879,37.843,14.480,69.1,17664,61795,0,17625,7564,17382,174,43,43.53,15.33,22.26,267.6,birdseye
880,37.858,14.485,69.0,17664,61795,0,17625,7564,17382,174,43,43.53,15.33,22.26,267.6,birdseye
881,37.872,14.654,68.2,17664,61795,0,17625,7564,17382,174,43,43.53,15.33,22.26,267.6,birdseye
882,37.887,16.546,60.4,17664,61795,0,17625,7564,17382,174,43,43.53,15.33,22.26,267.6,birdseye
883,37.903,15.720,63.6,17664,61795,0,17625,7564,17382,174,43,43.53,15.33,22.26,267.6,birdseye
884,37.919,14.393,69.5,17664,61795,0,17625,7564,17382,174,43,43.53,15.33,22.26,267.6,birdseye
885,37.934,14.284,70.0,17664,61795,0,17625,7564,17382,174,43,43.53,15.33,22.26,267.6,birdseye
886,37.948,14.427,69.3,17664,61795,0,17625,7564,17382,174,43,43.53,15.33,22.26,267.6,birdseye
887,37.962,17.480,57.2,17664,61795,0,17625,7564,17382,174,43,43.53,15.33,22.26,267.6,birdseye
888,37.980,14.778,67.7,17664,61795,0,17625,7564,17382,174,43,43.53,15.33,22.26,267.6,birdseye
889,37.995,14.335,69.8,17664,61795,0,17625,7564,17382,174,43,43.53,15.33,22.26,267.6,birdseye
890,38.009,18.371,54.4,17664,61795,0,17625,7564,17382,174,43,43.53,15.33,22.26,267.6,birdseye
891,38.027,16.019,62.4,17660,61787,0,17621,7564,17382,170,43,43.53,15.33,22.26,267.6,birdseye
892,38.043,16.695,59.9,17660,61787,0,17621,7564,17382,170,43,43.53,15.33,22.26,267.6,birdseye
893,38.060,16.297,61.4,17660,61787,0,17621,7564,17382,170,43,43.53,15.33,22.26,267.6,birdseye
894,38.076,18.009,55.5,17660,61787,0,17621,7564,17382,170,43,43.53,15.33,22.26,267.6,birdseye
895,38.094,28.332,35.3,17660,61787,0,17621,7564,17382,170,43,43.53,15.33,22.26,267.6,birdseye
896,38.123,19.066,52.4,17660,61787,0,17621,7564,17382,170,43,43.53,15.33,22.26,267.6,birdseye
897,38.142,14.810,67.5,17660,61787,0,17621,7564,17382,170,43,43.53,15.33,22.26,267.6,birdseye
898,38.157,14.901,67.1,17660,61787,0,17621,7564,17382,170,43,43.53,15.33,22.26,267.6,birdseye
899,38.171,18.267,54.7,17656,61779,0,17617,7564,17382,166,43,43.53,15.33,22.26,267.6,birdseye
900,38.190,14.524,68.9,17656,61779,0,17617,7564,17382,166,43,43.53,15.33,22.26,267.6,birdseye
901,38.204,14.906,67.1,17656,61779,0,17617,7564,17382,166,43,43.53,15.33,22.26,267.6,birdseye
902,38.219,15.026,66.6,17656,61779,0,17617,7564,17382,166,43,43.53,15.33,22.26,267.6,birdseye
903,38.234,15.442,64.8,17656,61779,0,17617,7564,17382,166,43,43.53,15.33,22.26,267.6,birdseye
904,38.250,17.633,56.7,17656,61779,0,17617,7564,17382,166,43,43.53,15.33,22.26,267.6,birdseye
905,38.267,20.368,49.1,17656,61779,0,17617,7564,17382,166,43,43.53,15.33,22.26,267.6,birdseye
906,38.288,23.852,41.9,17656,61779,0,17617,7564,17382,166,43,43.53,15.33,22.26,267.6,birdseye
907,38.312,14.585,68.6,17656,61779,0,17617,7564,17382,166,43,43.53,15.33,22.26,267.6,birdseye
908,38.326,15.594,64.1,17656,61779,0,17617,7564,17382,166,43,43.53,15.33,22.26,267.6,birdseye
909,38.342,15.348,65.2,17652,61771,0,17613,7564,17382,162,43,43.53,15.33,22.26,267.6,birdseye
910,38.357,14.847,67.4,17652,61771,0,17613,7564,17382,162,43,43.53,15.33,22.26,267.6,birdseye
911,38.372,17.161,58.3,17656,61779,0,17617,7564,17382,166,43,43.53,15.33,22.26,267.6,birdseye
912,38.389,14.607,68.5,17656,61779,0,17617,7564,17382,166,43,43.53,15.33,22.26,267.6,birdseye
913,38.404,14.672,68.2,17656,61779,0,17617,7564,17382,166,43,43.53,15.33,22.26,267.6,birdseye
914,38.419,14.746,67.8,17656,61779,0,17617,7564,17382,166,43,43.53,15.33,22.26,267.6,birdseye
915,38.433,15.315,65.3,17656,61779,0,17617,7564,17382,166,43,43.53,15.33,22.26,267.6,birdseye
916,38.449,14.737,67.9,17656,61779,0,17617,7564,17382,166,43,43.53,15.33,22.26,267.6,birdseye
917,38.463,14.346,69.7,17656,61779,0,17617,7564,17382,166,43,43.53,15.33,22.26,267.6,birdseye
918,38.478,16.476,60.7,17656,61779,0,17617,7564,17382,166,43,43.53,15.33,22.26,267.6,birdseye
919,38.494,16.574,60.3,17656,61779,0,17617,7564,17382,166,43,43.53,15.33,22.26,267.6,birdseye
920,38.511,16.639,60.1,17656,61779,0,17617,7564,17382,166,43,43.53,15.33,22.26,267.6,birdseye
921,38.527,17.115,58.4,17656,61779,0,17617,7564,17382,166,43,43.53,15.33,22.26,267.6,birdseye
922,38.545,16.212,61.7,17656,61779,0,17617,7564,17382,166,43,43.53,15.33,22.26,267.6,birdseye
923,38.561,27.553,36.3,17656,61779,0,17617,7564,17382,166,43,43.53,15.33,22.26,267.6,birdseye
924,38.588,18.409,54.3,17656,61779,0,17617,7564,17382,166,43,43.53,15.33,22.26,267.6,birdseye
925,38.607,14.231,70.3,17656,61779,0,17617,7564,17382,166,43,43.53,15.33,22.26,267.6,birdseye
926,38.621,14.246,70.2,17656,61779,0,17617,7564,17382,166,43,43.53,15.33,22.26,267.6,birdseye
927,38.635,14.907,67.1,17656,61779,0,17617,7564,17382,166,43,43.53,15.33,22.26,267.6,birdseye
928,38.650,23.442,42.7,17656,61779,0,17617,7564,17382,166,43,43.53,15.33,22.26,267.6,birdseye
929,38.674,14.250,70.2,17656,61779,0,17617,7564,17382,166,43,43.53,15.33,22.26,267.6,birdseye
930,38.688,16.041,62.3,17656,61779,0,17617,7564,17382,166,43,43.53,15.33,22.26,267.6,birdseye
931,38.704,15.130,66.1,17656,61779,0,17617,7564,17382,166,43,43.53,15.33,22.26,267.6,birdseye
932,38.719,14.912,67.1,17656,61779,0,17617,7564,17382,166,43,43.53,15.33,22.26,267.6,birdseye
933,38.734,14.680,68.1,17656,61779,0,17617,7564,17382,166,43,43.53,15.33,22.26,267.6,birdseye
934,38.749,14.536,68.8,17656,61779,0,17617,7564,17382,166,43,43.53,15.33,22.26,267.6,birdseye
935,38.763,14.948,66.9,17656,61779,0,17617,7564,17382,166,43,43.53,15.33,22.26,267.6,birdseye
936,38.778,16.908,59.1,17656,61779,0,17617,7564,17382,166,43,43.53,15.33,22.26,267.6,birdseye
937,38.795,20.569,48.6,17656,61779,0,17617,7564,17382,166,43,43.53,15.33,22.26,267.6,birdseye
938,38.816,15.107,66.2,17656,61779,0,17617,7564,17382,166,43,43.53,15.33,22.26,267.6,birdseye
939,38.831,15.061,66.4,17656,61779,0,17617,7564,17382,166,43,43.53,15.33,22.26,267.6,birdseye
940,38.846,14.450,69.2,17656,61779,0,17617,7564,17382,166,43,43.53,15.33,22.26,267.6,birdseye
941,38.860,17.173,58.2,17656,61779,0,17617,7564,17382,166,43,43.53,15.33,22.26,267.6,birdseye
942,38.877,16.793,59.5,17656,61779,0,17617,7564,17382,166,43,43.53,15.33,22.26,267.6,birdseye
943,38.894,16.583,60.3,17656,61779,0,17617,7564,17382,166,43,43.53,15.33,22.26,267.6,birdseye
944,38.911,16.699,59.9,17656,61779,0,17617,7564,17382,166,43,43.53,15.33,22.26,267.6,birdseye
945,38.928,21.013,47.6,17656,61779,0,17617,7564,17382,166,43,43.53,15.33,22.26,267.6,birdseye
946,38.949,14.680,68.1,17656,61779,0,17617,7564,17382,166,43,43.53,15.33,22.26,267.6,birdseye
947,38.963,27.514,36.3,17656,61779,0,17617,7564,17382,166,43,43.53,15.33,22.26,267.6,birdseye
948,38.991,17.020,58.8,17656,61779,0,17617,7564,17382,166,43,43.53,15.33,22.26,267.6,birdseye
949,39.008,21.750,46.0,17656,61779,0,17617,7564,17382,166,43,43.53,15.33,22.26,267.6,birdseye
950,39.030,15.607,64.1,17656,61779,0,17617,7564,17382,166,43,43.53,15.33,22.26,267.6,birdseye
951,39.045,14.654,68.2,17656,61779,0,17617,7564,17382,166,43,43.53,15.33,22.26,267.6,birdseye
952,39.060,14.772,67.7,17660,61787,0,17621,7564,17382,170,43,43.53,15.33,22.26,267.6,birdseye
953,39.075,14.844,67.4,17660,61787,0,17621,7564,17382,170,43,43.53,15.33,22.26,267.6,birdseye
954,39.090,17.830,56.1,17660,61787,0,17621,7564,17382,170,43,43.53,15.33,22.26,267.6,birdseye
955,39.107,18.061,55.4,17660,61787,0,17621,7564,17382,170,43,43.53,15.33,22.26,267.6,birdseye
956,39.125,14.673,68.2,17660,61787,0,17621,7564,17382,170,43,43.53,15.33,22.26,267.6,birdseye
957,39.140,14.620,68.4,17660,61787,0,17621,7564,17382,170,43,43.53,15.33,22.26,267.6,birdseye
958,39.155,19.341,51.7,17660,61787,0,17621,7564,17382,170,43,43.53,15.33,22.26,267.6,birdseye
959,39.174,20.467,48.9,17660,61787,0,17621,7564,17382,170,43,43.53,15.33,22.26,267.6,birdseye
960,39.195,16.542,60.5,17660,61787,0,17621,7564,17382,170,43,43.53,15.33,22.26,267.6,birdseye
961,39.211,18.271,54.7,17664,61795,0,17625,7564,17382,174,43,43.53,15.33,22.26,267.6,birdseye
962,39.229,14.889,67.2,17664,61795,0,17625,7564,17382,174,43,43.53,15.33,22.26,267.6,birdseye
963,39.244,16.267,61.5,17664,61795,0,17625,7564,17382,174,43,43.53,15.33,22.26,267.6,birdseye
964,39.261,21.106,47.4,17664,61795,0,17625,7564,17382,174,43,43.53,15.33,22.26,267.6,birdseye
965,39.282,15.661,63.9,17664,61795,0,17625,7564,17382,174,43,43.53,15.33,22.26,267.6,birdseye
966,39.297,15.547,64.3,17664,61795,0,17625,7564,17382,174,43,43.53,15.33,22.26,267.6,birdseye
967,39.313,15.387,65.0,17664,61795,0,17625,7564,17382,174,43,43.53,15.33,22.26,267.6,birdseye
968,39.328,15.443,64.8,17664,61795,0,17625,7564,17382,174,43,43.53,15.33,22.26,267.6,birdseye
969,39.344,17.541,57.0,17664,61795,0,17625,7564,17382,174,43,43.53,15.33,22.26,267.6,birdseye
970,39.361,15.595,64.1,17664,61795,0,17625,7564,17382,174,43,43.53,15.33,22.26,267.6,birdseye
971,39.377,16.820,59.5,17664,61795,0,17625,7564,17382,174,43,43.53,15.33,22.26,267.6,birdseye
972,39.394,16.655,60.0,17664,61795,0,17625,7564,17382,174,43,43.53,15.33,22.26,267.6,birdseye
973,39.411,16.878,59.2,17664,61795,0,17625,7564,17382,174,43,43.53,15.33,22.26,267.6,birdseye
974,39.427,18.401,54.3,17664,61795,0,17625,7564,17382,174,43,43.53,15.33,22.26,267.6,birdseye
975,39.446,14.788,67.6,17664,61795,0,17625,7564,17382,174,43,43.53,15.33,22.26,267.6,birdseye
976,39.461,16.621,60.2,17664,61795,0,17625,7564,17382,174,43,43.53,15.33,22.26,267.6,birdseye
977,39.477,26.832,37.3,17664,61795,0,17625,7564,17382,174,43,43.53,15.33,22.26,267.6,birdseye
978,39.504,14.431,69.3,17664,61795,0,17625,7564,17382,174,43,43.53,15.33,22.26,267.6,birdseye
979,39.519,15.037,66.5,17664,61795,0,17625,7564,17382,174,43,43.53,15.33,22.26,267.6,birdseye
980,39.534,15.075,66.3,17664,61795,0,17625,7564,17382,174,43,43.53,15.33,22.26,267.6,birdseye
981,39.549,14.633,68.3,17664,61795,0,17625,7564,17382,174,43,43.53,15.33,22.26,267.6,birdseye
982,39.563,14.411,69.4,17664,61795,0,17625,7564,17382,174,43,43.53,15.33,22.26,267.6,birdseye
983,39.578,19.040,52.5,17660,61787,0,17621,7564,17382,170,43,43.53,15.33,22.26,267.6,birdseye
984,39.597,14.882,67.2,17660,61787,0,17621,7564,17382,170,43,43.53,15.33,22.26,267.6,birdseye
985,39.612,16.530,60.5,17660,61787,0,17621,7564,17382,170,43,43.53,15.33,22.26,267.6,birdseye
986,39.628,18.034,55.5,17660,61787,0,17621,7564,17382,170,43,43.53,15.33,22.26,267.6,birdseye
987,39.646,15.683,63.8,17660,61787,0,17621,7564,17382,170,43,43.53,15.33,22.26,267.6,birdseye
988,39.662,21.886,45.7,17660,61787,0,17621,7564,17382,170,43,43.53,15.33,22.26,267.6,birdseye
989,39.684,20.083,49.8,17660,61787,0,17621,7564,17382,170,43,43.53,15.33,22.26,267.6,birdseye
990,39.704,24.661,40.5,17660,61787,0,17621,7564,17382,170,43,43.53,15.33,22.26,267.6,birdseye
991,39.729,14.884,67.2,17660,61787,0,17621,7564,17382,170,43,43.53,15.33,22.26,267.6,birdseye
992,39.743,14.869,67.3,17660,61787,0,17621,7564,17382,170,43,43.53,15.33,22.26,267.6,birdseye
993,39.758,15.364,65.1,17660,61787,0,17621,7564,17382,170,43,43.53,15.33,22.26,267.6,birdseye
994,39.774,14.725,67.9,17660,61787,0,17621,7564,17382,170,43,43.53,15.33,22.26,267.6,birdseye
995,39.789,16.796,59.5,17660,61787,0,17621,7564,17382,170,43,43.53,15.33,22.26,267.6,birdseye
996,39.805,15.792,63.3,17660,61787,0,17621,7564,17382,170,43,43.53,15.33,22.26,267.6,birdseye
997,39.821,16.132,62.0,17660,61787,0,17621,7564,17382,170,43,43.53,15.33,22.26,267.6,birdseye
998,39.837,18.866,53.0,17660,61787,0,17621,7564,17382,170,43,43.53,15.33,22.26,267.6,birdseye
999,39.856,15.519,64.4,17656,61779,0,17617,7564,17382,166,43,43.53,15.33,22.26,267.6,birdseye
1000,39.872,15.454,64.7,17656,61779,0,17617,7564,17382,166,43,43.53,15.33,22.26,267.6,birdseye
1001,39.887,15.379,65.0,17656,61779,0,17617,7564,17382,166,43,43.53,15.33,22.26,267.6,birdseye
1002,39.903,15.577,64.2,17656,61779,0,17617,7564,17382,166,43,43.53,15.33,22.26,267.6,birdseye
1003,39.918,15.871,63.0,17656,61779,0,17617,7564,17382,166,43,43.53,15.33,22.26,267.6,birdseye
1004,39.934,16.195,61.7,17656,61779,0,17617,7564,17382,166,43,43.53,15.33,22.26,267.6,birdseye
1005,39.950,15.720,63.6,17656,61779,0,17617,7564,17382,166,43,43.53,15.33,22.26,267.6,birdseye
1006,39.966,15.230,65.7,17656,61779,0,17617,7564,17382,166,43,43.53,15.33,22.26,267.6,birdseye
1007,39.981,15.040,66.5,17656,61779,0,17617,7564,17382,166,43,43.53,15.33,22.26,267.6,birdseye
1008,39.996,15.194,65.8,17656,61779,0,17617,7564,17382,166,43,43.53,15.33,22.26,267.6,birdseye
1009,40.011,16.909,59.1,17656,61779,0,17617,7564,17382,166,43,43.53,15.33,22.26,267.6,birdseye
1010,40.028,18.632,53.7,17656,61779,0,17617,7564,17382,166,43,43.53,15.33,22.26,267.6,birdseye
1011,40.047,18.504,54.0,17656,61779,0,17617,7564,17382,166,43,43.53,15.33,22.26,267.6,birdseye
1012,40.065,15.531,64.4,17656,61779,0,17617,7564,17382,166,43,43.53,15.33,22.26,267.6,birdseye
1013,40.081,15.194,65.8,17656,61779,0,17617,7564,17382,166,43,43.53,15.33,22.26,267.6,birdseye
1014,40.096,17.768,56.3,17656,61779,0,17617,7564,17382,166,43,43.53,15.33,22.26,267.6,birdseye
1015,40.114,16.179,61.8,17656,61779,0,17617,7564,17382,166,43,43.53,15.33,22.26,267.6,birdseye
1016,40.130,17.898,55.9,17656,61779,0,17617,7564,17382,166,43,43.53,15.33,22.26,267.6,birdseye
1017,40.148,15.955,62.7,17656,61779,0,17617,7564,17382,166,43,43.53,15.33,22.26,267.6,birdseye
1018,40.164,17.893,55.9,17656,61779,0,17617,7564,17382,166,43,43.53,15.33,22.26,267.6,birdseye
1019,40.182,28.195,35.5,17656,61779,0,17617,7564,17382,166,43,43.53,15.33,22.26,267.6,birdseye
1020,40.210,21.008,47.6,17656,61779,0,17617,7564,17382,166,43,43.53,15.33,22.26,267.6,birdseye
1021,40.231,18.883,53.0,17656,61779,0,17617,7564,17382,166,43,43.53,15.33,22.26,267.6,birdseye
1022,40.250,24.072,41.5,17656,61779,0,17617,7564,17382,166,43,43.53,15.33,22.26,267.6,birdseye
1023,40.274,22.173,45.1,17656,61779,0,17617,7564,17382,166,43,43.53,15.33,22.26,267.6,birdseye
1024,40.296,14.521,68.9,17656,61779,0,17617,7564,17382,166,43,43.53,15.33,22.26,267.6,birdseye
1025,40.311,14.489,69.0,17656,61779,0,17617,7564,17382,166,43,43.53,15.33,22.26,267.6,birdseye
1026,40.325,14.420,69.3,17656,61779,0,17617,7564,17382,166,43,43.53,15.33,22.26,267.6,birdseye
1027,40.340,14.503,69.0,17656,61779,0,17617,7564,17382,166,43,43.53,15.33,22.26,267.6,birdseye
1028,40.354,15.588,64.2,17656,61779,0,17617,7564,17382,166,43,43.53,15.33,22.26,267.6,birdseye
1029,40.370,14.998,66.7,17656,61779,0,17617,7564,17382,166,43,43.53,15.33,22.26,267.6,birdseye
1030,40.385,14.549,68.7,17656,61779,0,17617,7564,17382,166,43,43.53,15.33,22.26,267.6,birdseye
1031,40.400,14.543,68.8,17656,61779,0,17617,7564,17382,166,43,43.53,15.33,22.26,267.6,birdseye
1032,40.414,15.709,63.7,17656,61779,0,17617,7564,17382,166,43,43.53,15.33,22.26,267.6,birdseye
1033,40.430,15.626,64.0,17656,61779,0,17617,7564,17382,166,43,43.53,15.33,22.26,267.6,birdseye
1034,40.445,15.262,65.5,17656,61779,0,17617,7564,17382,166,43,43.53,15.33,22.26,267.6,birdseye
1035,40.461,18.880,53.0,17656,61779,0,17617,7564,17382,166,43,43.53,15.33,22.26,267.6,birdseye
1036,40.480,18.908,52.9,17656,61779,0,17617,7564,17382,166,43,43.53,15.33,22.26,267.6,birdseye
1037,40.498,15.220,65.7,17656,61779,0,17617,7564,17382,166,43,43.53,15.33,22.26,267.6,birdseye
1038,40.514,15.283,65.4,17656,61779,0,17617,7564,17382,166,43,43.53,15.33,22.26,267.6,birdseye
1039,40.529,15.278,65.5,17656,61779,0,17617,7564,17382,166,43,43.53,15.33,22.26,267.6,birdseye
1040,40.544,16.297,61.4,17656,61779,0,17617,7564,17382,166,43,43.53,15.33,22.26,267.6,birdseye
1041,40.561,16.861,59.3,17656,61779,0,17617,7564,17382,166,43,43.53,15.33,22.26,267.6,birdseye
1042,40.578,28.222,35.4,17656,61779,0,17617,7564,17382,166,43,43.53,15.33,22.26,267.6,birdseye
1043,40.606,16.373,61.1,17656,61779,0,17617,7564,17382,166,43,43.53,15.33,22.26,267.6,birdseye
1044,40.622,14.499,69.0,17656,61779,0,17617,7564,17382,166,43,43.53,15.33,22.26,267.6,birdseye
1045,40.637,14.719,67.9,17660,61787,0,17621,7564,17382,170,43,43.53,15.33,22.26,267.6,birdseye
1046,40.651,14.978,66.8,17660,61787,0,17621,7564,17382,170,43,43.53,15.33,22.26,267.6,birdseye
1047,40.666,18.305,54.6,17660,61787,0,17621,7564,17382,170,43,43.53,15.33,22.26,267.6,birdseye
1048,40.685,17.251,58.0,17660,61787,0,17621,7564,17382,170,43,43.53,15.33,22.26,267.6,birdseye
1049,40.702,15.349,65.2,17660,61787,0,17621,7564,17382,170,43,43.53,15.33,22.26,267.6,birdseye
1050,40.717,16.236,61.6,17660,61787,0,17621,7564,17382,170,43,43.53,15.33,22.26,267.6,birdseye
1051,40.734,16.151,61.9,17660,61787,0,17621,7564,17382,170,43,43.53,15.33,22.26,267.6,birdseye
1052,40.750,16.640,60.1,17660,61787,0,17621,7564,17382,170,43,43.53,15.33,22.26,267.6,birdseye
1053,40.766,15.899,62.9,17660,61787,0,17621,7564,17382,170,43,43.53,15.33,22.26,267.6,birdseye
1054,40.782,16.031,62.4,17660,61787,0,17621,7564,17382,170,43,43.53,15.33,22.26,267.6,birdseye
1055,40.798,17.215,58.1,17660,61787,0,17621,7564,17382,170,43,43.53,15.33,22.26,267.6,birdseye
1056,40.816,16.422,60.9,17660,61787,0,17621,7564,17382,170,43,43.53,15.33,22.26,267.6,birdseye
1057,40.832,17.000,58.8,17664,61795,0,17625,7564,17382,174,43,43.53,15.33,22.26,267.6,birdseye
1058,40.849,15.636,64.0,17664,61795,0,17625,7564,17382,174,43,43.53,15.33,22.26,267.6,birdseye
1059,40.865,15.949,62.7,17664,61795,0,17625,7564,17382,174,43,43.53,15.33,22.26,267.6,birdseye
1060,40.881,18.728,53.4,17660,61787,0,17621,7564,17382,170,43,43.53,15.33,22.26,267.6,birdseye
1061,40.899,16.184,61.8,17660,61787,0,17621,7564,17382,170,43,43.53,15.33,22.26,267.6,birdseye
1062,40.916,15.980,62.6,17660,61787,0,17621,7564,17382,170,43,43.53,15.33,22.26,267.6,birdseye
1063,40.932,16.133,62.0,17660,61787,0,17621,7564,17382,170,43,43.53,15.33,22.26,267.6,birdseye
1064,40.948,14.814,67.5,17660,61787,0,17621,7564,17382,170,43,43.53,15.33,22.26,267.6,birdseye
1065,40.962,15.587,64.2,17660,61787,0,17621,7564,17382,170,43,43.53,15.33,22.26,267.6,birdseye
1066,40.978,16.740,59.7,17660,61787,0,17621,7564,17382,170,43,43.53,15.33,22.26,267.6,birdseye
1067,40.995,16.900,59.2,17660,61787,0,17621,7564,17382,170,43,43.53,15.33,22.26,267.6,birdseye
1068,41.012,16.326,61.3,17664,61795,0,17625,7564,17382,174,43,43.53,15.33,22.26,267.6,birdseye
1069,41.028,18.185,55.0,17664,61795,0,17625,7564,17382,174,43,43.53,15.33,22.26,267.6,birdseye
1070,41.046,15.752,63.5,17664,61795,0,17625,7564,17382,174,43,43.53,15.33,22.26,267.6,birdseye
1071,41.062,16.212,61.7,17664,61795,0,17625,7564,17382,174,43,43.53,15.33,22.26,267.6,birdseye
1072,41.078,16.740,59.7,17664,61795,0,17625,7564,17382,174,43,43.53,15.33,22.26,267.6,birdseye
1073,41.095,19.923,50.2,17664,61795,0,17625,7564,17382,174,43,43.53,15.33,22.26,267.6,birdseye
1074,41.115,16.068,62.2,17664,61795,0,17625,7564,17382,174,43,43.53,15.33,22.26,267.6,birdseye
1075,41.131,15.011,66.6,17664,61795,0,17625,7564,17382,174,43,43.53,15.33,22.26,267.6,birdseye
1076,41.146,16.936,59.0,17664,61795,0,17625,7564,17382,174,43,43.53,15.33,22.26,267.6,birdseye
1077,41.163,19.520,51.2,17664,61795,0,17625,7564,17382,174,43,43.53,15.33,22.26,267.6,birdseye
1078,41.183,14.973,66.8,17664,61795,0,17625,7564,17382,174,43,43.53,15.33,22.26,267.6,birdseye
1079,41.197,14.694,68.1,17664,61795,0,17625,7564,17382,174,43,43.53,15.33,22.26,267.6,birdseye
1080,41.212,16.297,61.4,17664,61795,0,17625,7564,17382,174,43,43.53,15.33,22.26,267.6,birdseye
1081,41.229,16.308,61.3,17664,61795,0,17625,7564,17382,174,43,43.53,15.33,22.26,267.6,birdseye
1082,41.245,22.078,45.3,17664,61795,0,17625,7564,17382,174,43,43.53,15.33,22.26,267.6,birdseye
1083,41.267,24.316,41.1,17664,61795,0,17625,7564,17382,174,43,43.53,15.33,22.26,267.6,birdseye
1084,41.291,14.913,67.1,17664,61795,0,17625,7564,17382,174,43,43.53,15.33,22.26,267.6,birdseye
1085,41.306,17.468,57.2,17664,61795,0,17625,7564,17382,174,43,43.53,15.33,22.26,267.6,birdseye
1086,41.324,14.641,68.3,17664,61795,0,17625,7564,17382,174,43,43.53,15.33,22.26,267.6,birdseye
1087,41.338,14.631,68.3,17664,61795,0,17625,7564,17382,174,43,43.53,15.33,22.26,267.6,birdseye
1088,41.353,14.686,68.1,17664,61795,0,17625,7564,17382,174,43,43.53,15.33,22.26,267.6,birdseye
1089,41.368,14.829,67.4,17664,61795,0,17625,7564,17382,174,43,43.53,15.33,22.26,267.6,birdseye
1090,41.383,15.746,63.5,17664,61795,0,17625,7564,17382,174,43,43.53,15.33,22.26,267.6,birdseye
1091,41.398,14.917,67.0,17664,61795,0,17625,7564,17382,174,43,43.53,15.33,22.26,267.6,birdseye
1092,41.413,16.944,59.0,17664,61795,0,17625,7564,17382,174,43,43.53,15.33,22.26,267.6,birdseye
1093,41.430,14.839,67.4,17664,61795,0,17625,7564,17382,174,43,43.53,15.33,22.26,267.6,birdseye
1094,41.445,16.021,62.4,17664,61795,0,17625,7564,17382,174,43,43.53,15.33,22.26,267.6,birdseye
1095,41.461,16.847,59.4,17664,61795,0,17625,7564,17382,174,43,43.53,15.33,22.26,267.6,birdseye
1096,41.478,23.346,42.8,17668,61803,0,17629,7564,17382,178,43,43.53,15.33,22.26,267.6,birdseye
1097,41.501,15.185,65.9,17668,61803,0,17629,7564,17382,178,43,43.53,15.33,22.26,267.6,birdseye
1098,41.516,18.121,55.2,17668,61803,0,17629,7564,17382,178,43,43.53,15.33,22.26,267.6,birdseye
1099,41.535,15.122,66.1,17668,61803,0,17629,7564,17382,178,43,43.53,15.33,22.26,267.6,birdseye
1100,41.550,15.217,65.7,17668,61803,0,17629,7564,17382,178,43,43.53,15.33,22.26,267.6,birdseye
1101,41.565,20.546,48.7,17668,61803,0,17629,7564,17382,178,43,43.53,15.33,22.26,267.6,birdseye
1102,41.585,17.672,56.6,17668,61803,0,17629,7564,17382,178,43,43.53,15.33,22.26,267.6,birdseye
1103,41.603,24.599,40.7,17668,61803,0,17629,7564,17382,178,43,43.53,15.33,22.26,267.6,birdseye
1104,41.628,26.860,37.2,17668,61803,0,17629,7564,17382,178,43,43.53,15.33,22.26,267.6,birdseye
1105,41.655,21.846,45.8,17668,61803,0,17629,7564,17382,178,43,43.53,15.33,22.26,267.6,birdseye
1106,41.677,24.620,40.6,17668,61803,0,17629,7564,17382,178,43,43.53,15.33,22.26,267.6,birdseye
1107,41.701,16.055,62.3,17668,61803,0,17629,7564,17382,178,43,43.53,15.33,22.26,267.6,birdseye
1108,41.717,19.940,50.2,17668,61803,0,17629,7564,17382,178,43,43.53,15.33,22.26,267.6,birdseye
1109,41.737,16.985,58.9,17668,61803,0,17629,7564,17382,178,43,43.53,15.33,22.26,267.6,birdseye
1110,41.754,16.340,61.2,17668,61803,0,17629,7564,17382,178,43,43.53,15.33,22.26,267.6,birdseye
1111,41.771,17.731,56.4,17668,61803,0,17629,7564,17382,178,43,43.53,15.33,22.26,267.6,birdseye
1112,41.788,14.719,67.9,17668,61803,0,17629,7564,17382,178,43,43.53,15.33,22.26,267.6,birdseye
1113,41.803,15.412,64.9,17668,61803,0,17629,7564,17382,178,43,43.53,15.33,22.26,267.6,birdseye
1114,41.818,15.661,63.9,17668,61803,0,17629,7564,17382,178,43,43.53,15.33,22.26,267.6,birdseye
1115,41.834,18.658,53.6,17668,61803,0,17629,7564,17382,178,43,43.53,15.33,22.26,267.6,birdseye
1116,41.853,15.176,65.9,17668,61803,0,17629,7564,17382,178,43,43.53,15.33,22.26,267.6,birdseye
1117,41.868,14.926,67.0,17668,61803,0,17629,7564,17382,178,43,43.53,15.33,22.26,267.6,birdseye
1118,41.883,14.750,67.8,17668,61803,0,17629,7564,17382,178,43,43.53,15.33,22.26,267.6,birdseye
1119,41.898,14.700,68.0,17668,61803,0,17629,7564,17382,178,43,43.53,15.33,22.26,267.6,birdseye
1120,41.912,14.376,69.6,17668,61803,0,17629,7564,17382,178,43,43.53,15.33,22.26,267.6,birdseye
1121,41.927,18.962,52.7,17668,61803,0,17629,7564,17382,178,43,43.53,15.33,22.26,267.6,birdseye
1122,41.946,14.652,68.3,17668,61803,0,17629,7564,17382,178,43,43.53,15.33,22.26,267.6,birdseye
1123,41.960,16.559,60.4,17668,61803,0,17629,7564,17382,178,43,43.53,15.33,22.26,267.6,birdseye
1124,41.977,16.895,59.2,17668,61803,0,17629,7564,17382,178,43,43.53,15.33,22.26,267.6,birdseye
1125,41.994,16.244,61.6,17668,61803,0,17629,7564,17382,178,43,43.53,15.33,22.26,267.6,birdseye
1126,42.010,60.386,16.6,65225,262021,0,65189,35795,0,0,43,43.53,15.33,22.26,267.6,fourviewport
1127,42.071,65.560,15.3,65225,262021,0,65189,35795,0,0,43,43.53,15.33,22.26,267.6,fourviewport
1128,42.136,111.209,9.0,65193,261957,0,65157,35795,0,0,43,43.53,15.33,22.26,267.6,fourviewport
1129,42.247,72.870,13.7,65177,261925,0,65141,35795,0,0,43,43.53,15.33,22.26,267.6,fourviewport
1130,42.320,58.633,17.1,65177,261925,0,65141,35795,0,0,43,43.53,15.33,22.26,267.6,fourviewport
1131,42.379,63.113,15.8,65177,261925,0,65141,35795,0,0,43,43.53,15.33,22.26,267.6,fourviewport
1132,42.442,59.615,16.8,65177,261925,0,65141,35795,0,0,43,43.53,15.33,22.26,267.6,fourviewport
1133,42.502,58.632,17.1,65177,261925,0,65141,35795,0,0,43,43.53,15.33,22.26,267.6,fourviewport
1134,42.560,90.811,11.0,65177,261925,0,65141,35795,0,0,43,43.53,15.33,22.26,267.6,fourviewport
1135,42.651,64.015,15.6,65193,261957,0,65157,35795,0,0,43,43.53,15.33,22.26,267.6,fourviewport
1136,42.715,67.951,14.7,65221,262013,0,65185,35795,0,0,43,43.53,15.33,22.26,267.6,fourviewport
1137,42.783,66.122,15.1,65221,262013,0,65185,35795,0,0,43,43.53,15.33,22.26,267.6,fourviewport
1138,42.849,59.716,16.7,65221,262013,0,65185,35795,0,0,43,43.53,15.33,22.26,267.6,fourviewport
1139,42.909,63.809,15.7,65221,262013,0,65185,35795,0,0,43,43.53,15.33,22.26,267.6,fourviewport
1140,42.973,58.087,17.2,65189,261949,0,65153,35795,0,0,43,43.53,15.33,22.26,267.6,fourviewport
1141,43.031,63.107,15.8,65189,261949,0,65153,35795,0,0,43,43.53,15.33,22.26,267.6,fourviewport
1142,43.094,61.885,16.2,65189,261949,0,65153,35795,0,0,43,43.53,15.33,22.26,267.6,fourviewport
1143,43.156,63.780,15.7,65189,261949,0,65153,35795,0,0,43,43.53,15.33,22.26,267.6,fourviewport
1144,43.220,62.099,16.1,65189,261949,0,65153,35795,0,0,43,43.53,15.33,22.26,267.6,fourviewport
1145,43.282,61.886,16.2,65189,261949,0,65153,35795,0,0,43,43.53,15.33,22.26,267.6,fourviewport
1146,43.344,62.452,16.0,65205,261981,0,65169,35795,0,0,43,43.53,15.33,22.26,267.6,fourviewport
1147,43.406,64.198,15.6,65205,261981,0,65169,35795,0,0,43,43.53,15.33,22.26,267.6,fourviewport
1148,43.470,63.267,15.8,65205,261981,0,65169,35795,0,0,43,43.53,15.33,22.26,267.6,fourviewport
1149,43.534,58.025,17.2,65205,261981,0,65169,35795,0,0,43,43.53,15.33,22.26,267.6,fourviewport
1150,43.592,64.490,15.5,65221,262013,0,65185,35795,0,0,43,43.53,15.33,22.26,267.6,fourviewport
1151,43.656,62.642,16.0,65221,262013,0,65185,35795,0,0,43,43.53,15.33,22.26,267.6,fourviewport
1152,43.719,60.903,16.4,65221,262013,0,65185,35795,0,0,43,43.53,15.33,22.26,267.6,fourviewport
1153,43.780,63.247,15.8,65221,262013,0,65185,35795,0,0,43,43.53,15.33,22.26,267.6,fourviewport
1154,43.843,59.387,16.8,65221,262013,0,65185,35795,0,0,43,43.53,15.33,22.26,267.6,fourviewport
1155,43.902,65.443,15.3,65221,262013,0,65185,35795,0,0,43,43.53,15.33,22.26,267.6,fourviewport
1156,43.968,58.083,17.2,65221,262013,0,65185,35795,0,0,43,43.53,15.33,22.26,267.6,fourviewport
1157,44.026,64.091,15.6,65221,262013,0,65185,35795,0,0,43,43.53,15.33,22.26,267.6,fourviewport
1158,44.090,62.030,16.1,65221,262013,0,65185,35795,0,0,43,43.53,15.33,22.26,267.6,fourviewport
1159,44.152,62.818,15.9,65221,262013,0,65185,35795,0,0,43,43.53,15.33,22.26,267.6,fourviewport
1160,44.215,58.941,17.0,65237,262045,0,65201,35795,0,0,43,43.53,15.33,22.26,267.6,fourviewport
1161,44.274,61.381,16.3,65237,262045,0,65201,35795,0,0,43,43.53,15.33,22.26,267.6,fourviewport
1162,44.335,59.602,16.8,65237,262045,0,65201,35795,0,0,43,43.53,15.33,22.26,267.6,fourviewport
1163,44.395,65.361,15.3,65237,262045,0,65201,35795,0,0,43,43.53,15.33,22.26,267.6,fourviewport
1164,44.460,59.118,16.9,65237,262045,0,65201,35795,0,0,43,43.53,15.33,22.26,267.6,fourviewport
1165,44.519,60.288,16.6,65237,262045,0,65201,35795,0,0,43,43.53,15.33,22.26,267.6,fourviewport
1166,44.580,61.963,16.1,65237,262045,0,65201,35795,0,0,43,43.53,15.33,22.26,267.6,fourviewport
1167,44.642,67.378,14.8,65237,262045,0,65201,35795,0,0,43,43.53,15.33,22.26,267.6,fourviewport
1168,44.709,75.861,13.2,65237,262045,0,65201,35795,0,0,43,43.53,15.33,22.26,267.6,fourviewport
1169,44.785,75.804,13.2,65237,262045,0,65201,35795,0,0,43,43.53,15.33,22.26,267.6,fourviewport
1170,44.861,63.923,15.6,65201,261973,0,65165,35795,0,0,43,43.53,15.33,22.26,267.6,fourviewport
1171,44.925,62.619,16.0,65201,261973,0,65165,35795,0,0,43,43.53,15.33,22.26,267.6,fourviewport
1172,44.987,57.815,17.3,65201,261973,0,65165,35795,0,0,43,43.53,15.33,22.26,267.6,fourviewport
1173,45.045,62.065,16.1,65201,261973,0,65165,35795,0,0,43,43.53,15.33,22.26,267.6,fourviewport
1174,45.107,65.910,15.2,65201,261973,0,65165,35795,0,0,43,43.53,15.33,22.26,267.6,fourviewport
1175,45.173,68.351,14.6,65201,261973,0,65165,35795,0,0,43,43.53,15.33,22.26,267.6,fourviewport
1176,45.242,63.093,15.8,65201,261973,0,65165,35795,0,0,43,43.53,15.33,22.26,267.6,fourviewport
1177,45.305,59.237,16.9,65201,261973,0,65165,35795,0,0,43,43.53,15.33,22.26,267.6,fourviewport
1178,45.364,70.124,14.3,65185,261941,0,65149,35795,0,0,43,43.53,15.33,22.26,267.6,fourviewport
1179,45.434,93.495,10.7,65185,261941,0,65149,35795,0,0,43,43.53,15.33,22.26,267.6,fourviewport
1180,45.527,54.742,18.3,65185,261941,0,65149,35795,0,0,43,43.53,15.33,22.26,267.6,fourviewport
1181,45.582,60.443,16.5,65185,261941,0,65149,35795,0,0,43,43.53,15.33,22.26,267.6,fourviewport
1182,45.643,69.677,14.4,65185,261941,0,65149,35795,0,0,43,43.53,15.33,22.26,267.6,fourviewport
1183,45.712,62.109,16.1,65201,261973,0,65165,35795,0,0,43,43.53,15.33,22.26,267.6,fourviewport
1184,45.775,63.238,15.8,65201,261973,0,65165,35795,0,0,43,43.53,15.33,22.26,267.6,fourviewport
1185,45.838,65.529,15.3,65201,261973,0,65165,35795,0,0,43,43.53,15.33,22.26,267.6,fourviewport
1186,45.903,59.831,16.7,65201,261973,0,65165,35795,0,0,43,43.53,15.33,22.26,267.6,fourviewport
1187,45.963,63.292,15.8,65185,261941,0,65149,35795,0,0,43,43.53,15.33,22.26,267.6,fourviewport
1188,46.026,61.580,16.2,65185,261941,0,65149,35795,0,0,43,43.53,15.33,22.26,267.6,fourviewport
1189,46.088,67.176,14.9,65185,261941,0,65149,35795,0,0,43,43.53,15.33,22.26,267.6,fourviewport
1190,46.155,61.716,16.2,65185,261941,0,65149,35795,0,0,43,43.53,15.33,22.26,267.6,fourviewport
1191,46.217,59.262,16.9,65185,261941,0,65149,35795,0,0,43,43.53,15.33,22.26,267.6,fourviewport
1192,46.276,61.513,16.3,65169,261909,0,65133,35795,0,0,43,43.53,15.33,22.26,267.6,fourviewport
1193,46.338,60.399,16.6,65169,261909,0,65133,35795,0,0,43,43.53,15.33,22.26,267.6,fourviewport
1194,46.398,61.537,16.3,65169,261909,0,65133,35795,0,0,43,43.53,15.33,22.26,267.6,fourviewport
1195,46.460,59.787,16.7,65169,261909,0,65133,35795,0,0,43,43.53,15.33,22.26,267.6,fourviewport
1196,46.519,60.206,16.6,65169,261909,0,65133,35795,0,0,43,43.53,15.33,22.26,267.6,fourviewport
1197,46.580,79.402,12.6,65169,261909,0,65133,35795,0,0,43,43.53,15.33,22.26,267.6,fourviewport
1198,46.659,62.192,16.1,65169,261909,0,65133,35795,0,0,43,43.53,15.33,22.26,267.6,fourviewport
1199,46.721,67.354,14.8,65169,261909,0,65133,35795,0,0,43,43.53,15.33,22.26,267.6,fourviewport
1200,46.789,61.958,16.1,65169,261909,0,65133,35795,0,0,43,43.53,15.33,22.26,267.6,fourviewport
1201,46.851,65.433,15.3,65153,261877,0,65117,35795,0,0,43,43.53,15.33,22.26,267.6,fourviewport
1202,46.916,61.228,16.3,65169,261909,0,65133,35795,0,0,43,43.53,15.33,22.26,267.6,fourviewport
1203,46.977,58.611,17.1,65169,261909,0,65133,35795,0,0,43,43.53,15.33,22.26,267.6,fourviewport
1204,47.036,62.668,16.0,65169,261909,0,65133,35795,0,0,43,43.53,15.33,22.26,267.6,fourviewport
1205,47.099,61.554,16.2,65145,261861,0,65109,35795,0,0,43,43.53,15.33,22.26,267.6,fourviewport
1206,47.160,84.897,11.8,65145,261861,0,65109,35795,0,0,43,43.53,15.33,22.26,267.6,fourviewport
1207,47.245,73.657,13.6,65145,261861,0,65109,35795,0,0,43,43.53,15.33,22.26,267.6,fourviewport
1208,47.319,60.577,16.5,65145,261861,0,65109,35795,0,0,43,43.53,15.33,22.26,267.6,fourviewport
1209,47.379,62.849,15.9,65177,261925,0,65141,35795,0,0,43,43.53,15.33,22.26,267.6,fourviewport
1210,47.442,62.557,16.0,65193,261957,0,65157,35795,0,0,43,43.53,15.33,22.26,267.6,fourviewport
1211,47.505,62.104,16.1,65193,261957,0,65157,35795,0,0,43,43.53,15.33,22.26,267.6,fourviewport
1212,47.567,61.925,16.1,65209,261989,0,65173,35795,0,0,43,43.53,15.33,22.26,267.6,fourviewport
1213,47.629,70.168,14.3,65193,261957,0,65157,35795,0,0,43,43.53,15.33,22.26,267.6,fourviewport
1214,47.699,88.172,11.3,65177,261925,0,65141,35795,0,0,43,43.53,15.33,22.26,267.6,fourviewport
1215,47.787,65.078,15.4,65161,261893,0,65125,35795,0,0,43,43.53,15.33,22.26,267.6,fourviewport
1216,47.852,60.316,16.6,65161,261893,0,65125,35795,0,0,43,43.53,15.33,22.26,267.6,fourviewport
1217,47.913,58.249,17.2,65161,261893,0,65125,35795,0,0,43,43.53,15.33,22.26,267.6,fourviewport
1218,47.971,60.909,16.4,65161,261893,0,65125,35795,0,0,43,43.53,15.33,22.26,267.6,fourviewport
1219,48.032,26.312,38.0,24489,102134,0,24450,13837,24219,171,43,43.53,15.33,22.26,267.6,gouraud
1220,48.058,23.174,43.2,24489,102134,0,24450,13837,24219,171,43,43.53,15.33,22.26,267.6,gouraud
1221,48.081,26.025,38.4,24489,102134,0,24450,13837,24219,171,43,43.53,15.33,22.26,267.6,gouraud
1222,48.107,22.714,44.0,24489,102134,0,24450,13837,24219,171,43,43.53,15.33,22.26,267.6,gouraud
1223,48.130,22.193,45.1,24485,102126,0,24446,13837,24219,167,43,43.53,15.33,22.26,267.6,gouraud
1224,48.152,22.946,43.6,24485,102126,0,24446,13837,24219,167,43,43.53,15.33,22.26,267.6,gouraud
1225,48.175,22.129,45.2,24485,102126,0,24446,13837,24219,167,43,43.53,15.33,22.26,267.6,gouraud
1226,48.197,26.584,37.6,24485,102126,0,24446,13837,24219,167,43,43.53,15.33,22.26,267.6,gouraud
1227,48.224,24.983,40.0,24485,102126,0,24446,13837,24219,167,43,43.53,15.33,22.26,267.6,gouraud
1228,48.249,25.756,38.8,24485,102126,0,24446,13837,24219,167,43,43.53,15.33,22.26,267.6,gouraud
1229,48.275,23.201,43.1,24485,102126,0,24446,13837,24219,167,43,43.53,15.33,22.26,267.6,gouraud
1230,48.298,22.462,44.5,24485,102126,0,24446,13837,24219,167,43,43.53,15.33,22.26,267.6,gouraud
1231,48.321,23.834,42.0,24485,102126,0,24446,13837,24219,167,43,43.53,15.33,22.26,267.6,gouraud
1232,48.344,22.006,45.4,24485,102126,0,24446,13837,24219,167,43,43.53,15.33,22.26,267.6,gouraud
1233,48.366,21.732,46.0,24485,102126,0,24446,13837,24219,167,43,43.53,15.33,22.26,267.6,gouraud
1234,48.388,22.113,45.2,24485,102126,0,24446,13837,24219,167,43,43.53,15.33,22.26,267.6,gouraud
1235,48.410,35.756,28.0,24485,102126,0,24446,13837,24219,167,43,43.53,15.33,22.26,267.6,gouraud
1236,48.446,23.266,43.0,24485,102126,0,24446,13837,24219,167,43,43.53,15.33,22.26,267.6,gouraud
1237,48.469,23.913,41.8,24485,102126,0,24446,13837,24219,167,43,43.53,15.33,22.26,267.6,gouraud
1238,48.493,21.167,47.2,24485,102126,0,24446,13837,24219,167,43,43.53,15.33,22.26,267.6,gouraud
1239,48.514,20.931,47.8,24485,102126,0,24446,13837,24219,167,43,43.53,15.33,22.26,267.6,gouraud
1240,48.535,22.160,45.1,24485,102126,0,24446,13837,24219,167,43,43.53,15.33,22.26,267.6,gouraud
1241,48.557,21.440,46.6,24485,102126,0,24446,13837,24219,167,43,43.53,15.33,22.26,267.6,gouraud
1242,48.579,21.540,46.4,24485,102126,0,24446,13837,24219,167,43,43.53,15.33,22.26,267.6,gouraud
1243,48.600,21.225,47.1,24485,102126,0,24446,13837,24219,167,43,43.53,15.33,22.26,267.6,gouraud
1244,48.622,21.050,47.5,24485,102126,0,24446,13837,24219,167,43,43.53,15.33,22.26,267.6,gouraud
1245,48.643,21.161,47.3,24485,102126,0,24446,13837,24219,167,43,43.53,15.33,22.26,267.6,gouraud
1246,48.664,27.189,36.8,24485,102126,0,24446,13837,24219,167,43,43.53,15.33,22.26,267.6,gouraud
1247,48.691,27.818,35.9,24485,102126,0,24446,13837,24219,167,43,43.53,15.33,22.26,267.6,gouraud
1248,48.719,21.637,46.2,24485,102126,0,24446,13837,24219,167,43,43.53,15.33,22.26,267.6,gouraud
1249,48.741,21.965,45.5,24485,102126,0,24446,13837,24219,167,43,43.53,15.33,22.26,267.6,gouraud
1250,48.763,25.887,38.6,24485,102126,0,24446,13837,24219,167,43,43.53,15.33,22.26,267.6,gouraud
1251,48.789,21.277,47.0,24485,102126,0,24446,13837,24219,167,43,43.53,15.33,22.26,267.6,gouraud
1252,48.810,30.628,32.6,24485,102126,0,24446,13837,24219,167,43,43.53,15.33,22.26,267.6,gouraud
1253,48.840,36.871,27.1,24489,102134,0,24450,13837,24219,171,43,43.53,15.33,22.26,267.6,gouraud
1254,48.877,21.878,45.7,24489,102134,0,24450,13837,24219,171,43,43.53,15.33,22.26,267.6,gouraud
1255,48.899,22.743,44.0,24489,102134,0,24450,13837,24219,171,43,43.53,15.33,22.26,267.6,gouraud
1256,48.922,20.165,49.6,24489,102134,0,24450,13837,24219,171,43,43.53,15.33,22.26,267.6,gouraud
1257,48.942,20.396,49.0,24489,102134,0,24450,13837,24219,171,43,43.53,15.33,22.26,267.6,gouraud
1258,48.963,20.977,47.7,24489,102134,0,24450,13837,24219,171,43,43.53,15.33,22.26,267.6,gouraud
1259,48.984,25.344,39.5,24489,102134,0,24450,13837,24219,171,43,43.53,15.33,22.26,267.6,gouraud
1260,49.009,20.659,48.4,24493,102142,0,24454,13837,24219,175,43,43.53,15.33,22.26,267.6,gouraud
1261,49.030,20.618,48.5,24497,102150,0,24458,13837,24219,179,43,43.53,15.33,22.26,267.6,gouraud
1262,49.050,20.973,47.7,24497,102150,0,24458,13837,24219,179,43,43.53,15.33,22.26,267.6,gouraud
1263,49.071,23.574,42.4,24497,102150,0,24458,13837,24219,179,43,43.53,15.33,22.26,267.6,gouraud
1264,49.095,23.929,41.8,24493,102142,0,24454,13837,24219,175,43,43.53,15.33,22.26,267.6,gouraud
1265,49.119,24.073,41.5,24493,102142,0,24454,13837,24219,175,43,43.53,15.33,22.26,267.6,gouraud
1266,49.143,20.729,48.2,24493,102142,0,24454,13837,24219,175,43,43.53,15.33,22.26,267.6,gouraud
1267,49.164,20.972,47.7,24493,102142,0,24454,13837,24219,175,43,43.53,15.33,22.26,267.6,gouraud
1268,49.185,20.286,49.3,24493,102142,0,24454,13837,24219,175,43,43.53,15.33,22.26,267.6,gouraud
1269,49.205,23.011,43.5,24493,102142,0,24454,13837,24219,175,43,43.53,15.33,22.26,267.6,gouraud
1270,49.228,23.520,42.5,24493,102142,0,24454,13837,24219,175,43,43.53,15.33,22.26,267.6,gouraud
1271,49.251,20.533,48.7,24493,102142,0,24454,13837,24219,175,43,43.53,15.33,22.26,267.6,gouraud
1272,49.272,20.357,49.1,24493,102142,0,24454,13837,24219,175,43,43.53,15.33,22.26,267.6,gouraud
1273,49.292,21.005,47.6,24493,102142,0,24454,13837,24219,175,43,43.53,15.33,22.26,267.6,gouraud
1274,49.313,24.141,41.4,24493,102142,0,24454,13837,24219,175,43,43.53,15.33,22.26,267.6,gouraud
1275,49.337,23.505,42.5,24493,102142,0,24454,13837,24219,175,43,43.53,15.33,22.26,267.6,gouraud
1276,49.361,20.497,48.8,24493,102142,0,24454,13837,24219,175,43,43.53,15.33,22.26,267.6,gouraud
1277,49.381,21.944,45.6,24493,102142,0,24454,13837,24219,175,43,43.53,15.33,22.26,267.6,gouraud
1278,49.403,20.938,47.8,24493,102142,0,24454,13837,24219,175,43,43.53,15.33,22.26,267.6,gouraud
1279,49.424,21.298,47.0,24493,102142,0,24454,13837,24219,175,43,43.53,15.33,22.26,267.6,gouraud
1280,49.446,22.374,44.7,24493,102142,0,24454,13837,24219,175,43,43.53,15.33,22.26,267.6,gouraud
1281,49.468,21.482,46.6,24493,102142,0,24454,13837,24219,175,43,43.53,15.33,22.26,267.6,gouraud
1282,49.490,21.431,46.7,24493,102142,0,24454,13837,24219,175,43,43.53,15.33,22.26,267.6,gouraud
1283,49.511,21.222,47.1,24493,102142,0,24454,13837,24219,175,43,43.53,15.33,22.26,267.6,gouraud
1284,49.532,21.490,46.5,24493,102142,0,24454,13837,24219,175,43,43.53,15.33,22.26,267.6,gouraud
1285,49.554,24.844,40.3,24493,102142,0,24454,13837,24219,175,43,43.53,15.33,22.26,267.6,gouraud
1286,49.579,20.817,48.0,24493,102142,0,24454,13837,24219,175,43,43.53,15.33,22.26,267.6,gouraud
1287,49.599,20.574,48.6,24497,102150,0,24458,13837,24219,179,43,43.53,15.33,22.26,267.6,gouraud
1288,49.620,20.408,49.0,24497,102150,0,24458,13837,24219,179,43,43.53,15.33,22.26,267.6,gouraud
1289,49.640,20.327,49.2,24493,102142,0,24454,13837,24219,175,43,43.53,15.33,22.26,267.6,gouraud
1290,49.661,28.748,34.8,24493,102142,0,24454,13837,24219,175,43,43.53,15.33,22.26,267.6,gouraud
1291,49.690,32.257,31.0,24493,102142,0,24454,13837,24219,175,43,43.53,15.33,22.26,267.6,gouraud
1292,49.722,23.254,43.0,24493,102142,0,24454,13837,24219,175,43,43.53,15.33,22.26,267.6,gouraud
1293,49.745,22.114,45.2,24493,102142,0,24454,13837,24219,175,43,43.53,15.33,22.26,267.6,gouraud
1294,49.767,27.152,36.8,24493,102142,0,24454,13837,24219,175,43,43.53,15.33,22.26,267.6,gouraud
1295,49.794,21.865,45.7,24493,102142,0,24454,13837,24219,175,43,43.53,15.33,22.26,267.6,gouraud
1296,49.816,21.552,46.4,24493,102142,0,24454,13837,24219,175,43,43.53,15.33,22.26,267.6,gouraud
1297,49.838,21.063,47.5,24493,102142,0,24454,13837,24219,175,43,43.53,15.33,22.26,267.6,gouraud
1298,49.859,21.287,47.0,24493,102142,0,24454,13837,24219,175,43,43.53,15.33,22.26,267.6,gouraud
1299,49.880,23.565,42.4,24493,102142,0,24454,13837,24219,175,43,43.53,15.33,22.26,267.6,gouraud
1300,49.904,23.073,43.3,24493,102142,0,24454,13837,24219,175,43,43.53,15.33,22.26,267.6,gouraud
1301,49.927,20.947,47.7,24493,102142,0,24454,13837,24219,175,43,43.53,15.33,22.26,267.6,gouraud
1302,49.948,21.060,47.5,24493,102142,0,24454,13837,24219,175,43,43.53,15.33,22.26,267.6,gouraud
1303,49.969,24.117,41.5,24493,102142,0,24454,13837,24219,175,43,43.53,15.33,22.26,267.6,gouraud
1304,49.993,21.242,47.1,24493,102142,0,24454,13837,24219,175,43,43.53,15.33,22.26,267.6,gouraud
1305,50.014,20.861,47.9,24493,102142,0,24454,13837,24219,175,43,43.53,15.33,22.26,267.6,gouraud
1306,50.035,20.923,47.8,24493,102142,0,24454,13837,24219,175,43,43.53,15.33,22.26,267.6,gouraud
1307,50.056,23.107,43.3,24493,102142,0,24454,13837,24219,175,43,43.53,15.33,22.26,267.6,gouraud
1308,50.079,21.425,46.7,24493,102142,0,24454,13837,24219,175,43,43.53,15.33,22.26,267.6,gouraud
1309,50.101,24.279,41.2,24493,102142,0,24454,13837,24219,175,43,43.53,15.33,22.26,267.6,gouraud
1310,50.125,22.086,45.3,24493,102142,0,24454,13837,24219,175,43,43.53,15.33,22.26,267.6,gouraud
1311,50.147,21.582,46.3,24493,102142,0,24454,13837,24219,175,43,43.53,15.33,22.26,267.6,gouraud
1312,50.169,22.249,44.9,24493,102142,0,24454,13837,24219,175,43,43.53,15.33,22.26,267.6,gouraud
1313,50.191,28.178,35.5,24489,102134,0,24450,13837,24219,171,43,43.53,15.33,22.26,267.6,gouraud
1314,50.219,25.649,39.0,24489,102134,0,24450,13837,24219,171,43,43.53,15.33,22.26,267.6,gouraud
1315,50.245,22.032,45.4,24489,102134,0,24450,13837,24219,171,43,43.53,15.33,22.26,267.6,gouraud
1316,50.267,21.837,45.8,24489,102134,0,24450,13837,24219,171,43,43.53,15.33,22.26,267.6,gouraud
1317,50.289,23.003,43.5,24489,102134,0,24450,13837,24219,171,43,43.53,15.33,22.26,267.6,gouraud
1318,50.312,21.932,45.6,24485,102126,0,24446,13837,24219,167,43,43.53,15.33,22.26,267.6,gouraud
1319,50.334,21.614,46.3,24485,102126,0,24446,13837,24219,167,43,43.53,15.33,22.26,267.6,gouraud
1320,50.355,21.996,45.5,24485,102126,0,24446,13837,24219,167,43,43.53,15.33,22.26,267.6,gouraud
1321,50.377,22.081,45.3,24485,102126,0,24446,13837,24219,167,43,43.53,15.33,22.26,267.6,gouraud
1322,50.399,24.456,40.9,24485,102126,0,24446,13837,24219,167,43,43.53,15.33,22.26,267.6,gouraud
1323,50.424,21.071,47.5,24485,102126,0,24446,13837,24219,167,43,43.53,15.33,22.26,267.6,gouraud
1324,50.445,21.738,46.0,24485,102126,0,24446,13837,24219,167,43,43.53,15.33,22.26,267.6,gouraud
1325,50.467,20.625,48.5,24485,102126,0,24446,13837,24219,167,43,43.53,15.33,22.26,267.6,gouraud
1326,50.487,20.958,47.7,24485,102126,0,24446,13837,24219,167,43,43.53,15.33,22.26,267.6,gouraud
1327,50.508,20.673,48.4,24489,102134,0,24450,13837,24219,171,43,43.53,15.33,22.26,267.6,gouraud
1328,50.529,20.600,48.5,24489,102134,0,24450,13837,24219,171,43,43.53,15.33,22.26,267.6,gouraud
1329,50.549,20.650,48.4,24489,102134,0,24450,13837,24219,171,43,43.53,15.33,22.26,267.6,gouraud
1330,50.570,21.546,46.4,24489,102134,0,24450,13837,24219,171,43,43.53,15.33,22.26,267.6,gouraud
1331,50.592,20.776,48.1,24489,102134,0,24450,13837,24219,171,43,43.53,15.33,22.26,267.6,gouraud
1332,50.612,23.185,43.1,24489,102134,0,24450,13837,24219,171,43,43.53,15.33,22.26,267.6,gouraud
1333,50.636,20.796,48.1,24489,102134,0,24450,13837,24219,171,43,43.53,15.33,22.26,267.6,gouraud
1334,50.656,21.497,46.5,24489,102134,0,24450,13837,24219,171,43,43.53,15.33,22.26,267.6,gouraud
1335,50.678,21.370,46.8,24489,102134,0,24450,13837,24219,171,43,43.53,15.33,22.26,267.6,gouraud
1336,50.699,23.150,43.2,24489,102134,0,24450,13837,24219,171,43,43.53,15.33,22.26,267.6,gouraud
1337,50.723,21.800,45.9,24489,102134,0,24450,13837,24219,171,43,43.53,15.33,22.26,267.6,gouraud
1338,50.744,21.583,46.3,24489,102134,0,24450,13837,24219,171,43,43.53,15.33,22.26,267.6,gouraud
1339,50.766,21.840,45.8,24489,102134,0,24450,13837,24219,171,43,43.53,15.33,22.26,267.6,gouraud
1340,50.788,25.563,39.1,24489,102134,0,24450,13837,24219,171,43,43.53,15.33,22.26,267.6,gouraud
1341,50.813,25.350,39.4,24489,102134,0,24450,13837,24219,171,43,43.53,15.33,22.26,267.6,gouraud
1342,50.839,22.498,44.4,24485,102126,0,24446,13837,24219,167,43,43.53,15.33,22.26,267.6,gouraud
1343,50.861,21.726,46.0,24485,102126,0,24446,13837,24219,167,43,43.53,15.33,22.26,267.6,gouraud
1344,50.883,25.183,39.7,24485,102126,0,24446,13837,24219,167,43,43.53,15.33,22.26,267.6,gouraud
1345,50.908,21.627,46.2,24485,102126,0,24446,13837,24219,167,43,43.53,15.33,22.26,267.6,gouraud
1346,50.930,21.390,46.8,24485,102126,0,24446,13837,24219,167,43,43.53,15.33,22.26,267.6,gouraud
1347,50.951,21.488,46.5,24485,102126,0,24446,13837,24219,167,43,43.53,15.33,22.26,267.6,gouraud
1348,50.973,21.716,46.0,24485,102126,0,24446,13837,24219,167,43,43.53,15.33,22.26,267.6,gouraud
1349,50.994,21.627,46.2,24485,102126,0,24446,13837,24219,167,43,43.53,15.33,22.26,267.6,gouraud
1350,51.016,27.905,35.8,24485,102126,0,24446,13837,24219,167,43,43.53,15.33,22.26,267.6,gouraud
1351,51.044,22.161,45.1,24485,102126,0,24446,13837,24219,167,43,43.53,15.33,22.26,267.6,gouraud
1352,51.066,21.789,45.9,24485,102126,0,24446,13837,24219,167,43,43.53,15.33,22.26,267.6,gouraud
1353,51.088,22.332,44.8,24485,102126,0,24446,13837,24219,167,43,43.53,15.33,22.26,267.6,gouraud
1354,51.110,23.344,42.8,24485,102126,0,24446,13837,24219,167,43,43.53,15.33,22.26,267.6,gouraud
1355,51.134,21.776,45.9,24485,102126,0,24446,13837,24219,167,43,43.53,15.33,22.26,267.6,gouraud
1356,51.155,21.193,47.2,24485,102126,0,24446,13837,24219,167,43,43.53,15.33,22.26,267.6,gouraud
1357,51.177,21.381,46.8,24485,102126,0,24446,13837,24219,167,43,43.53,15.33,22.26,267.6,gouraud
1358,51.198,24.020,41.6,24485,102126,0,24446,13837,24219,167,43,43.53,15.33,22.26,267.6,gouraud
1359,51.222,24.653,40.6,24485,102126,0,24446,13837,24219,167,43,43.53,15.33,22.26,267.6,gouraud
1360,51.247,22.740,44.0,24485,102126,0,24446,13837,24219,167,43,43.53,15.33,22.26,267.6,gouraud
1361,51.269,21.464,46.6,24485,102126,0,24446,13837,24219,167,43,43.53,15.33,22.26,267.6,gouraud
1362,51.291,21.279,47.0,24485,102126,0,24446,13837,24219,167,43,43.53,15.33,22.26,267.6,gouraud
1363,51.312,21.390,46.8,24485,102126,0,24446,13837,24219,167,43,43.53,15.33,22.26,267.6,gouraud
1364,51.334,22.071,45.3,24485,102126,0,24446,13837,24219,167,43,43.53,15.33,22.26,267.6,gouraud
1365,51.356,30.605,32.7,24485,102126,0,24446,13837,24219,167,43,43.53,15.33,22.26,267.6,gouraud
1366,51.386,21.597,46.3,24485,102126,0,24446,13837,24219,167,43,43.53,15.33,22.26,267.6,gouraud
1367,51.408,21.143,47.3,24485,102126,0,24446,13837,24219,167,43,43.53,15.33,22.26,267.6,gouraud
1368,51.429,24.111,41.5,24485,102126,0,24446,13837,24219,167,43,43.53,15.33,22.26,267.6,gouraud
1369,51.453,21.425,46.7,24485,102126,0,24446,13837,24219,167,43,43.53,15.33,22.26,267.6,gouraud
1370,51.475,21.246,47.1,24485,102126,0,24446,13837,24219,167,43,43.53,15.33,22.26,267.6,gouraud
1371,51.496,21.205,47.2,24485,102126,0,24446,13837,24219,167,43,43.53,15.33,22.26,267.6,gouraud
1372,51.517,21.095,47.4,24485,102126,0,24446,13837,24219,167,43,43.53,15.33,22.26,267.6,gouraud
1373,51.538,21.428,46.7,24485,102126,0,24446,13837,24219,167,43,43.53,15.33,22.26,267.6,gouraud
1374,51.560,21.857,45.8,24485,102126,0,24446,13837,24219,167,43,43.53,15.33,22.26,267.6,gouraud
1375,51.582,20.931,47.8,24489,102134,0,24450,13837,24219,171,43,43.53,15.33,22.26,267.6,gouraud
1376,51.602,26.478,37.8,24489,102134,0,24450,13837,24219,171,43,43.53,15.33,22.26,267.6,gouraud
1377,51.629,21.666,46.2,24489,102134,0,24450,13837,24219,171,43,43.53,15.33,22.26,267.6,gouraud
1378,51.651,35.994,27.8,24489,102134,0,24450,13837,24219,171,43,43.53,15.33,22.26,267.6,gouraud
1379,51.687,27.534,36.3,24489,102134,0,24450,13837,24219,171,43,43.53,15.33,22.26,267.6,gouraud
1380,51.714,22.886,43.7,24489,102134,0,24450,13837,24219,171,43,43.53,15.33,22.26,267.6,gouraud
1381,51.737,22.963,43.5,24489,102134,0,24450,13837,24219,171,43,43.53,15.33,22.26,267.6,gouraud
1382,51.760,22.438,44.6,24489,102134,0,24450,13837,24219,171,43,43.53,15.33,22.26,267.6,gouraud
1383,51.783,23.242,43.0,24489,102134,0,24450,13837,24219,171,43,43.53,15.33,22.26,267.6,gouraud
1384,51.806,23.496,42.6,24489,102134,0,24450,13837,24219,171,43,43.53,15.33,22.26,267.6,gouraud
1385,51.829,22.689,44.1,24489,102134,0,24450,13837,24219,171,43,43.53,15.33,22.26,267.6,gouraud
1386,51.852,24.985,40.0,24489,102134,0,24450,13837,24219,171,43,43.53,15.33,22.26,267.6,gouraud
1387,51.877,23.104,43.3,24489,102134,0,24450,13837,24219,171,43,43.53,15.33,22.26,267.6,gouraud
1388,51.900,23.640,42.3,24489,102134,0,24450,13837,24219,171,43,43.53,15.33,22.26,267.6,gouraud
1389,51.924,21.653,46.2,24493,102142,0,24454,13837,24219,175,43,43.53,15.33,22.26,267.6,gouraud
1390,51.945,21.451,46.6,24493,102142,0,24454,13837,24219,175,43,43.53,15.33,22.26,267.6,gouraud
1391,51.967,21.406,46.7,24489,102134,0,24450,13837,24219,171,43,43.53,15.33,22.26,267.6,gouraud
1392,51.988,21.415,46.7,24489,102134,0,24450,13837,24219,171,43,43.53,15.33,22.26,267.6,gouraud
1393,52.010,25.046,39.9,24489,102134,0,24450,13837,24219,171,43,43.53,15.33,22.26,267.6,gouraud
1394,52.035,22.184,45.1,24489,102134,0,24450,13837,24219,171,43,43.53,15.33,22.26,267.6,gouraud
1395,52.057,23.861,41.9,24489,102134,0,24450,13837,24219,171,43,43.53,15.33,22.26,267.6,gouraud
1396,52.081,21.443,46.6,24489,102134,0,24450,13837,24219,171,43,43.53,15.33,22.26,267.6,gouraud
1397,52.102,21.193,47.2,24489,102134,0,24450,13837,24219,171,43,43.53,15.33,22.26,267.6,gouraud
1398,52.124,22.054,45.3,24489,102134,0,24450,13837,24219,171,43,43.53,15.33,22.26,267.6,gouraud
1399,52.146,21.300,46.9,24489,102134,0,24450,13837,24219,171,43,43.53,15.33,22.26,267.6,gouraud
1400,52.167,20.670,48.4,24489,102134,0,24450,13837,24219,171,43,43.53,15.33,22.26,267.6,gouraud
1401,52.188,21.934,45.6,24485,102126,0,24446,13837,24219,167,43,43.53,15.33,22.26,267.6,gouraud
1402,52.210,23.569,42.4,24485,102126,0,24446,13837,24219,167,43,43.53,15.33,22.26,267.6,gouraud
1403,52.233,23.544,42.5,24485,102126,0,24446,13837,24219,167,43,43.53,15.33,22.26,267.6,gouraud
1404,52.257,22.409,44.6,24485,102126,0,24446,13837,24219,167,43,43.53,15.33,22.26,267.6,gouraud
1405,52.279,27.046,37.0,24485,102126,0,24446,13837,24219,167,43,43.53,15.33,22.26,267.6,gouraud
1406,52.306,22.128,45.2,24485,102126,0,24446,13837,24219,167,43,43.53,15.33,22.26,267.6,gouraud
1407,52.328,22.190,45.1,24485,102126,0,24446,13837,24219,167,43,43.53,15.33,22.26,267.6,gouraud
1408,52.350,22.932,43.6,24485,102126,0,24446,13837,24219,167,43,43.53,15.33,22.26,267.6,gouraud
1409,52.373,22.348,44.7,24485,102126,0,24446,13837,24219,167,43,43.53,15.33,22.26,267.6,gouraud
1410,52.396,21.664,46.2,24489,102134,0,24450,13837,24219,171,43,43.53,15.33,22.26,267.6,gouraud
1411,52.417,21.973,45.5,24489,102134,0,24450,13837,24219,171,43,43.53,15.33,22.26,267.6,gouraud
1412,52.439,21.447,46.6,24489,102134,0,24450,13837,24219,171,43,43.53,15.33,22.26,267.6,gouraud
1413,52.461,21.527,46.5,24489,102134,0,24450,13837,24219,171,43,43.53,15.33,22.26,267.6,gouraud
1414,52.482,24.681,40.5,24489,102134,0,24450,13837,24219,171,43,43.53,15.33,22.26,267.6,gouraud
1415,52.507,21.865,45.7,24489,102134,0,24450,13837,24219,171,43,43.53,15.33,22.26,267.6,gouraud
1416,52.529,21.647,46.2,24489,102134,0,24450,13837,24219,171,43,43.53,15.33,22.26,267.6,gouraud
1417,52.551,21.890,45.7,24493,102142,0,24454,13837,24219,175,43,43.53,15.33,22.26,267.6,gouraud
1418,52.573,22.345,44.8,24493,102142,0,24454,13837,24219,175,43,43.53,15.33,22.26,267.6,gouraud
1419,52.595,29.881,33.5,24493,102142,0,24454,13837,24219,175,43,43.53,15.33,22.26,267.6,gouraud
1420,52.625,23.893,41.9,24493,102142,0,24454,13837,24219,175,43,43.53,15.33,22.26,267.6,gouraud
1421,52.649,35.537,28.1,24493,102142,0,24454,13837,24219,175,43,43.53,15.33,22.26,267.6,gouraud
1422,52.684,29.842,33.5,24493,102142,0,24454,13837,24219,175,43,43.53,15.33,22.26,267.6,gouraud
1423,52.714,24.262,41.2,24493,102142,0,24454,13837,24219,175,43,43.53,15.33,22.26,267.6,gouraud
1424,52.738,23.972,41.7,24493,102142,0,24454,13837,24219,175,43,43.53,15.33,22.26,267.6,gouraud
1425,52.762,22.699,44.1,24493,102142,0,24454,13837,24219,175,43,43.53,15.33,22.26,267.6,gouraud
1426,52.785,26.963,37.1,24493,102142,0,24454,13837,24219,175,43,43.53,15.33,22.26,267.6,gouraud
1427,52.812,24.282,41.2,24493,102142,0,24454,13837,24219,175,43,43.53,15.33,22.26,267.6,gouraud
1428,52.836,21.375,46.8,24493,102142,0,24454,13837,24219,175,43,43.53,15.33,22.26,267.6,gouraud
1429,52.858,21.215,47.1,24489,102134,0,24450,13837,24219,171,43,43.53,15.33,22.26,267.6,gouraud
1430,52.879,21.552,46.4,24489,102134,0,24450,13837,24219,171,43,43.53,15.33,22.26,267.6,gouraud
1431,52.901,24.415,41.0,24485,102126,0,24446,13837,24219,167,43,43.53,15.33,22.26,267.6,gouraud
1432,52.925,25.908,38.6,24485,102126,0,24446,13837,24219,167,43,43.53,15.33,22.26,267.6,gouraud
1433,52.951,21.155,47.3,24485,102126,0,24446,13837,24219,167,43,43.53,15.33,22.26,267.6,gouraud
1434,52.972,21.391,46.7,24485,102126,0,24446,13837,24219,167,43,43.53,15.33,22.26,267.6,gouraud
1435,52.993,21.565,46.4,24485,102126,0,24446,13837,24219,167,43,43.53,15.33,22.26,267.6,gouraud
1436,53.015,27.090,36.9,24485,102126,0,24446,13837,24219,167,43,43.53,15.33,22.26,267.6,gouraud
1437,53.042,22.008,45.4,24485,102126,0,24446,13837,24219,167,43,43.53,15.33,22.26,267.6,gouraud
1438,53.064,21.294,47.0,24485,102126,0,24446,13837,24219,167,43,43.53,15.33,22.26,267.6,gouraud
1439,53.085,22.045,45.4,24485,102126,0,24446,13837,24219,167,43,43.53,15.33,22.26,267.6,gouraud
1440,53.108,28.190,35.5,24485,102126,0,24446,13837,24219,167,43,43.53,15.33,22.26,267.6,gouraud
1441,53.136,21.968,45.5,24489,102134,0,24450,13837,24219,171,43,43.53,15.33,22.26,267.6,gouraud
1442,53.158,21.641,46.2,24489,102134,0,24450,13837,24219,171,43,43.53,15.33,22.26,267.6,gouraud
1443,53.179,22.532,44.4,24489,102134,0,24450,13837,24219,171,43,43.53,15.33,22.26,267.6,gouraud
1444,53.202,21.628,46.2,24489,102134,0,24450,13837,24219,171,43,43.53,15.33,22.26,267.6,gouraud
1445,53.224,21.288,47.0,24489,102134,0,24450,13837,24219,171,43,43.53,15.33,22.26,267.6,gouraud
1446,53.245,25.096,39.8,24489,102134,0,24450,13837,24219,171,43,43.53,15.33,22.26,267.6,gouraud
1447,53.270,21.142,47.3,24485,102126,0,24446,13837,24219,167,43,43.53,15.33,22.26,267.6,gouraud
1448,53.291,21.726,46.0,24485,102126,0,24446,13837,24219,167,43,43.53,15.33,22.26,267.6,gouraud
1449,53.313,24.406,41.0,24485,102126,0,24446,13837,24219,167,43,43.53,15.33,22.26,267.6,gouraud
1450,53.337,24.229,41.3,24485,102126,0,24446,13837,24219,167,43,43.53,15.33,22.26,267.6,gouraud
1451,53.362,22.306,44.8,24485,102126,0,24446,13837,24219,167,43,43.53,15.33,22.26,267.6,gouraud
1452,53.384,24.690,40.5,24485,102126,0,24446,13837,24219,167,43,43.53,15.33,22.26,267.6,gouraud
1453,53.409,21.060,47.5,24485,102126,0,24446,13837,24219,167,43,43.53,15.33,22.26,267.6,gouraud
1454,53.430,21.088,47.4,24485,102126,0,24446,13837,24219,167,43,43.53,15.33,22.26,267.6,gouraud
1455,53.451,21.552,46.4,24485,102126,0,24446,13837,24219,167,43,43.53,15.33,22.26,267.6,gouraud
1456,53.472,22.326,44.8,24485,102126,0,24446,13837,24219,167,43,43.53,15.33,22.26,267.6,gouraud
1457,53.495,21.388,46.8,24485,102126,0,24446,13837,24219,167,43,43.53,15.33,22.26,267.6,gouraud
1458,53.516,33.023,30.3,24489,102134,0,24450,13837,24219,171,43,43.53,15.33,22.26,267.6,gouraud
1459,53.549,38.533,26.0,24489,102134,0,24450,13837,24219,171,43,43.53,15.33,22.26,267.6,gouraud
1460,53.588,26.933,37.1,24489,102134,0,24450,13837,24219,171,43,43.53,15.33,22.26,267.6,gouraud
1461,53.614,22.881,43.7,24489,102134,0,24450,13837,24219,171,43,43.53,15.33,22.26,267.6,gouraud
1462,53.637,20.748,48.2,24493,102142,0,24454,13837,24219,175,43,43.53,15.33,22.26,267.6,gouraud
1463,53.658,20.907,47.8,24493,102142,0,24454,13837,24219,175,43,43.53,15.33,22.26,267.6,gouraud
1464,53.679,21.967,45.5,24493,102142,0,24454,13837,24219,175,43,43.53,15.33,22.26,267.6,gouraud
1465,53.701,25.660,39.0,24493,102142,0,24454,13837,24219,175,43,43.53,15.33,22.26,267.6,gouraud
1466,53.727,25.503,39.2,24493,102142,0,24454,13837,24219,175,43,43.53,15.33,22.26,267.6,gouraud
1467,53.752,21.372,46.8,24493,102142,0,24454,13837,24219,175,43,43.53,15.33,22.26,267.6,gouraud
1468,53.774,21.693,46.1,24493,102142,0,24454,13837,24219,175,43,43.53,15.33,22.26,267.6,gouraud
1469,53.795,24.456,40.9,24493,102142,0,24454,13837,24219,175,43,43.53,15.33,22.26,267.6,gouraud
1470,53.820,21.662,46.2,24493,102142,0,24454,13837,24219,175,43,43.53,15.33,22.26,267.6,gouraud
1471,53.841,21.899,45.7,24493,102142,0,24454,13837,24219,175,43,43.53,15.33,22.26,267.6,gouraud
1472,53.863,21.267,47.0,24493,102142,0,24454,13837,24219,175,43,43.53,15.33,22.26,267.6,gouraud
1473,53.885,21.247,47.1,24493,102142,0,24454,13837,24219,175,43,43.53,15.33,22.26,267.6,gouraud
1474,53.906,23.029,43.4,24493,102142,0,24454,13837,24219,175,43,43.53,15.33,22.26,267.6,gouraud
1475,53.929,24.703,40.5,24493,102142,0,24454,13837,24219,175,43,43.53,15.33,22.26,267.6,gouraud
1476,53.954,21.230,47.1,24493,102142,0,24454,13837,24219,175,43,43.53,15.33,22.26,267.6,gouraud
1477,53.975,21.339,46.9,24493,102142,0,24454,13837,24219,175,43,43.53,15.33,22.26,267.6,gouraud
1478,53.996,21.932,45.6,24493,102142,0,24454,13837,24219,175,43,43.53,15.33,22.26,267.6,gouraud
1479,54.018,22.748,44.0,24493,102142,0,24454,13837,24219,175,43,43.53,15.33,22.26,267.6,final_idle
1480,54.041,21.535,46.4,24493,102142,0,24454,13837,24219,175,43,43.53,15.33,22.26,267.6,final_idle
1481,54.063,31.204,32.0,24493,102142,0,24454,13837,24219,175,43,43.53,15.33,22.26,267.6,final_idle
1482,54.094,32.929,30.4,24493,102142,0,24454,13837,24219,175,43,43.53,15.33,22.26,267.6,final_idle
1483,54.127,31.587,31.7,24493,102142,0,24454,13837,24219,175,43,43.53,15.33,22.26,267.6,final_idle
1484,54.158,34.487,29.0,24493,102142,0,24454,13837,24219,175,43,43.53,15.33,22.26,267.6,final_idle
1485,54.193,34.025,29.4,24493,102142,0,24454,13837,24219,175,43,43.53,15.33,22.26,267.6,final_idle
1486,54.227,35.503,28.2,24497,102150,0,24458,13837,24219,179,43,43.53,15.33,22.26,267.6,final_idle
1487,54.262,66.236,15.1,24493,102142,0,24454,13837,24219,175,43,43.53,15.33,22.26,267.6,final_idle
1488,54.329,45.157,22.1,24493,102142,0,24454,13837,24219,175,43,43.53,15.33,22.26,267.6,final_idle
1489,54.374,30.837,32.4,24493,102142,0,24454,13837,24219,175,43,43.53,15.33,22.26,267.6,final_idle
1490,54.405,26.642,37.5,24493,102142,0,24454,13837,24219,175,43,43.53,15.33,22.26,267.6,final_idle
1491,54.431,32.892,30.4,24493,102142,0,24454,13837,24219,175,43,43.53,15.33,22.26,267.6,final_idle
1492,54.464,39.208,25.5,24493,102142,0,24454,13837,24219,175,43,43.53,15.33,22.26,267.6,final_idle
1493,54.503,38.221,26.2,24493,102142,0,24454,13837,24219,175,43,43.53,15.33,22.26,267.6,final_idle
1494,54.542,40.697,24.6,24493,102142,0,24454,13837,24219,175,43,43.53,15.33,22.26,267.6,final_idle
1495,54.582,39.262,25.5,24493,102142,0,24454,13837,24219,175,43,43.53,15.33,22.26,267.6,final_idle
1496,54.622,38.178,26.2,24493,102142,0,24454,13837,24219,175,43,43.53,15.33,22.26,267.6,final_idle
1497,54.660,41.506,24.1,24481,102118,0,24442,13837,24219,163,43,43.53,15.33,22.26,267.6,final_idle
1498,54.701,44.768,22.3,24481,102118,0,24442,13837,24219,163,43,43.53,15.33,22.26,267.6,final_idle
1499,54.746,51.331,19.5,24481,102118,0,24442,13837,24219,163,43,43.53,15.33,22.26,267.6,final_idle
1500,54.797,34.357,29.1,24481,102118,0,24442,13837,24219,163,43,43.53,15.33,22.26,267.6,final_idle
1501,54.832,28.255,35.4,24481,102118,0,24442,13837,24219,163,43,43.53,15.33,22.26,267.6,final_idle
1502,54.860,41.472,24.1,24481,102118,0,24442,13837,24219,163,43,43.53,15.33,22.26,267.6,final_idle
1503,54.902,41.968,23.8,24481,102118,0,24442,13837,24219,163,43,43.53,15.33,22.26,267.6,final_idle
1504,54.944,41.540,24.1,24481,102118,0,24442,13837,24219,163,43,43.53,15.33,22.26,267.6,final_idle
1505,54.985,39.752,25.2,24481,102118,0,24442,13837,24219,163,43,43.53,15.33,22.26,267.6,final_idle
1506,55.025,40.390,24.8,24485,102126,0,24446,13837,24219,167,43,43.53,15.33,22.26,267.6,final_idle
1507,55.065,39.433,25.4,24485,102126,0,24446,13837,24219,167,43,43.53,15.33,22.26,267.6,final_idle
1508,55.105,38.196,26.2,24485,102126,0,24446,13837,24219,167,43,43.53,15.33,22.26,267.6,final_idle
1509,55.143,39.204,25.5,24485,102126,0,24446,13837,24219,167,43,43.53,15.33,22.26,267.6,final_idle
1510,55.182,40.160,24.9,24485,102126,0,24446,13837,24219,167,43,43.53,15.33,22.26,267.6,final_idle
1511,55.222,40.067,25.0,24485,102126,0,24446,13837,24219,167,43,43.53,15.33,22.26,267.6,final_idle
1512,55.262,40.294,24.8,24481,102118,0,24442,13837,24219,163,43,43.53,15.33,22.26,267.6,final_idle
1513,55.303,39.601,25.3,24481,102118,0,24442,13837,24219,163,43,43.53,15.33,22.26,267.6,final_idle
1514,55.342,38.521,26.0,24481,102118,0,24442,13837,24219,163,43,43.53,15.33,22.26,267.6,final_idle
1515,55.381,41.012,24.4,24481,102118,0,24442,13837,24219,163,43,43.53,15.33,22.26,267.6,final_idle
1516,55.422,38.733,25.8,24481,102118,0,24442,13837,24219,163,43,43.53,15.33,22.26,267.6,final_idle
1517,55.461,39.057,25.6,24481,102118,0,24442,13837,24219,163,43,43.53,15.33,22.26,267.6,final_idle
1518,55.500,41.093,24.3,24485,102126,0,24446,13837,24219,167,43,43.53,15.33,22.26,267.6,final_idle
1519,55.541,38.156,26.2,24485,102126,0,24446,13837,24219,167,43,43.53,15.33,22.26,267.6,final_idle
1520,55.579,41.829,23.9,24485,102126,0,24446,13837,24219,167,43,43.53,15.33,22.26,267.6,final_idle
1521,55.621,37.985,26.3,24485,102126,0,24446,13837,24219,167,43,43.53,15.33,22.26,267.6,final_idle
1522,55.659,38.446,26.0,24485,102126,0,24446,13837,24219,167,43,43.53,15.33,22.26,267.6,final_idle
1523,55.697,40.803,24.5,24485,102126,0,24446,13837,24219,167,43,43.53,15.33,22.26,267.6,final_idle
1524,55.738,40.480,24.7,24485,102126,0,24446,13837,24219,167,43,43.53,15.33,22.26,267.6,final_idle
1525,55.779,39.169,25.5,24485,102126,0,24446,13837,24219,167,43,43.53,15.33,22.26,267.6,final_idle
1526,55.818,39.382,25.4,24485,102126,0,24446,13837,24219,167,43,43.53,15.33,22.26,267.6,final_idle
1527,55.857,40.034,25.0,24485,102126,0,24446,13837,24219,167,43,43.53,15.33,22.26,267.6,final_idle
1528,55.897,39.476,25.3,24489,102134,0,24450,13837,24219,171,43,43.53,15.33,22.26,267.6,final_idle
1529,55.937,40.461,24.7,24489,102134,0,24450,13837,24219,171,43,43.53,15.33,22.26,267.6,final_idle
1530,55.977,37.570,26.6,24489,102134,0,24450,13837,24219,171,43,43.53,15.33,22.26,267.6,final_idle
1531,56.015,36.278,27.6,24489,102134,0,24450,13837,24219,171,43,43.53,15.33,22.26,267.6,final_idle
1532,56.051,40.752,24.5,24489,102134,0,24450,13837,24219,171,43,43.53,15.33,22.26,267.6,final_idle
1533,56.092,40.213,24.9,24489,102134,0,24450,13837,24219,171,43,43.53,15.33,22.26,267.6,final_idle
1534,56.132,37.838,26.4,24489,102134,0,24450,13837,24219,171,43,43.53,15.33,22.26,267.6,final_idle
1535,56.170,38.035,26.3,24493,102142,0,24454,13837,24219,175,43,43.53,15.33,22.26,267.6,final_idle
1536,56.208,40.989,24.4,24493,102142,0,24454,13837,24219,175,43,43.53,15.33,22.26,267.6,final_idle
1537,56.249,38.833,25.8,24489,102134,0,24450,13837,24219,171,43,43.53,15.33,22.26,267.6,final_idle
1538,56.288,39.581,25.3,24489,102134,0,24450,13837,24219,171,43,43.53,15.33,22.26,267.6,final_idle
1539,56.327,40.359,24.8,24489,102134,0,24450,13837,24219,171,43,43.53,15.33,22.26,267.6,final_idle
1540,56.368,42.379,23.6,24489,102134,0,24450,13837,24219,171,43,43.53,15.33,22.26,267.6,final_idle
1541,56.410,37.841,26.4,24489,102134,0,24450,13837,24219,171,43,43.53,15.33,22.26,267.6,final_idle
1542,56.448,39.712,25.2,24489,102134,0,24450,13837,24219,171,43,43.53,15.33,22.26,267.6,final_idle
1543,56.488,40.252,24.8,24489,102134,0,24450,13837,24219,171,43,43.53,15.33,22.26,267.6,final_idle
1544,56.528,38.365,26.1,24489,102134,0,24450,13837,24219,171,43,43.53,15.33,22.26,267.6,final_idle
1545,56.566,38.987,25.6,24489,102134,0,24450,13837,24219,171,43,43.53,15.33,22.26,267.6,final_idle
1546,56.605,37.092,27.0,24489,102134,0,24450,13837,24219,171,43,43.53,15.33,22.26,267.6,final_idle
1547,56.642,44.898,22.3,24489,102134,0,24450,13837,24219,171,43,43.53,15.33,22.26,267.6,final_idle
1548,56.687,35.341,28.3,24489,102134,0,24450,13837,24219,171,43,43.53,15.33,22.26,267.6,final_idle
1549,56.723,46.094,21.7,24489,102134,0,24450,13837,24219,171,43,43.53,15.33,22.26,267.6,final_idle
1550,56.769,40.106,24.9,24489,102134,0,24450,13837,24219,171,43,43.53,15.33,22.26,267.6,final_idle
1551,56.809,40.457,24.7,24489,102134,0,24450,13837,24219,171,43,43.53,15.33,22.26,267.6,final_idle
1552,56.849,41.658,24.0,24493,102142,0,24454,13837,24219,175,43,43.53,15.33,22.26,267.6,final_idle
1553,56.891,37.841,26.4,24493,102142,0,24454,13837,24219,175,43,43.53,15.33,22.26,267.6,final_idle
1554,56.929,41.180,24.3,24493,102142,0,24454,13837,24219,175,43,43.53,15.33,22.26,267.6,final_idle
1555,56.970,38.331,26.1,24493,102142,0,24454,13837,24219,175,43,43.53,15.33,22.26,267.6,final_idle
1556,57.009,39.350,25.4,24493,102142,0,24454,13837,24219,175,43,43.53,15.33,22.26,267.6,final_idle
1557,57.048,39.281,25.5,24493,102142,0,24454,13837,24219,175,43,43.53,15.33,22.26,267.6,final_idle
1558,57.087,41.042,24.4,24493,102142,0,24454,13837,24219,175,43,43.53,15.33,22.26,267.6,final_idle
1559,57.128,38.099,26.2,24493,102142,0,24454,13837,24219,175,43,43.53,15.33,22.26,267.6,final_idle
1560,57.166,39.171,25.5,24493,102142,0,24454,13837,24219,175,43,43.53,15.33,22.26,267.6,final_idle
1561,57.206,39.532,25.3,24493,102142,0,24454,13837,24219,175,43,43.53,15.33,22.26,267.6,final_idle
1562,57.245,39.985,25.0,24493,102142,0,24454,13837,24219,175,43,43.53,15.33,22.26,267.6,final_idle
1563,57.285,41.176,24.3,24493,102142,0,24454,13837,24219,175,43,43.53,15.33,22.26,267.6,final_idle
1564,57.326,40.409,24.7,24493,102142,0,24454,13837,24219,175,43,43.53,15.33,22.26,267.6,final_idle
1565,57.367,39.761,25.2,24497,102150,0,24458,13837,24219,179,43,43.53,15.33,22.26,267.6,final_idle
1566,57.407,39.570,25.3,24497,102150,0,24458,13837,24219,179,43,43.53,15.33,22.26,267.6,final_idle
1567,57.446,38.646,25.9,24497,102150,0,24458,13837,24219,179,43,43.53,15.33,22.26,267.6,final_idle
1568,57.485,41.820,23.9,24497,102150,0,24458,13837,24219,179,43,43.53,15.33,22.26,267.6,final_idle
1569,57.527,38.172,26.2,24497,102150,0,24458,13837,24219,179,43,43.53,15.33,22.26,267.6,final_idle
1570,57.565,39.168,25.5,24497,102150,0,24458,13837,24219,179,43,43.53,15.33,22.26,267.6,final_idle
1571,57.604,46.365,21.6,24497,102150,0,24458,13837,24219,179,43,43.53,15.33,22.26,267.6,final_idle
1572,57.650,43.434,23.0,24497,102150,0,24458,13837,24219,179,43,43.53,15.33,22.26,267.6,final_idle
1573,57.694,59.164,16.9,24497,102150,0,24458,13837,24219,179,43,43.53,15.33,22.26,267.6,final_idle
1574,57.753,72.819,13.7,24493,102142,0,24454,13837,24219,175,43,43.53,15.33,22.26,267.6,final_idle
1575,57.826,40.313,24.8,24493,102142,0,24454,13837,24219,175,43,43.53,15.33,22.26,267.6,final_idle
1576,57.866,36.987,27.0,24485,102126,0,24446,13837,24219,167,43,43.53,15.33,22.26,267.6,final_idle
1577,57.903,58.092,17.2,24485,102126,0,24446,13837,24219,167,43,43.53,15.33,22.26,267.6,final_idle
1578,57.961,60.377,16.6,24485,102126,0,24446,13837,24219,167,43,43.53,15.33,22.26,267.6,final_idle
1579,58.022,57.847,17.3,24485,102126,0,24446,13837,24219,167,43,43.53,15.33,22.26,267.6,final_idle
1580,58.080,57.691,17.3,24481,102118,0,24442,13837,24219,163,43,43.53,15.33,22.26,267.6,final_idle
1581,58.137,60.133,16.6,24485,102126,0,24446,13837,24219,167,43,43.53,15.33,22.26,267.6,final_idle
1582,58.197,65.486,15.3,24485,102126,0,24446,13837,24219,167,43,43.53,15.33,22.26,267.6,final_idle
1583,58.263,62.057,16.1,24485,102126,0,24446,13837,24219,167,43,43.53,15.33,22.26,267.6,final_idle
1584,58.325,64.011,15.6,24485,102126,0,24446,13837,24219,167,43,43.53,15.33,22.26,267.6,final_idle
1585,58.389,64.236,15.6,24485,102126,0,24446,13837,24219,167,43,43.53,15.33,22.26,267.6,final_idle
1586,58.453,65.580,15.2,24481,102118,0,24442,13837,24219,163,43,43.53,15.33,22.26,267.6,final_idle
1587,58.519,63.590,15.7,24481,102118,0,24442,13837,24219,163,43,43.53,15.33,22.26,267.6,final_idle
1588,58.582,61.674,16.2,24481,102118,0,24442,13837,24219,163,43,43.53,15.33,22.26,267.6,final_idle
1589,58.644,64.230,15.6,24481,102118,0,24442,13837,24219,163,43,43.53,15.33,22.26,267.6,final_idle
1590,58.708,60.404,16.6,24481,102118,0,24442,13837,24219,163,43,43.53,15.33,22.26,267.6,final_idle
1591,58.769,70.228,14.2,24481,102118,0,24442,13837,24219,163,43,43.53,15.33,22.26,267.6,final_idle
1592,58.839,67.821,14.7,24485,102126,0,24446,13837,24219,167,43,43.53,15.33,22.26,267.6,final_idle
1593,58.907,69.145,14.5,24485,102126,0,24446,13837,24219,167,43,43.53,15.33,22.26,267.6,final_idle
1594,58.976,60.811,16.4,24485,102126,0,24446,13837,24219,167,43,43.53,15.33,22.26,267.6,final_idle
1595,59.037,64.147,15.6,24485,102126,0,24446,13837,24219,167,43,43.53,15.33,22.26,267.6,final_idle
1596,59.101,62.826,15.9,24485,102126,0,24446,13837,24219,167,43,43.53,15.33,22.26,267.6,final_idle
1597,59.164,70.964,14.1,24485,102126,0,24446,13837,24219,167,43,43.53,15.33,22.26,267.6,final_idle
1598,59.235,68.328,14.6,24489,102134,0,24450,13837,24219,171,43,43.53,15.33,22.26,267.6,final_idle
1599,59.303,69.566,14.4,24489,102134,0,24450,13837,24219,171,43,43.53,15.33,22.26,267.6,final_idle
1600,59.373,71.069,14.1,24489,102134,0,24450,13837,24219,171,43,43.53,15.33,22.26,267.6,final_idle
1601,59.444,69.168,14.5,24489,102134,0,24450,13837,24219,171,43,43.53,15.33,22.26,267.6,final_idle
1602,59.513,67.781,14.8,24489,102134,0,24450,13837,24219,171,43,43.53,15.33,22.26,267.6,final_idle
1603,59.581,68.048,14.7,24489,102134,0,24450,13837,24219,171,43,43.53,15.33,22.26,267.6,final_idle
1604,59.649,65.852,15.2,24485,102126,0,24446,13837,24219,167,43,43.53,15.33,22.26,267.6,final_idle
1605,59.715,74.694,13.4,24485,102126,0,24446,13837,24219,167,43,43.53,15.33,22.26,267.6,final_idle
1606,59.790,68.157,14.7,24485,102126,0,24446,13837,24219,167,43,43.53,15.33,22.26,267.6,final_idle
1607,59.858,74.369,13.4,24481,102118,0,24442,13837,24219,163,43,43.53,15.33,22.26,267.6,final_idle
1608,59.932,72.284,13.8,24481,102118,0,24442,13837,24219,163,43,43.53,15.33,22.26,267.6,final_idle
1609,60.005,68.611,14.6,24481,102118,0,24442,13837,24219,163,43,43.53,15.33,22.26,267.6,final_idle
